<?xml version="1.0" encoding="UTF-8"?><file><id>urn:lsid:ibm.com:td:ef396717-15b2-4250-ada5-91ea4e6ad43a</id><title><content>image work and fun.jpg</content><type>text</type><src></src></title><links><href>https://preview.hclconnections.net/files/basic/api/library/82b50850-a665-475f-8d97-9fc9143d608e/document/ef396717-15b2-4250-ada5-91ea4e6ad43a/entry</href><rel>self</rel><type></type><title></title></links><links><href><![CDATA[https://preview.hclconnections.net/communities/service/html/communityview?communityUuid=b9c878e9-2736-4e1f-8a65-208a5a4c1f4f#fullpageWidgetId=W60d613672569_46a7_8675_d88e5751e20a&file=ef396717-15b2-4250-ada5-91ea4e6ad43a]]></href><rel>alternate</rel><type>text/html</type><title></title></links><links><href>https://preview.hclconnections.net/files/basic/api/library/82b50850-a665-475f-8d97-9fc9143d608e/document/ef396717-15b2-4250-ada5-91ea4e6ad43a/entry</href><rel>edit</rel><type></type><title></title></links><links><href>https://preview.hclconnections.net/files/basic/api/library/82b50850-a665-475f-8d97-9fc9143d608e/document/ef396717-15b2-4250-ada5-91ea4e6ad43a/media</href><rel>edit-media</rel><type></type><title></title></links><links><href>https://preview.hclconnections.net/files/basic/anonymous/api/library/82b50850-a665-475f-8d97-9fc9143d608e/document/ef396717-15b2-4250-ada5-91ea4e6ad43a/media/image%20work%20and%20fun.jpg</href><rel>enclosure</rel><type>image/jpeg</type><title>image work and fun.jpg</title></links><links><href>https://preview.hclconnections.net/files/basic/anonymous/api/library/82b50850-a665-475f-8d97-9fc9143d608e/document/ef396717-15b2-4250-ada5-91ea4e6ad43a/thumbnail?renditionKind=mediumview</href><rel>thumbnail</rel><type></type><title></title></links><links><href>https://preview.hclconnections.net/files/basic/api/library/82b50850-a665-475f-8d97-9fc9143d608e/document/ef396717-15b2-4250-ada5-91ea4e6ad43a/feed</href><rel>replies</rel><type>application/atom+xml</type><title></title></links><category><label>document</label><scheme>tag:ibm.com,2006:td/type</scheme><term>document</term></category><uuid>ef396717-15b2-4250-ada5-91ea4e6ad43a</uuid><parentUuid xmlns:xsi="http://www.w3.org/2001/XMLSchema-instance" xsi:nil="true"></parentUuid><containerUuid xmlns:xsi="http://www.w3.org/2001/XMLSchema-instance" xsi:nil="true"></containerUuid><added>-1</added><created>1607557010041</created><published>1607557010041</published><updated>1607557100458</updated><modified>1607557010041</modified><author><email>jjones1@cxn.pnp-hcl.com</email><name>Joe Jones1</name><userId>79ebc498-70dd-103a-93be-8d3917e85f22</userId><userState>active</userState><role></role><external>false</external><guid></guid></author><modifier><email>jjones1@cxn.pnp-hcl.com</email><name>Joe Jones1</name><userId>79ebc498-70dd-103a-93be-8d3917e85f22</userId><userState>active</userState><role></role><external>false</external><guid></guid></modifier><label>image work and fun.jpg</label><libraryId>82b50850-a665-475f-8d97-9fc9143d608e</libraryId><libraryType>communityFiles</libraryType><documentUuid></documentUuid><versionUuid>8909b8b1-364b-4c81-a73c-642ec5c391df</versionUuid><versionLabel>1</versionLabel><summary><content></content><type>text</type><src></src></summary><sharePermission></sharePermission><objectTypeName>snx:file</objectTypeName><propagation>false</propagation><ranks><count>0</count><scheme>http://www.ibm.com/xmlns/prod/sn/recommendations</scheme></ranks><ranks><count>0</count><scheme>http://www.ibm.com/xmlns/prod/sn/comment</scheme></ranks><ranks><count>0</count><scheme>http://www.ibm.com/xmlns/prod/sn/share</scheme></ranks><ranks><count>1</count><scheme>http://www.ibm.com/xmlns/prod/sn/collections</scheme></ranks><ranks><count>3</count><scheme>http://www.ibm.com/xmlns/prod/sn/attachments</scheme></ranks><ranks><count>1</count><scheme>http://www.ibm.com/xmlns/prod/sn/versions</scheme></ranks><ranks><count>0</count><scheme>http://www.ibm.com/xmlns/prod/sn/references</scheme></ranks><ranks><count>1</count><scheme>http://www.ibm.com/xmlns/prod/sn/hit</scheme></ranks><ranks><count>0</count><scheme>http://www.ibm.com/xmlns/prod/sn/anonymous_hit</scheme></ranks><fileInFolder>false</fileInFolder><totalMediaSize>319479</totalMediaSize><content><content></content><type>image/jpeg</type><src>https://preview.hclconnections.net/files/basic/api/library/82b50850-a665-475f-8d97-9fc9143d608e/document/ef396717-15b2-4250-ada5-91ea4e6ad43a/media</src></content><restrictedVisibility>false</restrictedVisibility><lock>NONE</lock><external>false</external><visibility></visibility><isDeleted>false</isDeleted><deletedWhen>0</deletedWhen><icVersion>0</icVersion></file>