<?xml version="1.0" encoding="UTF-8"?><folder><id>urn:lsid:ibm.com:td:82b50850-a665-475f-8d97-9fc9143d608e</id><title><content>mikiworknfun</content><type>text</type><src></src></title><links><href>https://preview.hclconnections.net/files/basic/api/library/82b50850-a665-475f-8d97-9fc9143d608e/entry</href><rel>self</rel><type></type><title></title></links><links><href>https://preview.hclconnections.net/communities/service/html/communityview?communityUuid=b9c878e9-2736-4e1f-8a65-208a5a4c1f4f#fullpageWidgetId=W60d613672569_46a7_8675_d88e5751e20a</href><rel>alternate</rel><type>text/html</type><title></title></links><links><href>https://preview.hclconnections.net/files/basic/api/library/82b50850-a665-475f-8d97-9fc9143d608e/entry</href><rel>edit</rel><type></type><title></title></links><links><href>https://preview.hclconnections.net/files/basic/api/library/82b50850-a665-475f-8d97-9fc9143d608e/feed</href><rel>files</rel><type></type><title></title></links><links><href>https://preview.hclconnections.net/communities/service/atom/community/instance?communityUuid=b9c878e9-2736-4e1f-8a65-208a5a4c1f4f</href><rel>http://www.ibm.com/xmlns/prod/sn/container</rel><type>application/atom+xml</type><title></title></links><category><label>communityFiles</label><scheme>tag:ibm.com,2006:td/type</scheme><term>communityFiles</term></category><uuid>82b50850-a665-475f-8d97-9fc9143d608e</uuid><containerUuid xmlns:xsi="http://www.w3.org/2001/XMLSchema-instance" xsi:nil="true"></containerUuid><created>1607557002584</created><published>1607557002584</published><updated>1607557024997</updated><modified>1607557024997</modified><author><email></email><name>System User</name><userId>00000000-0000-0000-0000-000000000000</userId><userState></userState><role></role><external>false</external><guid></guid></author><modifier><email>jjones123@cxn.pnp-hcl.com</email><name>Joe Jones123</name><userId>7a280566-70dd-103a-9438-8d3917e85f22</userId><userState>active</userState><role></role><external>false</external><guid></guid></modifier><label>W60d613672569_46a7_8675_d88e5751e20a</label><summary><content> </content><type>text</type><src></src></summary><visibility></visibility><type></type><externalContainerId>b9c878e9-2736-4e1f-8a65-208a5a4c1f4f</externalContainerId><externalInstanceId>W60d613672569_46a7_8675_d88e5751e20a</externalInstanceId><communityUuid>b9c878e9-2736-4e1f-8a65-208a5a4c1f4f</communityUuid><content><content></content><type>application/atom+xml</type><src>https://preview.hclconnections.net/files/basic/api/library/82b50850-a665-475f-8d97-9fc9143d608e/feed</src></content><external>false</external><allowSetFavorite></allowSetFavorite><allowFollowing></allowFollowing><libraryQuota>524288000</libraryQuota><hierarchy><uuid>b9c878e9-2736-4e1f-8a65-208a5a4c1f4f</uuid><fileHierarchy><label>stock-photo-millennial-multiracial-team-people-having-fun-riding-on-chairs-in-office-room-excited-diverse-1075420673.jpg</label><uuid>ade3995a-6e54-43ee-b366-ea0f330fbe90</uuid></fileHierarchy><fileHierarchy><label>stock-photo-young-woman-practicing-yoga-outdoors-harmony-and-meditation-concept-healthy-lifestyle-721857268.jpg</label><uuid>2ced87b6-2ed8-4aa0-b191-a66e3173ca76</uuid></fileHierarchy><fileHierarchy><label>header.jpg</label><uuid>fd6b45da-5536-4215-919e-f2600b08602a</uuid></fileHierarchy><fileHierarchy><label>header2.jpg</label><uuid>da2e2fb5-25d0-461f-a7e3-c4d052da4fad</uuid></fileHierarchy><fileHierarchy><label>stock-photo-pretty-young-man-playing-guitar-while-sitting-on-sofa-in-light-living-room-624050966.jpg</label><uuid>8dcc7ed3-c31f-4b0b-8d17-fd3702a1d3fa</uuid></fileHierarchy><fileHierarchy><label>image work and fun.jpg</label><uuid>ef396717-15b2-4250-ada5-91ea4e6ad43a</uuid></fileHierarchy></hierarchy><icVersion>60</icVersion></folder>