<?xml version="1.0" encoding="UTF-8"?><forum><author><email>jjones1@cxn.pnp-hcl.com</email><name>Joe Jones1</name><userId>79ebc498-70dd-103a-93be-8d3917e85f22</userId><userState>active</userState><role></role><external>false</external><guid></guid></author><contributor><email>jjones1@cxn.pnp-hcl.com</email><name>Joe Jones1</name><userId>79ebc498-70dd-103a-93be-8d3917e85f22</userId><userState>active</userState><role></role><external>false</external><guid></guid></contributor><category><label></label><scheme>http://www.ibm.com/xmlns/prod/sn/type</scheme><term>forum-forum</term></category><content><content></content><type>text</type><src></src></content><id>d51a8af8-953a-47e1-987f-34d2afabc4c8</id><uuid>d51a8af8-953a-47e1-987f-34d2afabc4c8</uuid><parentUuid xmlns:xsi="http://www.w3.org/2001/XMLSchema-instance" xsi:nil="true"></parentUuid><links><href>https://preview.hclconnections.net/forums/atom/forum?forumUuid=d51a8af8-953a-47e1-987f-34d2afabc4c8</href><rel>self</rel><type>application/atom+xml</type><title></title></links><links><href>https://preview.hclconnections.net/forums/atom/forum?forumUuid=d51a8af8-953a-47e1-987f-34d2afabc4c8</href><rel>edit</rel><type>application/atom+xml</type><title></title></links><links><href>https://preview.hclconnections.net/forums/html/forum?id=d51a8af8-953a-47e1-987f-34d2afabc4c8</href><rel>alternate</rel><type>text/html</type><title></title></links><links><href>https://preview.hclconnections.net/forums/atom/topics?forumUuid=d51a8af8-953a-47e1-987f-34d2afabc4c8</href><rel>replies</rel><type>application/atom+xml</type><title></title></links><links><href>https://preview.hclconnections.net/forums/atom/acl?forumUuid=d51a8af8-953a-47e1-987f-34d2afabc4c8</href><rel>http://www.ibm.com/xmlns/prod/sn/member-list</rel><type>application/atom+xml</type><title></title></links><links><href>https://preview.hclconnections.net/forums/atom/service?forumUuid=d51a8af8-953a-47e1-987f-34d2afabc4c8</href><rel>service</rel><type>application/atomsvc+xml</type><title>Atom Publishing Protocol</title></links><links><href>http://preview.hclconnections.net/communities/service/atom/community/instance?communityUuid=b9c878e9-2736-4e1f-8a65-208a5a4c1f4f</href><rel>http://www.ibm.com/xmlns/prod/sn/container</rel><type>application/atom+xml</type><title></title></links><published>1607557010041</published><title><content>Template</content><type>text</type><src></src></title><updated>1607557010041</updated><topics><author><email>jjones1@cxn.pnp-hcl.com</email><name>Joe Jones1</name><userId>79ebc498-70dd-103a-93be-8d3917e85f22</userId><userState>active</userState><role></role><external>false</external><guid></guid></author><category><label></label><scheme>http://www.ibm.com/xmlns/prod/sn/type</scheme><term>forum-topic</term></category><content><content><![CDATA[
    This is test topic <br />
     <br />
     This is test topic <br />
     <br />
     <br />
     <br />
     This is test topic <br />
     <br />
     This is test topic <br />
     <br />
     <br />]]></content><type>html</type><src></src></content><id>urn:lsid:ibm.com:forum:4b232c59-e6de-4677-8163-980820aeb7f5</id><uuid>4b232c59-e6de-4677-8163-980820aeb7f5</uuid><parentUuid>d51a8af8-953a-47e1-987f-34d2afabc4c8</parentUuid><links><href>https://preview.hclconnections.net/forums/atom/recommendation/entries?postUuid=4b232c59-e6de-4677-8163-980820aeb7f5</href><rel>recommendations</rel><type>application/atom+xml</type><title></title></links><links><href>https://preview.hclconnections.net/forums/atom/topic?topicUuid=4b232c59-e6de-4677-8163-980820aeb7f5</href><rel>self</rel><type>application/atom+xml</type><title></title></links><links><href>https://preview.hclconnections.net/forums/atom/topic?topicUuid=4b232c59-e6de-4677-8163-980820aeb7f5</href><rel>edit</rel><type>application/atom+xml</type><title></title></links><links><href>https://preview.hclconnections.net/forums/html/topic?id=4b232c59-e6de-4677-8163-980820aeb7f5</href><rel>alternate</rel><type>text/html</type><title></title></links><links><href>https://preview.hclconnections.net/forums/atom/replies?topicUuid=4b232c59-e6de-4677-8163-980820aeb7f5</href><rel>replies</rel><type>application/atom+xml</type><title></title></links><links><href>http://preview.hclconnections.net/communities/service/atom/community/instance?communityUuid=b9c878e9-2736-4e1f-8a65-208a5a4c1f4f</href><rel>http://www.ibm.com/xmlns/prod/sn/container</rel><type>application/atom+xml</type><title></title></links><published>1600051488712</published><title><content>Test topic</content><type>text</type><src></src></title><updated>1607557010041</updated><containerUuid>d51a8af8-953a-47e1-987f-34d2afabc4c8</containerUuid><locked xmlns:xsi="http://www.w3.org/2001/XMLSchema-instance" xsi:nil="true"></locked><pinned xmlns:xsi="http://www.w3.org/2001/XMLSchema-instance" xsi:nil="true"></pinned><question xmlns:xsi="http://www.w3.org/2001/XMLSchema-instance" xsi:nil="true"></question><NotRecommendedByCurrentUser><label></label><scheme>http://www.ibm.com/xmlns/prod/sn/flags</scheme><term>NotRecommendedByCurrentUser</term></NotRecommendedByCurrentUser><answered xmlns:xsi="http://www.w3.org/2001/XMLSchema-instance" xsi:nil="true"></answered></topics><communityUuid>b9c878e9-2736-4e1f-8a65-208a5a4c1f4f</communityUuid><icVersion>60</icVersion><state>active</state></forum>