<?xml version="1.0" encoding="UTF-8"?><file><id>urn:lsid:ibm.com:td:21a6fb93-819c-442d-b294-f8c8edbed4d3</id><title><content>img2.png</content><type>text</type><src></src></title><links><href>https://preview.hclconnections.net/files/basic/api/library/57dd2611-9b38-4c2a-9e85-b605e856442b/document/21a6fb93-819c-442d-b294-f8c8edbed4d3/entry</href><rel>self</rel><type></type><title></title></links><links><href><![CDATA[https://preview.hclconnections.net/communities/service/html/communityview?communityUuid=868aeec2-525d-41a3-9c58-5f49b841c3c7#fullpageWidgetId=W402cd2ffd42b_4bbb_9ccb_6c0f4862fc80&file=21a6fb93-819c-442d-b294-f8c8edbed4d3]]></href><rel>alternate</rel><type>text/html</type><title></title></links><links><href>https://preview.hclconnections.net/files/basic/api/library/57dd2611-9b38-4c2a-9e85-b605e856442b/document/21a6fb93-819c-442d-b294-f8c8edbed4d3/entry</href><rel>edit</rel><type></type><title></title></links><links><href>https://preview.hclconnections.net/files/basic/api/library/57dd2611-9b38-4c2a-9e85-b605e856442b/document/21a6fb93-819c-442d-b294-f8c8edbed4d3/media</href><rel>edit-media</rel><type></type><title></title></links><links><href>https://preview.hclconnections.net/files/basic/anonymous/api/library/57dd2611-9b38-4c2a-9e85-b605e856442b/document/21a6fb93-819c-442d-b294-f8c8edbed4d3/media/img2.png</href><rel>enclosure</rel><type>image/png</type><title>img2.png</title></links><links><href>https://preview.hclconnections.net/files/basic/anonymous/api/library/57dd2611-9b38-4c2a-9e85-b605e856442b/document/21a6fb93-819c-442d-b294-f8c8edbed4d3/thumbnail?renditionKind=mediumview</href><rel>thumbnail</rel><type></type><title></title></links><links><href>https://preview.hclconnections.net/files/basic/api/library/57dd2611-9b38-4c2a-9e85-b605e856442b/document/21a6fb93-819c-442d-b294-f8c8edbed4d3/feed</href><rel>replies</rel><type>application/atom+xml</type><title></title></links><category><label>document</label><scheme>tag:ibm.com,2006:td/type</scheme><term>document</term></category><uuid>21a6fb93-819c-442d-b294-f8c8edbed4d3</uuid><parentUuid xmlns:xsi="http://www.w3.org/2001/XMLSchema-instance" xsi:nil="true"></parentUuid><containerUuid xmlns:xsi="http://www.w3.org/2001/XMLSchema-instance" xsi:nil="true"></containerUuid><added>-1</added><created>1599485234115</created><published>1599485234115</published><updated>1607639516035</updated><modified>1599485234115</modified><author><email>jjones1@cxn.pnp-hcl.com</email><name>Joe Jones1</name><userId>79ebc498-70dd-103a-93be-8d3917e85f22</userId><userState>active</userState><role></role><external>false</external><guid></guid></author><modifier><email>jjones1@cxn.pnp-hcl.com</email><name>Joe Jones1</name><userId>79ebc498-70dd-103a-93be-8d3917e85f22</userId><userState>active</userState><role></role><external>false</external><guid></guid></modifier><label>img2.png</label><libraryId>57dd2611-9b38-4c2a-9e85-b605e856442b</libraryId><libraryType>communityFiles</libraryType><documentUuid></documentUuid><versionUuid>6b4a64f9-3c5b-46cf-9b10-5a9e07222b4d</versionUuid><versionLabel>1</versionLabel><summary><content></content><type>text</type><src></src></summary><sharePermission></sharePermission><objectTypeName>snx:file</objectTypeName><propagation>false</propagation><ranks><count>0</count><scheme>http://www.ibm.com/xmlns/prod/sn/recommendations</scheme></ranks><ranks><count>0</count><scheme>http://www.ibm.com/xmlns/prod/sn/comment</scheme></ranks><ranks><count>0</count><scheme>http://www.ibm.com/xmlns/prod/sn/share</scheme></ranks><ranks><count>1</count><scheme>http://www.ibm.com/xmlns/prod/sn/collections</scheme></ranks><ranks><count>3</count><scheme>http://www.ibm.com/xmlns/prod/sn/attachments</scheme></ranks><ranks><count>1</count><scheme>http://www.ibm.com/xmlns/prod/sn/versions</scheme></ranks><ranks><count>0</count><scheme>http://www.ibm.com/xmlns/prod/sn/references</scheme></ranks><ranks><count>23</count><scheme>http://www.ibm.com/xmlns/prod/sn/hit</scheme></ranks><ranks><count>0</count><scheme>http://www.ibm.com/xmlns/prod/sn/anonymous_hit</scheme></ranks><fileInFolder>false</fileInFolder><totalMediaSize>635463</totalMediaSize><content><content></content><type>image/png</type><src>https://preview.hclconnections.net/files/basic/api/library/57dd2611-9b38-4c2a-9e85-b605e856442b/document/21a6fb93-819c-442d-b294-f8c8edbed4d3/media</src></content><restrictedVisibility>false</restrictedVisibility><lock>NONE</lock><external>false</external><visibility></visibility><isDeleted>false</isDeleted><deletedWhen>0</deletedWhen><icVersion>0</icVersion></file>