<?xml version="1.0" encoding="UTF-8"?><folder><id>urn:lsid:ibm.com:td:57dd2611-9b38-4c2a-9e85-b605e856442b</id><title><content>MaxService Community</content><type>text</type><src></src></title><links><href>https://preview.hclconnections.net/files/basic/api/library/57dd2611-9b38-4c2a-9e85-b605e856442b/entry</href><rel>self</rel><type></type><title></title></links><links><href>https://preview.hclconnections.net/communities/service/html/communityview?communityUuid=868aeec2-525d-41a3-9c58-5f49b841c3c7#fullpageWidgetId=W402cd2ffd42b_4bbb_9ccb_6c0f4862fc80</href><rel>alternate</rel><type>text/html</type><title></title></links><links><href>https://preview.hclconnections.net/files/basic/api/library/57dd2611-9b38-4c2a-9e85-b605e856442b/entry</href><rel>edit</rel><type></type><title></title></links><links><href>https://preview.hclconnections.net/files/basic/api/library/57dd2611-9b38-4c2a-9e85-b605e856442b/feed</href><rel>files</rel><type></type><title></title></links><links><href>https://preview.hclconnections.net/communities/service/atom/community/instance?communityUuid=868aeec2-525d-41a3-9c58-5f49b841c3c7</href><rel>http://www.ibm.com/xmlns/prod/sn/container</rel><type>application/atom+xml</type><title></title></links><category><label>communityFiles</label><scheme>tag:ibm.com,2006:td/type</scheme><term>communityFiles</term></category><uuid>57dd2611-9b38-4c2a-9e85-b605e856442b</uuid><containerUuid xmlns:xsi="http://www.w3.org/2001/XMLSchema-instance" xsi:nil="true"></containerUuid><created>1599423703252</created><published>1599423703252</published><updated>1607414212136</updated><modified>1607414212136</modified><author><email></email><name>System User</name><userId>00000000-0000-0000-0000-000000000000</userId><userState></userState><role></role><external>false</external><guid></guid></author><modifier><email>jjones1@cxn.pnp-hcl.com</email><name>Joe Jones1</name><userId>79ebc498-70dd-103a-93be-8d3917e85f22</userId><userState>active</userState><role></role><external>false</external><guid></guid></modifier><label>W402cd2ffd42b_4bbb_9ccb_6c0f4862fc80</label><summary><content>It is a long established fact that a reader will be distracted by the readable content of a page when looking at its layout. The point of using Lorem Ipsum is that it has a more-or-less normal distribution of letters, as opposed to using 'Content here, content here', making it look like readable English.</content><type>text</type><src></src></summary><visibility></visibility><type></type><externalContainerId>868aeec2-525d-41a3-9c58-5f49b841c3c7</externalContainerId><externalInstanceId>W402cd2ffd42b_4bbb_9ccb_6c0f4862fc80</externalInstanceId><communityUuid>868aeec2-525d-41a3-9c58-5f49b841c3c7</communityUuid><content><content></content><type>application/atom+xml</type><src>https://preview.hclconnections.net/files/basic/api/library/57dd2611-9b38-4c2a-9e85-b605e856442b/feed</src></content><external>false</external><allowSetFavorite></allowSetFavorite><allowFollowing></allowFollowing><libraryQuota>524288000</libraryQuota><hierarchy><uuid>868aeec2-525d-41a3-9c58-5f49b841c3c7</uuid><fileHierarchy><label>IMG-20191104-WA0008.jpg</label><uuid>dd610fbe-9062-43d1-8b3a-aa340ae6aea4</uuid></fileHierarchy><fileHierarchy><label>img2.png</label><uuid>21a6fb93-819c-442d-b294-f8c8edbed4d3</uuid></fileHierarchy><fileHierarchy><label>HCL-CEC.pdf</label><uuid>1fb02e74-0146-4aea-aea9-986c6251fe70</uuid></fileHierarchy></hierarchy><icVersion>60</icVersion></folder>