<?xml version="1.0" encoding="UTF-8"?><blogEntry><id>urn:lsid:ibm.com:blogs:entry-3aa4042a-bb52-4f67-ba8e-9ae1400db713</id><uuid>3aa4042a-bb52-4f67-ba8e-9ae1400db713</uuid><parentUuid>7280b5a7-54cc-403d-8185-d31c54f79a93</parentUuid><containerUuid>7280b5a7-54cc-403d-8185-d31c54f79a93</containerUuid><links><href>https://preview.hclconnections.net:443/blogs/2d28ffae-2a89-4488-9567-52774a5c9b18/api/entries/3aa4042a-bb52-4f67-ba8e-9ae1400db713</href><rel>edit</rel><type>application/atom+xml</type><title></title></links><links><href>https://preview.hclconnections.net/blogs/2d28ffae-2a89-4488-9567-52774a5c9b18/entry/test_blog_ideas</href><rel>alternate</rel><type>text/html</type><title></title></links><links><href>https://preview.hclconnections.net:443/blogs/2d28ffae-2a89-4488-9567-52774a5c9b18/feed/entrycomments/test_blog_ideas/atom</href><rel>replies</rel><type>application/atom+xml</type><title></title></links><collections><href>https://preview.hclconnections.net:443/blogs/2d28ffae-2a89-4488-9567-52774a5c9b18/api/recommend/entries/3aa4042a-bb52-4f67-ba8e-9ae1400db713</href><title>Likes</title><accept></accept><categories><label></label><scheme>http://www.ibm.com/xmlns/prod/sn/collection</scheme><term>recommend</term></categories><fixed>yes</fixed></collections><collections><href>https://preview.hclconnections.net:443/blogs/2d28ffae-2a89-4488-9567-52774a5c9b18/api/entrycomments/3aa4042a-bb52-4f67-ba8e-9ae1400db713</href><title>Comment Entries</title><accept>application/atom+xml;type=entry</accept><categories><label></label><scheme>http://www.ibm.com/xmlns/prod/sn/collection</scheme><term>comments</term></categories><fixed>yes</fixed></collections><title><content>test-blog ideas</content><type>text</type><src></src></title><summary><content><![CDATA[
<div class="header" dir="ltr">
<h1>Masonary layout with css Flexbox</h1>
</div>


<div class="row" dir="ltr">
<div class="column"><img src="http://www.tooplate.com/templates/2094_mason/img/gallery-img-23-01.jpg" /> <img src="http://www.tooplate.com/tem...]]></content><type>html</type><src></src></summary><content><content><![CDATA[
<div class="header" dir="ltr">
<h1>Masonary layout with css Flexbox</h1>
</div>


<div class="row" dir="ltr">
<div class="column"><img src="http://www.tooplate.com/templates/2094_mason/img/gallery-img-23-01.jpg" /> <img src="http://www.tooplate.com/templates/2094_mason/img/gallery-img-11-03.jpg" /> <img src="http://www.tooplate.com/templates/2094_mason/img/gallery-img-11-04.jpg" /> <img src="http://www.tooplate.com/templates/2094_mason/img/gallery-img-11-06.jpg" /> <img src="http://www.tooplate.com/templates/2094_mason/img/gallery-img-11-07.jpg" /></div>

<div class="column"><img src="http://www.tooplate.com/templates/2094_mason/img/gallery-img-11-01.jpg" /> <img src="http://www.tooplate.com/templates/2094_mason/img/gallery-img-12-02.jpg" /> <img src="http://www.tooplate.com/templates/2094_mason/img/gallery-img-12-03.jpg" /> <img src="http://www.tooplate.com/templates/2094_mason/img/gallery-img-23-05.jpg" /></div>

<div class="column"><img src="http://www.tooplate.com/templates/2094_mason/img/gallery-img-12-01.jpg" /> <img src="http://www.tooplate.com/templates/2094_mason/img/gallery-img-23-03.jpg" /> <img src="http://www.tooplate.com/templates/2094_mason/img/gallery-img-12-04.jpg" /></div>

<div class="column"><img src="http://www.tooplate.com/templates/2094_mason/img/gallery-img-11-02.jpg" /> <img src="http://www.tooplate.com/templates/2094_mason/img/gallery-img-23-02.jpg" /> <img src="http://www.tooplate.com/templates/2094_mason/img/gallery-img-11-05.jpg" /> <img src="http://www.tooplate.com/templates/2094_mason/img/gallery-img-23-04.jpg" /></div>
</div>
<style type="text/css"></style>]]></content><type>html</type><src></src></content><updated>1600851720000</updated><edited>1600851720000</edited><published>1600851720000</published><moderationStatus>approved</moderationStatus><ranks><count>0</count><scheme>http://www.ibm.com/xmlns/prod/sn/recommendations</scheme></ranks><ranks><count>0</count><scheme>http://www.ibm.com/xmlns/prod/sn/comment</scheme></ranks><ranks><count>1</count><scheme>http://www.ibm.com/xmlns/prod/sn/hit</scheme></ranks><author><userId>jjones1</userId><guid>jjones1</guid></author><control><commentsEnabled>yes</commentsEnabled><commentDays>0</commentDays><emailComments></emailComments><commentsModerated></commentsModerated><allowCoedit></allowCoedit><draft>no</draft><approved></approved></control><communityUuid>27372e34-55aa-408e-86bb-b10b622f26b4</communityUuid><changedWhen>0</changedWhen></blogEntry>