<?xml version="1.0" encoding="UTF-8"?><blog><id>urn:lsid:ibm.com:blogs:blog-7280b5a7-54cc-403d-8185-d31c54f79a93</id><uuid>7280b5a7-54cc-403d-8185-d31c54f79a93</uuid><links><href>https://preview.hclconnections.net/blogs/2d28ffae-2a89-4488-9567-52774a5c9b18</href><rel>alternate</rel><type>text/html</type><title></title></links><links><href>https://preview.hclconnections.net:443/blogs/2d28ffae-2a89-4488-9567-52774a5c9b18/api/blogs/7280b5a7-54cc-403d-8185-d31c54f79a93</href><rel>edit</rel><type>application/atom+xml</type><title></title></links><links><href>http://preview.hclconnections.net/communities/service/atom/community/instance?communityUuid=27372e34-55aa-408e-86bb-b10b622f26b4</href><rel>http://www.ibm.com/xmlns/prod/sn/container</rel><type>application/atom+xml</type><title></title></links><allowCoedit>no</allowCoedit><title><content>x`5 ways to prepare your car for colder and wetter weather</content><type>text</type><src></src></title><summary><content>The autumn and winter months can take their toll on our cars. Not only do we have to deal with increasingly icy temperatures, but heavier rain and darker nights can make driving difficult. The good thing is that there are several steps we can take right now to get our cars ready to face the challenge.</content><type>text</type><src></src></summary><updated>1600851720496</updated><edited>1600851720496</edited><published>1600850768775</published><timezone>UTC</timezone><locale>en_US</locale><handle>2d28ffae-2a89-4488-9567-52774a5c9b18</handle><ranks><count>-1</count><scheme>http://www.ibm.com/xmlns/prod/sn/votes-available</scheme></ranks><ranks><count>0</count><scheme>http://www.ibm.com/xmlns/prod/sn/recommendations</scheme></ranks><author><email></email><name>wasadmin</name><userId>398d3009-2fda-4947-b7f0-a356e1cef5d4</userId><userState>active</userState><role></role><external>false</external><guid></guid></author><categories><label>public</label><scheme>http://www.ibm.com/xmlns/prod/sn/flags</scheme><term>public</term></categories><categories><label></label><scheme>http://www.ibm.com/xmlns/prod/sn/type</scheme><term>ideationblog</term></categories><categories><label>Users can contribute new ideas or comment on or vote for existing ideas in this Ideation Blog.</label><scheme>http://www.ibm.com/xmlns/prod/sn/flags</scheme><term>open</term></categories><control><commentsEnabled>yes</commentsEnabled><commentDays>0</commentDays><emailComments>disabled</emailComments><commentsModerated>no</commentsModerated><allowCoedit>no</allowCoedit><draft></draft><approved></approved><voteLimitEnabled>false</voteLimitEnabled><graduatedAllowComments>false</graduatedAllowComments><graduatedAllowVote>false</graduatedAllowVote></control><icVersion>60</icVersion><type>ideationblog</type><containerType>0</containerType><containerId>27372e34-55aa-408e-86bb-b10b622f26b4</containerId><communityUuid>27372e34-55aa-408e-86bb-b10b622f26b4</communityUuid><communityMemberRole>viewer</communityMemberRole></blog>