[ {
  "app" : "forums",
  "fieldName" : "numberOfTopics",
  "backupItem" : "1",
  "text" : "numberOfTopics: 1",
  "type" : "SUCCESS",
  "connectionsItem" : "1"
}, {
  "app" : "forums",
  "fieldName" : "numberOfQuestions",
  "backupItem" : "1",
  "text" : "numberOfQuestions: 1",
  "type" : "SUCCESS",
  "connectionsItem" : "1"
}, {
  "app" : "forums",
  "fieldName" : "numberOfAnsweredQuestions",
  "backupItem" : "0",
  "text" : "numberOfAnsweredQuestions: 0",
  "type" : "SUCCESS",
  "connectionsItem" : "0"
}, {
  "app" : "forums",
  "fieldName" : "numberOfUnansweredQuestions",
  "backupItem" : "1",
  "text" : "numberOfUnansweredQuestions: 1",
  "type" : "SUCCESS",
  "connectionsItem" : "1"
}, {
  "app" : "forums",
  "fieldName" : "numberOfReplies",
  "backupItem" : "3",
  "text" : "numberOfReplies: 3",
  "type" : "SUCCESS",
  "connectionsItem" : "3"
}, {
  "app" : "forums",
  "fieldName" : "numberOfLikes",
  "backupItem" : "0",
  "text" : "numberOfLikes: 0",
  "type" : "SUCCESS",
  "connectionsItem" : "0"
} ]