<?xml version="1.0" encoding="UTF-8"?><wikiPage><author><email>jjones2@cxn.pnp-hcl.com</email><name>Joe Jones2</name><userId>79ee1072-70dd-103a-93bf-8d3917e85f22</userId><userState>active</userState><role></role><external>false</external><guid></guid></author><category><label>page</label><scheme>tag:ibm.com,2006:td/type</scheme><term>page</term></category><content><content><![CDATA[<?xml version="1.0" encoding="UTF-8"?><!DOCTYPE html [<!ENTITY amp "&#38;#38;"><!ENTITY lt "&#60;#60;"><!ENTITY gt "&#62;#62;"><!ENTITY nbsp "&#32;"><!ENTITY apos "&#39;"><!ENTITY quot "&#34;">]><div><p>After logging in, what you can do depends on how the wiki owners have set access. If you cannot contribute in a way that you want, click <strong>Members</strong> to find an owner and ask them to give you appropriate access. If this is a community wiki your access depends on your community membership, and you must ask a community owner to give you appropriate access.</p> <p>Here are some ways to start contributing:</p> <ul> <li>To change the wiki title, click <strong>Wiki Actions</strong> and select <strong>Edit Wiki</strong>. You must be an owner to see the <strong>Wiki Actions</strong> button.</li> <li>To edit a page click <strong>Edit</strong>.</li> <li>To create new pages click <strong>Page Actions</strong> and select <strong>Create Child</strong> or <strong>Create Peer</strong>. Child pages are created below the current page, peer pages are created at the same level.</li> <li>To move a page, click <strong>Page Actions</strong> and select <strong>Move Page</strong>.</li> <li>To be notified by email about edits or comments to a page, click <strong>Following Actions</strong> and select <strong>Follow this Page</strong>. To be notified about changes to the wiki, click <strong>Following Actions</strong> and select <strong>Follow this Wiki</strong>.</li> <li>To see previous versions of a page click <strong>Versions</strong>.</li> </ul></div>]]></content><type>text/html</type></content><created>1607417829362</created><id>urn:lsid:ibm.com:td:4d4c1e17-4e1e-457d-bbc9-e9ea096de96c</id><label>Welcome to Car Expo 2020</label><links><href>https://preview.hclconnections.net/wikis/basic/api/wiki/W8b12d474dab5_4347_9188_25b9d6c76ff5/page/Welcome%20to%20Car%20Expo%202020/entry</href><rel>self</rel><type></type><title></title></links><links><href>https://preview.hclconnections.net/wikis/home/wiki/W8b12d474dab5_4347_9188_25b9d6c76ff5/page/Welcome%20to%20Car%20Expo%202020</href><rel>alternate</rel><type>text/html</type><title></title></links><links><href>https://preview.hclconnections.net/wikis/basic/api/wiki/W8b12d474dab5_4347_9188_25b9d6c76ff5/page/Welcome%20to%20Car%20Expo%202020/entry</href><rel>edit</rel><type></type><title></title></links><links><href>https://preview.hclconnections.net/wikis/basic/api/wiki/865bccdd-dc69-476f-8fe5-ce0ed19da97b/page/4d4c1e17-4e1e-457d-bbc9-e9ea096de96c/media</href><rel>edit-media</rel><type></type><title></title></links><links><href><![CDATA[https://preview.hclconnections.net/wikis/basic/anonymous/api/wiki/865bccdd-dc69-476f-8fe5-ce0ed19da97b/page/4d4c1e17-4e1e-457d-bbc9-e9ea096de96c/media/Welcome%20to%20Car%20Expo%202020?convertTo=html&errorPage=true&f=Welcome%20to%20Car%20Expo%202020]]></href><rel>enclosure</rel><type>application/xhtml+xml</type><title>Welcome to Car Expo 2020</title></links><links><href>https://preview.hclconnections.net/wikis/basic/api/wiki/865bccdd-dc69-476f-8fe5-ce0ed19da97b/page/4d4c1e17-4e1e-457d-bbc9-e9ea096de96c/entry</href><rel>related</rel><type></type><title></title></links><links><href>https://preview.hclconnections.net/wikis/basic/api/wiki/865bccdd-dc69-476f-8fe5-ce0ed19da97b/page/4d4c1e17-4e1e-457d-bbc9-e9ea096de96c/feed</href><rel>replies</rel><type>application/atom+xml</type><title></title></links><modified>1607417829362</modified><modifier><email>jjones2@cxn.pnp-hcl.com</email><name>Joe Jones2</name><userId>79ee1072-70dd-103a-93bf-8d3917e85f22</userId><userState>active</userState><role></role><external>false</external><guid></guid></modifier><propagation>false</propagation><published>1607417829362</published><ranks><count>0</count><scheme>http://www.ibm.com/xmlns/prod/sn/recommendations</scheme></ranks><ranks><count>0</count><scheme>http://www.ibm.com/xmlns/prod/sn/comment</scheme></ranks><ranks><count>2</count><scheme>http://www.ibm.com/xmlns/prod/sn/hit</scheme></ranks><ranks><count>2</count><scheme>http://www.ibm.com/xmlns/prod/sn/anonymous_hit</scheme></ranks><ranks><count>0</count><scheme>http://www.ibm.com/xmlns/prod/sn/share</scheme></ranks><ranks><count>0</count><scheme>http://www.ibm.com/xmlns/prod/sn/collections</scheme></ranks><ranks><count>0</count><scheme>http://www.ibm.com/xmlns/prod/sn/attachments</scheme></ranks><ranks><count>1</count><scheme>http://www.ibm.com/xmlns/prod/sn/versions</scheme></ranks><summary><content></content><type>text</type><src></src></summary><title><content>Welcome to Car Expo 2020</content><type>text</type><src></src></title><totalMediaSize>1564</totalMediaSize><updated>1607417829380</updated><uuid>4d4c1e17-4e1e-457d-bbc9-e9ea096de96c</uuid><parentUuid xmlns:xsi="http://www.w3.org/2001/XMLSchema-instance" xsi:nil="true"></parentUuid><containerUuid>W8b12d474dab5_4347_9188_25b9d6c76ff5</containerUuid><versionLabel>1</versionLabel><versionUuid>75386e5c-da94-47fc-ad01-791c6dab3c82</versionUuid><visibility>public</visibility></wikiPage>