<?xml version="1.0" encoding="UTF-8"?><blogEntry><id>urn:lsid:ibm.com:blogs:entry-0407e1fc-a0be-4091-b091-ffe2f4b28326</id><uuid>0407e1fc-a0be-4091-b091-ffe2f4b28326</uuid><parentUuid>1b08edb8-53e5-4eb5-873b-b922263974bb</parentUuid><containerUuid>1b08edb8-53e5-4eb5-873b-b922263974bb</containerUuid><links><href>https://preview.hclconnections.net:443/blogs/36c84c6d-d7f6-4b79-b64e-7c8170bb63f5/api/entries/0407e1fc-a0be-4091-b091-ffe2f4b28326</href><rel>edit</rel><type>application/atom+xml</type><title></title></links><links><href>https://preview.hclconnections.net/blogs/36c84c6d-d7f6-4b79-b64e-7c8170bb63f5/entry/orem_ipsum_dolor_sit_amet_consectetur_adipiscing_elit</href><rel>alternate</rel><type>text/html</type><title></title></links><links><href>https://preview.hclconnections.net:443/blogs/36c84c6d-d7f6-4b79-b64e-7c8170bb63f5/feed/entrycomments/orem_ipsum_dolor_sit_amet_consectetur_adipiscing_elit/atom</href><rel>replies</rel><type>application/atom+xml</type><title></title></links><collections><href>https://preview.hclconnections.net:443/blogs/36c84c6d-d7f6-4b79-b64e-7c8170bb63f5/api/recommend/entries/0407e1fc-a0be-4091-b091-ffe2f4b28326</href><title>Likes</title><accept></accept><categories><label></label><scheme>http://www.ibm.com/xmlns/prod/sn/collection</scheme><term>recommend</term></categories><fixed>yes</fixed></collections><collections><href>https://preview.hclconnections.net:443/blogs/36c84c6d-d7f6-4b79-b64e-7c8170bb63f5/api/entrycomments/0407e1fc-a0be-4091-b091-ffe2f4b28326</href><title>Comment Entries</title><accept>application/atom+xml;type=entry</accept><categories><label></label><scheme>http://www.ibm.com/xmlns/prod/sn/collection</scheme><term>comments</term></categories><fixed>yes</fixed></collections><title><content>orem ipsum dolor sit amet, consectetur adipiscing elit</content><type>text</type><src></src></title><summary><content><![CDATA[<p dir="ltr">Lorem ipsum dolor sit amet, consectetur adipiscing elit. Nullam libero metus, finibus ut dui in, sodales tincidunt nunc. Donec luctus leo erat, vel ornare tellus feugiat ac. Curabitur malesuada fermentum vestibulum. Etiam quis cursus arcu. Integer...]]></content><type>html</type><src></src></summary><content><content><![CDATA[<p dir="ltr">Lorem ipsum dolor sit amet, consectetur adipiscing elit. Nullam libero metus, finibus ut dui in, sodales tincidunt nunc. Donec luctus leo erat, vel ornare tellus feugiat ac. Curabitur malesuada fermentum vestibulum. Etiam quis cursus arcu. Integer in nulla sit amet diam cursus dictum. Vivamus vitae magna vitae risus aliquam faucibus. Morbi varius nulla vitae tortor convallis, quis auctor sem tempus.</p>

<p dir="ltr"><a href="/blogs/36c84c6d-d7f6-4b79-b64e-7c8170bb63f5/resource/BLOGS_UPLOADED_IMAGES/pexels-photo-2422294.jpeg" rel="noopener noreferrer noopener noreferrer noopener noreferrer" target="_blank"><img alt="image" src="/blogs/36c84c6d-d7f6-4b79-b64e-7c8170bb63f5/resource/BLOGS_UPLOADED_IMAGES/pexels-photo-2422294.jpeg" style="display:block;margin:1em 1em 0pt 0pt;width:600px;height:424px" /></a></p>

<p dir="ltr">Curabitur sit amet dapibus diam, efficitur feugiat nisi. Vestibulum malesuada, augue ut posuere finibus, nulla neque placerat dolor, sit amet posuere sapien dui quis leo. Integer sit amet blandit ligula. Ut consequat eget erat sed pellentesque. In tempor felis a eros varius, at luctus quam dapibus. Phasellus lectus justo, molestie vitae posuere sed, eleifend eu arcu.</p>

<p dir="ltr">Aliquam nec nibh accumsan orci pulvinar vehicula. Proin tincidunt nibh nec lorem tristique cursus. Aenean blandit ut leo nec consectetur. Fusce diam turpis, porttitor sit amet imperdiet in, aliquam vel risus. Sed malesuada iaculis urna, eget consectetur libero lobortis id. Donec sit amet bibendum tellus. Sed non dolor tempor, hendrerit mi quis, varius nunc. Nullam eleifend lectus sit amet urna posuere, vel sollicitudin elit elementum. Nunc faucibus felis scelerisque eros varius, vitae iaculis tellus hendrerit. Orci varius natoque penatibus et magnis dis parturient montes, nascetur ridiculus mus. Sed et hendrerit elit. Quisque ornare, est at euismod placerat, est nisl posuere magna, non laoreet metus lacus nec velit. Nam varius aliquam hendrerit. Praesent viverra ultricies erat vitae accumsan. Cras eget est id sapien egestas laoreet at eget ante.</p>

<p dir="ltr">Ut euismod aliquam ultrices. Etiam eu est condimentum diam mattis aliquet. Cras facilisis pretium commodo. Donec cursus enim lacinia luctus condimentum. Vivamus malesuada condimentum mauris, non interdum nibh mattis vel. Nam quis rhoncus risus. Integer luctus, lorem id auctor feugiat, lorem neque viverra enim, nec molestie diam leo non dolor. Aenean faucibus posuere sapien sit amet malesuada. Fusce tristique sem vitae eros placerat, eu ornare lectus iaculis. Ut tincidunt nulla a vehicula efficitur. Vestibulum luctus felis sed nisi aliquam, sit amet efficitur enim tempus. Nulla vehicula ligula vitae ex venenatis tempor. Fusce scelerisque iaculis justo nec ornare.</p>

<p dir="ltr">Aliquam eget pulvinar dolor. Etiam iaculis tincidunt lacus ut ultricies. Sed placerat convallis dolor, vitae accumsan ipsum fringilla vel. Ut bibendum odio at magna condimentum malesuada. Mauris sed ornare massa. Etiam euismod, dui non posuere venenatis, leo augue vestibulum libero, sed maximus magna dolor a tellus. Fusce tristique lorem leo, a sollicitudin dolor blandit eget. Pellentesque sagittis eget ipsum vitae mollis. Phasellus vel ipsum sed diam porttitor dictum ut eu ex. Pellentesque a pellentesque ante, sit amet venenatis lacus. Aliquam luctus posuere dolor a pellentesque. Donec nisl lorem, cursus eu tempus id, congue at diam. Ut a ligula aliquet, tempus elit sed, tincidunt nisi. Donec sed neque id velit ultrices rutrum.</p>]]></content><type>html</type><src></src></content><updated>1609958493000</updated><edited>1609958493000</edited><published>1607341699000</published><moderationStatus>approved</moderationStatus><ranks><count>0</count><scheme>http://www.ibm.com/xmlns/prod/sn/recommendations</scheme></ranks><ranks><count>0</count><scheme>http://www.ibm.com/xmlns/prod/sn/comment</scheme></ranks><ranks><count>11</count><scheme>http://www.ibm.com/xmlns/prod/sn/hit</scheme></ranks><author><userId>jjones1</userId><guid>jjones1</guid></author><control><commentsEnabled>yes</commentsEnabled><commentDays>0</commentDays><emailComments></emailComments><commentsModerated></commentsModerated><allowCoedit></allowCoedit><draft>no</draft><approved></approved></control><communityUuid>36c84c6d-d7f6-4b79-b64e-7c8170bb63f5</communityUuid><changedWhen>0</changedWhen></blogEntry>