<?xml version="1.0" encoding="UTF-8"?><blogEntry><id>urn:lsid:ibm.com:blogs:entry-99b26017-3f5e-4f5b-9df5-a55f9f018b2e</id><uuid>99b26017-3f5e-4f5b-9df5-a55f9f018b2e</uuid><parentUuid>1b08edb8-53e5-4eb5-873b-b922263974bb</parentUuid><containerUuid>1b08edb8-53e5-4eb5-873b-b922263974bb</containerUuid><links><href>https://preview.hclconnections.net:443/blogs/36c84c6d-d7f6-4b79-b64e-7c8170bb63f5/api/entries/99b26017-3f5e-4f5b-9df5-a55f9f018b2e</href><rel>edit</rel><type>application/atom+xml</type><title></title></links><links><href>https://preview.hclconnections.net/blogs/36c84c6d-d7f6-4b79-b64e-7c8170bb63f5/entry/6_Simple_Ways_to_Clear_Negative_Energy</href><rel>alternate</rel><type>text/html</type><title></title></links><links><href>https://preview.hclconnections.net:443/blogs/36c84c6d-d7f6-4b79-b64e-7c8170bb63f5/feed/entrycomments/6_Simple_Ways_to_Clear_Negative_Energy/atom</href><rel>replies</rel><type>application/atom+xml</type><title></title></links><collections><href>https://preview.hclconnections.net:443/blogs/36c84c6d-d7f6-4b79-b64e-7c8170bb63f5/api/recommend/entries/99b26017-3f5e-4f5b-9df5-a55f9f018b2e</href><title>Likes</title><accept></accept><categories><label></label><scheme>http://www.ibm.com/xmlns/prod/sn/collection</scheme><term>recommend</term></categories><fixed>yes</fixed></collections><collections><href>https://preview.hclconnections.net:443/blogs/36c84c6d-d7f6-4b79-b64e-7c8170bb63f5/api/entrycomments/99b26017-3f5e-4f5b-9df5-a55f9f018b2e</href><title>Comment Entries</title><accept>application/atom+xml;type=entry</accept><categories><label></label><scheme>http://www.ibm.com/xmlns/prod/sn/collection</scheme><term>comments</term></categories><fixed>yes</fixed></collections><title><content>6 Simple Ways to Clear Negative Energy</content><type>text</type><src></src></title><summary><content><![CDATA[<p dir="ltr">Every day we come into contact with the energy that can greatly influence our mood and well-being.</p>

<p dir="ltr">Have you ever walked into a party that was bubbly with fun and excitement? You immediately felt at ease and got swept up in the...]]></content><type>html</type><src></src></summary><content><content><![CDATA[<p dir="ltr">Every day we come into contact with the energy that can greatly influence our mood and well-being.</p>

<p dir="ltr">Have you ever walked into a party that was bubbly with fun and excitement? You immediately felt at ease and got swept up in the revelry. Or have you ever found yourself at an unfortunate Mary Tyler Moore party? I call them that affectionately. On the TV show of the same name, Mary always threw these terrible parties. Her friends dragged themselves in and got into arguments with one another. No one had a good time. The energy of such an event feels dead, heavy, and forced.</p>

<p dir="ltr"><a href="/blogs/36c84c6d-d7f6-4b79-b64e-7c8170bb63f5/resource/BLOGS_UPLOADED_IMAGES/people-2557396_1280.jpg" rel="noopener noreferrer noopener noreferrer noopener noreferrer" target="_blank"><img alt="image" src="/blogs/36c84c6d-d7f6-4b79-b64e-7c8170bb63f5/resource/BLOGS_UPLOADED_IMAGES/people-2557396_1280.jpg" style="display:block;margin:1em 1em 0pt 0pt" /></a></p>

<p dir="ltr">Many years before I knew anything about energy, I spent the day in a hospital with a friend who was awaiting surgery. Each hour, the surgery was further delayed and, as she was unable to eat or drink, I didn’t eat or drink anything either. Finally, at the end of the day, they wheeled her down to the operating room. I was instructed by the nurses to check in on a lower-floor waiting room before I went to get a bite to eat. This way they could contact me if I was needed.</p>

<p dir="ltr">The waiting room was quite large, with a round nurses station in the center. As I entered the room, all of the color drained from my face and I felt my legs begin to buckle beneath me. The feelings of <a href="https://www.yogajournal.com/poses/yoga-by-benefit/anxiety">anxiety</a> and pain in that room were completely overwhelming! I spun around immediately, grasped the doorway, and collapsed into a folding chair just outside of the room.<br />
I knew what the problem was in an instant. For decades, beloved family members and friends had sat in that room, worried terribly about their loved ones who were in surgery. That anxiety had been building up for years—and I could feel it. I’m sure my experience was made more dramatic because I hadn’t eaten all day. But I will share that this is not a unique experience. I’ve felt similar energy in every hospital waiting room I’ve been in since. The only difference between me and the other people in those rooms is that I’m more conscious of it, so I’m able to feel what’s in the energy around us all. Hospitals just aren’t tuned in to the energy of emotion and how it needs to be cleared. If they were, they could become far healthier environments for patients and their families.</p>

<p dir="ltr">I share this story for two important reasons. I want you to know that highly toxic energy can build up in many environments, including your own home. If you or anyone in your household has been sick, <a href="https://www.yogajournal.com/poses/yoga-by-benefit/stress">stressed</a>, or <a href="https://www.yogajournal.com/poses/yoga-by-benefit/depression">depressed</a> it’s even <em>more </em>important to clear. I hope you’ll be inspired to create a practice of clearing your own home regularly.</p>

<p dir="ltr">The second reason is so you will take steps to shield yourself energetically every day and reinforce that shield when entering places like hospitals, prisons, or even concert halls and bars. Wherever people congregate, there will be collective energy in that space. Often it contains energy you’d rather not be picking up on and feeling.</p>]]></content><type>html</type><src></src></content><updated>1609958355000</updated><edited>1609958355000</edited><published>1599480119000</published><moderationStatus>approved</moderationStatus><ranks><count>0</count><scheme>http://www.ibm.com/xmlns/prod/sn/recommendations</scheme></ranks><ranks><count>0</count><scheme>http://www.ibm.com/xmlns/prod/sn/comment</scheme></ranks><ranks><count>15</count><scheme>http://www.ibm.com/xmlns/prod/sn/hit</scheme></ranks><author><userId>jjones1</userId><guid>jjones1</guid></author><control><commentsEnabled>yes</commentsEnabled><commentDays>0</commentDays><emailComments></emailComments><commentsModerated></commentsModerated><allowCoedit></allowCoedit><draft>no</draft><approved></approved></control><communityUuid>36c84c6d-d7f6-4b79-b64e-7c8170bb63f5</communityUuid><changedWhen>0</changedWhen></blogEntry>