<?xml version="1.0" encoding="UTF-8"?><blog><id>urn:lsid:ibm.com:blogs:blog-1b08edb8-53e5-4eb5-873b-b922263974bb</id><uuid>1b08edb8-53e5-4eb5-873b-b922263974bb</uuid><links><href>https://preview.hclconnections.net/blogs/36c84c6d-d7f6-4b79-b64e-7c8170bb63f5</href><rel>alternate</rel><type>text/html</type><title></title></links><links><href>https://preview.hclconnections.net:443/blogs/36c84c6d-d7f6-4b79-b64e-7c8170bb63f5/api/blogs/1b08edb8-53e5-4eb5-873b-b922263974bb</href><rel>edit</rel><type>application/atom+xml</type><title></title></links><links><href>http://preview.hclconnections.net/communities/service/atom/community/instance?communityUuid=36c84c6d-d7f6-4b79-b64e-7c8170bb63f5</href><rel>http://www.ibm.com/xmlns/prod/sn/container</rel><type>application/atom+xml</type><title></title></links><allowCoedit>no</allowCoedit><title><content>Template</content><type>text</type><src></src></title><summary><content> </content><type>text</type><src></src></summary><updated>1609958493375</updated><edited>1609958493375</edited><published>1599479720481</published><timezone>UTC</timezone><locale>en_US</locale><handle>36c84c6d-d7f6-4b79-b64e-7c8170bb63f5</handle><ranks><count>0</count><scheme>http://www.ibm.com/xmlns/prod/sn/recommendations</scheme></ranks><author><email></email><name>wasadmin</name><userId>398d3009-2fda-4947-b7f0-a356e1cef5d4</userId><userState>active</userState><role></role><external>false</external><guid></guid></author><categories><label>public</label><scheme>http://www.ibm.com/xmlns/prod/sn/flags</scheme><term>public</term></categories><categories><label></label><scheme>http://www.ibm.com/xmlns/prod/sn/type</scheme><term>communityblog</term></categories><control><commentsEnabled>yes</commentsEnabled><commentDays>0</commentDays><emailComments>disabled</emailComments><commentsModerated>no</commentsModerated><allowCoedit>no</allowCoedit><draft></draft><approved></approved><voteLimitEnabled></voteLimitEnabled><graduatedAllowComments></graduatedAllowComments><graduatedAllowVote></graduatedAllowVote></control><attachments><content><content></content><type>image/jpeg</type><src>https://preview.hclconnections.net/blogs/36c84c6d-d7f6-4b79-b64e-7c8170bb63f5/resource/BLOGS_UPLOADED_IMAGES/people-2557396_1280.jpg</src></content><created>0</created><id>BLOGS_UPLOADED_IMAGES/people-2557396_1280.jpg</id><lastAccessed>0</lastAccessed><links><href>https://preview.hclconnections.net/blogs/36c84c6d-d7f6-4b79-b64e-7c8170bb63f5/resource/BLOGS_UPLOADED_IMAGES/people-2557396_1280.jpg</href><rel>alternate</rel><type>image/jpeg</type><title></title></links><links><href>https://preview.hclconnections.net:443/blogs/36c84c6d-d7f6-4b79-b64e-7c8170bb63f5/api/media/people-2557396_1280.jpg</href><rel>edit</rel><type>application/atom+xml</type><title></title></links><links><href>https://preview.hclconnections.net:443/blogs/36c84c6d-d7f6-4b79-b64e-7c8170bb63f5/api/media/people-2557396_1280.jpg</href><rel>edit-media</rel><type>image/jpeg</type><title></title></links><links><href>https://preview.hclconnections.net:443/blogs/36c84c6d-d7f6-4b79-b64e-7c8170bb63f5/api/media/people-2557396_1280.jpg.media</href><rel>enclosure</rel><type>image/jpeg</type><title></title></links><modified>1609947888879</modified><published>0</published><summary><content>BLOGS_UPLOADED_IMAGES/people-2557396_1280.jpg (image/jpeg)</content><type>text</type><src></src></summary><title><content>BLOGS_UPLOADED_IMAGES/people-2557396_1280.jpg</content><type>text</type><src></src></title><updated>1609947888879</updated><uuid>BLOGS_UPLOADED_IMAGES/people-2557396_1280.jpg</uuid><parentUuid xmlns:xsi="http://www.w3.org/2001/XMLSchema-instance" xsi:nil="true"></parentUuid><size>182440</size></attachments><attachments><content><content></content><type>image/jpeg</type><src>https://preview.hclconnections.net/blogs/36c84c6d-d7f6-4b79-b64e-7c8170bb63f5/resource/BLOGS_UPLOADED_IMAGES/pexels-photo-2422294.jpeg</src></content><created>0</created><id>BLOGS_UPLOADED_IMAGES/pexels-photo-2422294.jpeg</id><lastAccessed>0</lastAccessed><links><href>https://preview.hclconnections.net/blogs/36c84c6d-d7f6-4b79-b64e-7c8170bb63f5/resource/BLOGS_UPLOADED_IMAGES/pexels-photo-2422294.jpeg</href><rel>alternate</rel><type>image/jpeg</type><title></title></links><links><href>https://preview.hclconnections.net:443/blogs/36c84c6d-d7f6-4b79-b64e-7c8170bb63f5/api/media/pexels-photo-2422294.jpeg</href><rel>edit</rel><type>application/atom+xml</type><title></title></links><links><href>https://preview.hclconnections.net:443/blogs/36c84c6d-d7f6-4b79-b64e-7c8170bb63f5/api/media/pexels-photo-2422294.jpeg</href><rel>edit-media</rel><type>image/jpeg</type><title></title></links><links><href>https://preview.hclconnections.net:443/blogs/36c84c6d-d7f6-4b79-b64e-7c8170bb63f5/api/media/pexels-photo-2422294.jpeg.media</href><rel>enclosure</rel><type>image/jpeg</type><title></title></links><modified>1607421942964</modified><published>0</published><summary><content>BLOGS_UPLOADED_IMAGES/pexels-photo-2422294.jpeg (image/jpeg)</content><type>text</type><src></src></summary><title><content>BLOGS_UPLOADED_IMAGES/pexels-photo-2422294.jpeg</content><type>text</type><src></src></title><updated>1607421942964</updated><uuid>BLOGS_UPLOADED_IMAGES/pexels-photo-2422294.jpeg</uuid><parentUuid xmlns:xsi="http://www.w3.org/2001/XMLSchema-instance" xsi:nil="true"></parentUuid><size>299480</size></attachments><icVersion>60</icVersion><type>communityblog</type><containerType>0</containerType><containerId>36c84c6d-d7f6-4b79-b64e-7c8170bb63f5</containerId><communityUuid>36c84c6d-d7f6-4b79-b64e-7c8170bb63f5</communityUuid><communityMemberRole>author</communityMemberRole></blog>