<?xml version="1.0" encoding="UTF-8"?><communityEventsDefinition><id>urn:lsid:ibm.com:calendar:36c84c6d-d7f6-4b79-b64e-7c8170bb63f5</id><uuid>36c84c6d-d7f6-4b79-b64e-7c8170bb63f5</uuid><title>Work and Fun</title><category><label></label><scheme>http://www.ibm.com/xmlns/prod/sn/type</scheme><term>calendar</term></category><links><href>https://preview.hclconnections.net/communities/calendar/atom/calendar?calendarUuid=36c84c6d-d7f6-4b79-b64e-7c8170bb63f5</href><rel>self</rel><type>application/atom+xml</type><title></title></links><links><href>https://preview.hclconnections.net/communities/calendar/atom/calendar?calendarUuid=36c84c6d-d7f6-4b79-b64e-7c8170bb63f5</href><rel>edit</rel><type>application/atom+xml</type><title></title></links><links><href>https://preview.hclconnections.net/communities/service/html/communityview?communityUuid=36c84c6d-d7f6-4b79-b64e-7c8170bb63f5#fullpageWidgetId=W57d9d4fb0604_48d1_8a05_8c44995a5200</href><rel>alternate</rel><type>text/html</type><title></title></links><links><href>https://preview.hclconnections.net/communities/service/atom/community/instance?communityUuid=36c84c6d-d7f6-4b79-b64e-7c8170bb63f5</href><rel>http://www.ibm.com/xmlns/prod/sn/container</rel><type>application/atom+xml</type><title></title></links><maprole>author</maprole><allowComment>all</allowComment><communityUuid>36c84c6d-d7f6-4b79-b64e-7c8170bb63f5</communityUuid></communityEventsDefinition>