[ {
  "app" : "activities",
  "fieldName" : "numberOfNodes",
  "backupItem" : "2",
  "text" : "numberOfNodes: 2",
  "type" : "SUCCESS",
  "connectionsItem" : "2"
}, {
  "app" : "activities",
  "fieldName" : "numberOfEntries",
  "backupItem" : "0",
  "text" : "numberOfEntries: 0",
  "type" : "SUCCESS",
  "connectionsItem" : "0"
}, {
  "app" : "activities",
  "fieldName" : "numberOfSections",
  "backupItem" : "0",
  "text" : "numberOfSections: 0",
  "type" : "SUCCESS",
  "connectionsItem" : "0"
}, {
  "app" : "activities",
  "fieldName" : "numberOfUncategorizedNodes",
  "backupItem" : "2",
  "text" : "numberOfUncategorizedNodes: 2",
  "type" : "SUCCESS",
  "connectionsItem" : "2"
}, {
  "app" : "activities",
  "fieldName" : "numberOfCustomFields",
  "backupItem" : "0",
  "text" : "numberOfCustomFields: 0",
  "type" : "SUCCESS",
  "connectionsItem" : "0"
}, {
  "app" : "activities",
  "fieldName" : "numberOfFiles",
  "backupItem" : "0",
  "text" : "numberOfFiles: 0",
  "type" : "SUCCESS",
  "connectionsItem" : "0"
}, {
  "app" : "activities",
  "fieldName" : "numberOfAttachedFiles",
  "backupItem" : "0",
  "text" : "numberOfAttachedFiles: 0",
  "type" : "SUCCESS",
  "connectionsItem" : "0"
} ]