[ {
  "app" : "communities",
  "fieldName" : "numberOfUsers",
  "backupItem" : "6",
  "text" : "numberOfUsers: 6",
  "type" : "SUCCESS",
  "connectionsItem" : "6"
}, {
  "app" : "communities",
  "fieldName" : "numberOfOwners",
  "backupItem" : "1",
  "text" : "numberOfOwners: 1",
  "type" : "SUCCESS",
  "connectionsItem" : "1"
}, {
  "app" : "communities",
  "fieldName" : "numberOfMembers",
  "backupItem" : "5",
  "text" : "numberOfMembers: 5",
  "type" : "SUCCESS",
  "connectionsItem" : "5"
}, {
  "app" : "communities",
  "fieldName" : "numberOfBookmarks",
  "backupItem" : "0",
  "text" : "numberOfBookmarks: 0",
  "type" : "SUCCESS",
  "connectionsItem" : "0"
}, {
  "app" : "communities",
  "fieldName" : "numberOfSubcommunities",
  "backupItem" : "0",
  "text" : "numberOfSubcommunities: 0",
  "type" : "SUCCESS",
  "connectionsItem" : "0"
}, {
  "app" : "communities",
  "fieldName" : "numberOfWidgets",
  "backupItem" : "15",
  "text" : "numberOfWidgets: 15",
  "type" : "SUCCESS",
  "connectionsItem" : "15"
}, {
  "app" : "communities",
  "fieldName" : "numberOfRemoteApplications",
  "backupItem" : "8",
  "text" : "numberOfRemoteApplications: 8",
  "type" : "SUCCESS",
  "connectionsItem" : "8"
} ]