<?xml version="1.0" encoding="UTF-8"?><wiki><author><email></email><name>System User</name><userId>00000000-0000-0000-0000-000000000000</userId><userState></userState><role></role><external>false</external><guid></guid></author><category><label>wiki</label><scheme>tag:ibm.com,2006:td/type</scheme><term>wiki</term></category><content><content></content><type>application/atom+xml</type><src></src></content><created>1599479726762</created><id>urn:lsid:ibm.com:td:c58ade8e-2396-4d88-8289-ca1514a4adf7</id><label>W342cda1163ca_4894_904e_3fb78976317d</label><links><href>https://preview.hclconnections.net/wikis/basic/api/wiki/W342cda1163ca_4894_904e_3fb78976317d/entry</href><rel>self</rel><type></type><title></title></links><links><href>https://preview.hclconnections.net/wikis/home/wiki/W342cda1163ca_4894_904e_3fb78976317d</href><rel>alternate</rel><type>text/html</type><title></title></links><links><href>https://preview.hclconnections.net/wikis/basic/api/wiki/W342cda1163ca_4894_904e_3fb78976317d/entry</href><rel>edit</rel><type></type><title></title></links><links><href>https://preview.hclconnections.net/communities/service/atom/community/instance?communityUuid=36c84c6d-d7f6-4b79-b64e-7c8170bb63f5</href><rel>http://www.ibm.com/xmlns/prod/sn/container</rel><type>application/atom+xml</type><title></title></links><members><id>ca:/wiki/c58ade8e-2396-4d88-8289-ca1514a4adf7/members/00000000-0000-0000-0000-000000000000</id><title><content>System User</content><type>text</type><src></src></title><links><href>https://preview.hclconnections.net/wikis/basic/api/wiki/c58ade8e-2396-4d88-8289-ca1514a4adf7/members/00000000-0000-0000-0000-000000000000</href><rel>self</rel><type></type><title></title></links><links><href>https://preview.hclconnections.net/wikis/basic/api/wiki/c58ade8e-2396-4d88-8289-ca1514a4adf7/members/00000000-0000-0000-0000-000000000000</href><rel>edit</rel><type></type><title></title></links><email></email><name>System User</name><userId>00000000-0000-0000-0000-000000000000</userId><userState></userState><userRole>manager</userRole><userType>user</userType></members><modified>1607964102572</modified><modifier><email>jjones1@cxn.pnp-hcl.com</email><name>Joe Jones1</name><userId>79ebc498-70dd-103a-93be-8d3917e85f22</userId><userState>active</userState><role></role><external>false</external><guid></guid></modifier><published>1599479726762</published><summary><content> </content><type>text</type><src></src></summary><themeName>default</themeName><title><content>Work and Fun</content><type>text</type><src></src></title><totalRemovedSize>157065</totalRemovedSize><updated>1607964102572</updated><uuid>c58ade8e-2396-4d88-8289-ca1514a4adf7</uuid><communityUuid>36c84c6d-d7f6-4b79-b64e-7c8170bb63f5</communityUuid><externalInstanceId>W342cda1163ca_4894_904e_3fb78976317d</externalInstanceId><visibilityComputed>PUBLIC_TO_VIEWERS</visibilityComputed><librarySize>1136897</librarySize><libraryQuota>524288000</libraryQuota><isExternal>false</isExternal><hierarchy><wikiPageHierarchy><label>Lorem ipsum dolor sit amet sodales tincidunt</label><uuid>fe029b16-80a4-428c-b6a4-3ac44095be85</uuid><parentUuid xmlns:xsi="http://www.w3.org/2001/XMLSchema-instance" xsi:nil="true"></parentUuid></wikiPageHierarchy></hierarchy><icVersion>60</icVersion></wiki>