[ {
  "app" : "files",
  "fieldName" : "numberOfFiles",
  "backupItem" : "3",
  "text" : "numberOfFiles: 3",
  "type" : "SUCCESS",
  "connectionsItem" : "3"
}, {
  "app" : "files",
  "fieldName" : "numberOfDeletedFiles",
  "backupItem" : "0",
  "text" : "numberOfDeletedFiles: 0",
  "type" : "SUCCESS",
  "connectionsItem" : "0"
}, {
  "app" : "files",
  "fieldName" : "numberOfCommunityFiles",
  "backupItem" : "3",
  "text" : "numberOfCommunityFiles: 3",
  "type" : "SUCCESS",
  "connectionsItem" : "3"
}, {
  "app" : "files",
  "fieldName" : "numberOfSharedPersonalFiles",
  "backupItem" : "0",
  "text" : "numberOfSharedPersonalFiles: 0",
  "type" : "SUCCESS",
  "connectionsItem" : "0"
}, {
  "app" : "files",
  "fieldName" : "numberOfFolders",
  "backupItem" : "0",
  "text" : "numberOfFolders: 0",
  "type" : "SUCCESS",
  "connectionsItem" : "0"
}, {
  "app" : "files",
  "fieldName" : "numberOfCommunityFolders",
  "backupItem" : "0",
  "text" : "numberOfCommunityFolders: 0",
  "type" : "SUCCESS",
  "connectionsItem" : "0"
}, {
  "app" : "files",
  "fieldName" : "numberOfSharedPersonalFolders",
  "backupItem" : "0",
  "text" : "numberOfSharedPersonalFolders: 0",
  "type" : "SUCCESS",
  "connectionsItem" : "0"
}, {
  "app" : "files",
  "fieldName" : "numberOfComments",
  "backupItem" : "0",
  "text" : "numberOfComments: 0",
  "type" : "SUCCESS",
  "connectionsItem" : "0"
}, {
  "app" : "files",
  "fieldName" : "numberOfLikes",
  "backupItem" : "0",
  "text" : "numberOfLikes: 0",
  "type" : "SUCCESS",
  "connectionsItem" : "0"
} ]