[ {
  "app" : "wikis",
  "fieldName" : "numberOfPages",
  "backupItem" : "1",
  "text" : "numberOfPages: 1",
  "type" : "SUCCESS",
  "connectionsItem" : "1"
}, {
  "app" : "wikis",
  "fieldName" : "numberOfAttachments",
  "backupItem" : "1",
  "text" : "numberOfAttachments: 1",
  "type" : "SUCCESS",
  "connectionsItem" : "1"
}, {
  "app" : "wikis",
  "fieldName" : "numberOfComments",
  "backupItem" : "0",
  "text" : "numberOfComments: 0",
  "type" : "SUCCESS",
  "connectionsItem" : "0"
}, {
  "app" : "wikis",
  "fieldName" : "numberOfLikes",
  "backupItem" : "0",
  "text" : "numberOfLikes: 0",
  "type" : "SUCCESS",
  "connectionsItem" : "0"
} ]