[ {
  "app" : "communities",
  "fieldName" : "numberOfUsers",
  "backupItem" : "1",
  "text" : "numberOfUsers: 1",
  "type" : "SUCCESS",
  "connectionsItem" : "1"
}, {
  "app" : "communities",
  "fieldName" : "numberOfOwners",
  "backupItem" : "1",
  "text" : "numberOfOwners: 1",
  "type" : "SUCCESS",
  "connectionsItem" : "1"
}, {
  "app" : "communities",
  "fieldName" : "numberOfMembers",
  "backupItem" : "0",
  "text" : "numberOfMembers: 0",
  "type" : "SUCCESS",
  "connectionsItem" : "0"
}, {
  "app" : "communities",
  "fieldName" : "numberOfBookmarks",
  "backupItem" : "0",
  "text" : "numberOfBookmarks: 0",
  "type" : "SUCCESS",
  "connectionsItem" : "0"
}, {
  "app" : "communities",
  "fieldName" : "numberOfSubcommunities",
  "backupItem" : "0",
  "text" : "numberOfSubcommunities: 0",
  "type" : "SUCCESS",
  "connectionsItem" : "0"
}, {
  "app" : "communities",
  "fieldName" : "numberOfWidgets",
  "backupItem" : "14",
  "text" : "numberOfWidgets: 14",
  "type" : "SUCCESS",
  "connectionsItem" : "14"
}, {
  "app" : "communities",
  "fieldName" : "numberOfRemoteApplications",
  "backupItem" : "7",
  "text" : "numberOfRemoteApplications: 7",
  "type" : "SUCCESS",
  "connectionsItem" : "7"
} ]