<?xml version="1.0" encoding="UTF-8"?><blogEntry><id>urn:lsid:ibm.com:blogs:entry-68fe0035-b517-4b81-82e4-2d094c367808</id><uuid>68fe0035-b517-4b81-82e4-2d094c367808</uuid><parentUuid>ae3a359a-fec3-4443-a75d-38e6e58e1a6c</parentUuid><containerUuid>ae3a359a-fec3-4443-a75d-38e6e58e1a6c</containerUuid><links><href>https://preview.hclconnections.net:443/blogs/868aeec2-525d-41a3-9c58-5f49b841c3c7/api/entries/68fe0035-b517-4b81-82e4-2d094c367808</href><rel>edit</rel><type>application/atom+xml</type><title></title></links><links><href>https://preview.hclconnections.net/blogs/868aeec2-525d-41a3-9c58-5f49b841c3c7/entry/This_is_a_blog_post</href><rel>alternate</rel><type>text/html</type><title></title></links><links><href>https://preview.hclconnections.net:443/blogs/868aeec2-525d-41a3-9c58-5f49b841c3c7/feed/entrycomments/This_is_a_blog_post/atom</href><rel>replies</rel><type>application/atom+xml</type><title></title></links><collections><href>https://preview.hclconnections.net:443/blogs/868aeec2-525d-41a3-9c58-5f49b841c3c7/api/recommend/entries/68fe0035-b517-4b81-82e4-2d094c367808</href><title>Likes</title><accept></accept><categories><label></label><scheme>http://www.ibm.com/xmlns/prod/sn/collection</scheme><term>recommend</term></categories><fixed>yes</fixed></collections><collections><href>https://preview.hclconnections.net:443/blogs/868aeec2-525d-41a3-9c58-5f49b841c3c7/api/entrycomments/68fe0035-b517-4b81-82e4-2d094c367808</href><title>Comment Entries</title><accept>application/atom+xml;type=entry</accept><categories><label></label><scheme>http://www.ibm.com/xmlns/prod/sn/collection</scheme><term>comments</term></categories><fixed>yes</fixed></collections><title><content>This is a blog post</content><type>text</type><src></src></title><summary><content><![CDATA[<p dir="ltr"><a href="/blogs/868aeec2-525d-41a3-9c58-5f49b841c3c7/resource/BLOGS_UPLOADED_IMAGES/wiki1.png" rel="noopener noreferrer noopener noreferrer noopener noreferrer noopener noreferrer" target="_blank"><img alt="image" src="/blogs/868aeec2-525d-41a3-9c...]]></content><type>html</type><src></src></summary><content><content><![CDATA[<p dir="ltr"><a href="/blogs/868aeec2-525d-41a3-9c58-5f49b841c3c7/resource/BLOGS_UPLOADED_IMAGES/wiki1.png" rel="noopener noreferrer noopener noreferrer noopener noreferrer noopener noreferrer" target="_blank"><img alt="image" src="/blogs/868aeec2-525d-41a3-9c58-5f49b841c3c7/resource/BLOGS_UPLOADED_IMAGES/wiki1.png" style="display:block;margin:1em 1em 0pt 0pt;float:left" /></a><br />
<span style="font-family:&#39;arial&#39; , &#39;helvetica&#39; , sans-serif;margin:10px 0 5px !important;width:100%;float:left"><strong style="font-size:12px"><span style="color:#000000"><span style="font-size:18px">Getting Started:Your Recipe for Success</span></span></strong></span></p>

<p dir="ltr" style="margin-bottom:8px"><span style="font-family:&#39;arial&#39; , &#39;helvetica&#39; , sans-serif"><span style="color:#696969">A service company is a business that generates income by providing services instead of selling physical products. A good example of a service company is a public accounting firm. They earn revenues by preparing income tax returns, performing audit and asset services..</span></span></p>]]></content><type>html</type><src></src></content><updated>1607638126000</updated><edited>1607638126000</edited><published>1599475326000</published><moderationStatus>approved</moderationStatus><ranks><count>0</count><scheme>http://www.ibm.com/xmlns/prod/sn/recommendations</scheme></ranks><ranks><count>0</count><scheme>http://www.ibm.com/xmlns/prod/sn/comment</scheme></ranks><ranks><count>492</count><scheme>http://www.ibm.com/xmlns/prod/sn/hit</scheme></ranks><author><userId>jjones1</userId><guid>jjones1</guid></author><control><commentsEnabled>yes</commentsEnabled><commentDays>0</commentDays><emailComments></emailComments><commentsModerated></commentsModerated><allowCoedit></allowCoedit><draft>no</draft><approved></approved></control><communityUuid>868aeec2-525d-41a3-9c58-5f49b841c3c7</communityUuid><changedWhen>0</changedWhen></blogEntry>