<?xml version="1.0" encoding="UTF-8"?><blog><id>urn:lsid:ibm.com:blogs:blog-ae3a359a-fec3-4443-a75d-38e6e58e1a6c</id><uuid>ae3a359a-fec3-4443-a75d-38e6e58e1a6c</uuid><links><href>https://preview.hclconnections.net/blogs/868aeec2-525d-41a3-9c58-5f49b841c3c7</href><rel>alternate</rel><type>text/html</type><title></title></links><links><href>https://preview.hclconnections.net:443/blogs/868aeec2-525d-41a3-9c58-5f49b841c3c7/api/blogs/ae3a359a-fec3-4443-a75d-38e6e58e1a6c</href><rel>edit</rel><type>application/atom+xml</type><title></title></links><links><href>http://preview.hclconnections.net/communities/service/atom/community/instance?communityUuid=868aeec2-525d-41a3-9c58-5f49b841c3c7</href><rel>http://www.ibm.com/xmlns/prod/sn/container</rel><type>application/atom+xml</type><title></title></links><allowCoedit>no</allowCoedit><title><content>Deb Business Service</content><type>text</type><src></src></title><summary><content>It is a long established fact that a reader will be distracted by the readable content of a page when looking at its layout. The point of using Lorem Ipsum is that it has a more-or-less normal distribution of letters, as opposed to using 'Content here, content here', making it look like readable English.</content><type>text</type><src></src></summary><updated>1607638126339</updated><edited>1607638126339</edited><published>1599473790444</published><timezone>UTC</timezone><locale>en_US</locale><handle>868aeec2-525d-41a3-9c58-5f49b841c3c7</handle><ranks><count>0</count><scheme>http://www.ibm.com/xmlns/prod/sn/recommendations</scheme></ranks><author><email></email><name>wasadmin</name><userId>398d3009-2fda-4947-b7f0-a356e1cef5d4</userId><userState>active</userState><role></role><external>false</external><guid></guid></author><categories><label>public</label><scheme>http://www.ibm.com/xmlns/prod/sn/flags</scheme><term>public</term></categories><categories><label></label><scheme>http://www.ibm.com/xmlns/prod/sn/type</scheme><term>communityblog</term></categories><control><commentsEnabled>yes</commentsEnabled><commentDays>0</commentDays><emailComments>disabled</emailComments><commentsModerated>no</commentsModerated><allowCoedit>no</allowCoedit><draft></draft><approved></approved><voteLimitEnabled></voteLimitEnabled><graduatedAllowComments></graduatedAllowComments><graduatedAllowVote></graduatedAllowVote></control><attachments><content><content></content><type>image/png</type><src>https://preview.hclconnections.net/blogs/868aeec2-525d-41a3-9c58-5f49b841c3c7/resource/BLOGS_UPLOADED_IMAGES/img31.png</src></content><created>0</created><id>BLOGS_UPLOADED_IMAGES/img31.png</id><lastAccessed>0</lastAccessed><links><href>https://preview.hclconnections.net/blogs/868aeec2-525d-41a3-9c58-5f49b841c3c7/resource/BLOGS_UPLOADED_IMAGES/img31.png</href><rel>alternate</rel><type>image/png</type><title></title></links><links><href>https://preview.hclconnections.net:443/blogs/868aeec2-525d-41a3-9c58-5f49b841c3c7/api/media/img31.png</href><rel>edit</rel><type>application/atom+xml</type><title></title></links><links><href>https://preview.hclconnections.net:443/blogs/868aeec2-525d-41a3-9c58-5f49b841c3c7/api/media/img31.png</href><rel>edit-media</rel><type>image/png</type><title></title></links><links><href>https://preview.hclconnections.net:443/blogs/868aeec2-525d-41a3-9c58-5f49b841c3c7/api/media/img31.png.media</href><rel>enclosure</rel><type>image/png</type><title></title></links><modified>1607510134769</modified><published>0</published><summary><content>BLOGS_UPLOADED_IMAGES/img31.png (image/png)</content><type>text</type><src></src></summary><title><content>BLOGS_UPLOADED_IMAGES/img31.png</content><type>text</type><src></src></title><updated>1607510134769</updated><uuid>BLOGS_UPLOADED_IMAGES/img31.png</uuid><parentUuid xmlns:xsi="http://www.w3.org/2001/XMLSchema-instance" xsi:nil="true"></parentUuid><size>573577</size></attachments><attachments><content><content></content><type>image/png</type><src>https://preview.hclconnections.net/blogs/868aeec2-525d-41a3-9c58-5f49b841c3c7/resource/BLOGS_UPLOADED_IMAGES/wiki1.png</src></content><created>0</created><id>BLOGS_UPLOADED_IMAGES/wiki1.png</id><lastAccessed>0</lastAccessed><links><href>https://preview.hclconnections.net/blogs/868aeec2-525d-41a3-9c58-5f49b841c3c7/resource/BLOGS_UPLOADED_IMAGES/wiki1.png</href><rel>alternate</rel><type>image/png</type><title></title></links><links><href>https://preview.hclconnections.net:443/blogs/868aeec2-525d-41a3-9c58-5f49b841c3c7/api/media/wiki1.png</href><rel>edit</rel><type>application/atom+xml</type><title></title></links><links><href>https://preview.hclconnections.net:443/blogs/868aeec2-525d-41a3-9c58-5f49b841c3c7/api/media/wiki1.png</href><rel>edit-media</rel><type>image/png</type><title></title></links><links><href>https://preview.hclconnections.net:443/blogs/868aeec2-525d-41a3-9c58-5f49b841c3c7/api/media/wiki1.png.media</href><rel>enclosure</rel><type>image/png</type><title></title></links><modified>1607510086261</modified><published>0</published><summary><content>BLOGS_UPLOADED_IMAGES/wiki1.png (image/png)</content><type>text</type><src></src></summary><title><content>BLOGS_UPLOADED_IMAGES/wiki1.png</content><type>text</type><src></src></title><updated>1607510086261</updated><uuid>BLOGS_UPLOADED_IMAGES/wiki1.png</uuid><parentUuid xmlns:xsi="http://www.w3.org/2001/XMLSchema-instance" xsi:nil="true"></parentUuid><size>527209</size></attachments><attachments><content><content></content><type>image/png</type><src>https://preview.hclconnections.net/blogs/868aeec2-525d-41a3-9c58-5f49b841c3c7/resource/BLOGS_UPLOADED_IMAGES/img3.png</src></content><created>0</created><id>BLOGS_UPLOADED_IMAGES/img3.png</id><lastAccessed>0</lastAccessed><links><href>https://preview.hclconnections.net/blogs/868aeec2-525d-41a3-9c58-5f49b841c3c7/resource/BLOGS_UPLOADED_IMAGES/img3.png</href><rel>alternate</rel><type>image/png</type><title></title></links><links><href>https://preview.hclconnections.net:443/blogs/868aeec2-525d-41a3-9c58-5f49b841c3c7/api/media/img3.png</href><rel>edit</rel><type>application/atom+xml</type><title></title></links><links><href>https://preview.hclconnections.net:443/blogs/868aeec2-525d-41a3-9c58-5f49b841c3c7/api/media/img3.png</href><rel>edit-media</rel><type>image/png</type><title></title></links><links><href>https://preview.hclconnections.net:443/blogs/868aeec2-525d-41a3-9c58-5f49b841c3c7/api/media/img3.png.media</href><rel>enclosure</rel><type>image/png</type><title></title></links><modified>1607412689405</modified><published>0</published><summary><content>BLOGS_UPLOADED_IMAGES/img3.png (image/png)</content><type>text</type><src></src></summary><title><content>BLOGS_UPLOADED_IMAGES/img3.png</content><type>text</type><src></src></title><updated>1607412689405</updated><uuid>BLOGS_UPLOADED_IMAGES/img3.png</uuid><parentUuid xmlns:xsi="http://www.w3.org/2001/XMLSchema-instance" xsi:nil="true"></parentUuid><size>767652</size></attachments><attachments><content><content></content><type>image/png</type><src>https://preview.hclconnections.net/blogs/868aeec2-525d-41a3-9c58-5f49b841c3c7/resource/BLOGS_UPLOADED_IMAGES/wiki.png</src></content><created>0</created><id>BLOGS_UPLOADED_IMAGES/wiki.png</id><lastAccessed>0</lastAccessed><links><href>https://preview.hclconnections.net/blogs/868aeec2-525d-41a3-9c58-5f49b841c3c7/resource/BLOGS_UPLOADED_IMAGES/wiki.png</href><rel>alternate</rel><type>image/png</type><title></title></links><links><href>https://preview.hclconnections.net:443/blogs/868aeec2-525d-41a3-9c58-5f49b841c3c7/api/media/wiki.png</href><rel>edit</rel><type>application/atom+xml</type><title></title></links><links><href>https://preview.hclconnections.net:443/blogs/868aeec2-525d-41a3-9c58-5f49b841c3c7/api/media/wiki.png</href><rel>edit-media</rel><type>image/png</type><title></title></links><links><href>https://preview.hclconnections.net:443/blogs/868aeec2-525d-41a3-9c58-5f49b841c3c7/api/media/wiki.png.media</href><rel>enclosure</rel><type>image/png</type><title></title></links><modified>1607412430306</modified><published>0</published><summary><content>BLOGS_UPLOADED_IMAGES/wiki.png (image/png)</content><type>text</type><src></src></summary><title><content>BLOGS_UPLOADED_IMAGES/wiki.png</content><type>text</type><src></src></title><updated>1607412430306</updated><uuid>BLOGS_UPLOADED_IMAGES/wiki.png</uuid><parentUuid xmlns:xsi="http://www.w3.org/2001/XMLSchema-instance" xsi:nil="true"></parentUuid><size>699312</size></attachments><icVersion>60</icVersion><type>communityblog</type><containerType>0</containerType><containerId>868aeec2-525d-41a3-9c58-5f49b841c3c7</containerId><communityUuid>868aeec2-525d-41a3-9c58-5f49b841c3c7</communityUuid><communityMemberRole>author</communityMemberRole></blog>