<?xml version="1.0" encoding="UTF-8"?><file><id>urn:lsid:ibm.com:td:13494f4f-b028-4a7d-a421-619783078e77</id><title><content>4.jpg</content><type>text</type><src></src></title><links><href>https://preview.hclconnections.net/files/basic/api/library/bf268f7b-be78-4127-b9c5-4f31745e4b13/document/13494f4f-b028-4a7d-a421-619783078e77/entry</href><rel>self</rel><type></type><title></title></links><links><href><![CDATA[https://preview.hclconnections.net/communities/service/html/communityview?communityUuid=27372e34-55aa-408e-86bb-b10b622f26b4#fullpageWidgetId=W60320a409e2f_404b_9da3_47e2b7871412&file=13494f4f-b028-4a7d-a421-619783078e77]]></href><rel>alternate</rel><type>text/html</type><title></title></links><links><href>https://preview.hclconnections.net/files/basic/api/library/bf268f7b-be78-4127-b9c5-4f31745e4b13/document/13494f4f-b028-4a7d-a421-619783078e77/entry</href><rel>edit</rel><type></type><title></title></links><links><href>https://preview.hclconnections.net/files/basic/api/library/bf268f7b-be78-4127-b9c5-4f31745e4b13/document/13494f4f-b028-4a7d-a421-619783078e77/media</href><rel>edit-media</rel><type></type><title></title></links><links><href>https://preview.hclconnections.net/files/basic/anonymous/api/library/bf268f7b-be78-4127-b9c5-4f31745e4b13/document/13494f4f-b028-4a7d-a421-619783078e77/media/4.jpg</href><rel>enclosure</rel><type>image/jpeg</type><title>4.jpg</title></links><links><href>https://preview.hclconnections.net/files/basic/anonymous/api/library/bf268f7b-be78-4127-b9c5-4f31745e4b13/document/13494f4f-b028-4a7d-a421-619783078e77/thumbnail?renditionKind=mediumview</href><rel>thumbnail</rel><type></type><title></title></links><links><href>https://preview.hclconnections.net/files/basic/api/library/bf268f7b-be78-4127-b9c5-4f31745e4b13/document/13494f4f-b028-4a7d-a421-619783078e77/feed</href><rel>replies</rel><type>application/atom+xml</type><title></title></links><category><label>document</label><scheme>tag:ibm.com,2006:td/type</scheme><term>document</term></category><uuid>13494f4f-b028-4a7d-a421-619783078e77</uuid><parentUuid xmlns:xsi="http://www.w3.org/2001/XMLSchema-instance" xsi:nil="true"></parentUuid><containerUuid xmlns:xsi="http://www.w3.org/2001/XMLSchema-instance" xsi:nil="true"></containerUuid><added>-1</added><created>1607514124128</created><published>1607514124128</published><updated>1607538209322</updated><modified>1607514124128</modified><author><email>jjones2@cxn.pnp-hcl.com</email><name>Joe Jones2</name><userId>79ee1072-70dd-103a-93bf-8d3917e85f22</userId><userState>active</userState><role></role><external>false</external><guid></guid></author><modifier><email>jjones2@cxn.pnp-hcl.com</email><name>Joe Jones2</name><userId>79ee1072-70dd-103a-93bf-8d3917e85f22</userId><userState>active</userState><role></role><external>false</external><guid></guid></modifier><label>4.jpg</label><libraryId>bf268f7b-be78-4127-b9c5-4f31745e4b13</libraryId><libraryType>communityFiles</libraryType><documentUuid></documentUuid><versionUuid>dda11def-05ff-4df7-bcb5-02214d922921</versionUuid><versionLabel>1</versionLabel><summary><content></content><type>text</type><src></src></summary><sharePermission></sharePermission><objectTypeName>snx:file</objectTypeName><propagation>false</propagation><ranks><count>0</count><scheme>http://www.ibm.com/xmlns/prod/sn/recommendations</scheme></ranks><ranks><count>0</count><scheme>http://www.ibm.com/xmlns/prod/sn/comment</scheme></ranks><ranks><count>0</count><scheme>http://www.ibm.com/xmlns/prod/sn/share</scheme></ranks><ranks><count>1</count><scheme>http://www.ibm.com/xmlns/prod/sn/collections</scheme></ranks><ranks><count>3</count><scheme>http://www.ibm.com/xmlns/prod/sn/attachments</scheme></ranks><ranks><count>1</count><scheme>http://www.ibm.com/xmlns/prod/sn/versions</scheme></ranks><ranks><count>0</count><scheme>http://www.ibm.com/xmlns/prod/sn/references</scheme></ranks><ranks><count>23</count><scheme>http://www.ibm.com/xmlns/prod/sn/hit</scheme></ranks><ranks><count>0</count><scheme>http://www.ibm.com/xmlns/prod/sn/anonymous_hit</scheme></ranks><fileInFolder>false</fileInFolder><totalMediaSize>254677</totalMediaSize><content><content></content><type>image/jpeg</type><src>https://preview.hclconnections.net/files/basic/api/library/bf268f7b-be78-4127-b9c5-4f31745e4b13/document/13494f4f-b028-4a7d-a421-619783078e77/media</src></content><restrictedVisibility>false</restrictedVisibility><lock>NONE</lock><external>false</external><visibility></visibility><isDeleted>false</isDeleted><deletedWhen>0</deletedWhen><icVersion>0</icVersion></file>