<?xml version="1.0" encoding="UTF-8"?><file><id>urn:lsid:ibm.com:td:fce82c6a-d13f-4def-8923-123074f63f7e</id><title><content>A1.jpg</content><type>text</type><src></src></title><links><href>https://preview.hclconnections.net/files/basic/api/library/bf268f7b-be78-4127-b9c5-4f31745e4b13/document/fce82c6a-d13f-4def-8923-123074f63f7e/entry</href><rel>self</rel><type></type><title></title></links><links><href><![CDATA[https://preview.hclconnections.net/communities/service/html/communityview?communityUuid=27372e34-55aa-408e-86bb-b10b622f26b4#fullpageWidgetId=W60320a409e2f_404b_9da3_47e2b7871412&file=fce82c6a-d13f-4def-8923-123074f63f7e]]></href><rel>alternate</rel><type>text/html</type><title></title></links><links><href>https://preview.hclconnections.net/files/basic/api/library/bf268f7b-be78-4127-b9c5-4f31745e4b13/document/fce82c6a-d13f-4def-8923-123074f63f7e/entry</href><rel>edit</rel><type></type><title></title></links><links><href>https://preview.hclconnections.net/files/basic/api/library/bf268f7b-be78-4127-b9c5-4f31745e4b13/document/fce82c6a-d13f-4def-8923-123074f63f7e/media</href><rel>edit-media</rel><type></type><title></title></links><links><href>https://preview.hclconnections.net/files/basic/anonymous/api/library/bf268f7b-be78-4127-b9c5-4f31745e4b13/document/fce82c6a-d13f-4def-8923-123074f63f7e/media/A1.jpg</href><rel>enclosure</rel><type>image/jpeg</type><title>A1.jpg</title></links><links><href>https://preview.hclconnections.net/files/basic/anonymous/api/library/bf268f7b-be78-4127-b9c5-4f31745e4b13/document/fce82c6a-d13f-4def-8923-123074f63f7e/thumbnail?renditionKind=mediumview</href><rel>thumbnail</rel><type></type><title></title></links><links><href>https://preview.hclconnections.net/files/basic/api/library/bf268f7b-be78-4127-b9c5-4f31745e4b13/document/fce82c6a-d13f-4def-8923-123074f63f7e/feed</href><rel>replies</rel><type>application/atom+xml</type><title></title></links><category><label>document</label><scheme>tag:ibm.com,2006:td/type</scheme><term>document</term></category><uuid>fce82c6a-d13f-4def-8923-123074f63f7e</uuid><parentUuid xmlns:xsi="http://www.w3.org/2001/XMLSchema-instance" xsi:nil="true"></parentUuid><containerUuid xmlns:xsi="http://www.w3.org/2001/XMLSchema-instance" xsi:nil="true"></containerUuid><added>-1</added><created>1607517754372</created><published>1607517754372</published><updated>1607538208373</updated><modified>1607517754372</modified><author><email>jjones2@cxn.pnp-hcl.com</email><name>Joe Jones2</name><userId>79ee1072-70dd-103a-93bf-8d3917e85f22</userId><userState>active</userState><role></role><external>false</external><guid></guid></author><modifier><email>jjones2@cxn.pnp-hcl.com</email><name>Joe Jones2</name><userId>79ee1072-70dd-103a-93bf-8d3917e85f22</userId><userState>active</userState><role></role><external>false</external><guid></guid></modifier><label>A1.jpg</label><libraryId>bf268f7b-be78-4127-b9c5-4f31745e4b13</libraryId><libraryType>communityFiles</libraryType><documentUuid></documentUuid><versionUuid>f2af94a8-ec45-4f81-8cab-34eeef01450f</versionUuid><versionLabel>1</versionLabel><summary><content></content><type>text</type><src></src></summary><sharePermission></sharePermission><objectTypeName>snx:file</objectTypeName><propagation>false</propagation><ranks><count>0</count><scheme>http://www.ibm.com/xmlns/prod/sn/recommendations</scheme></ranks><ranks><count>0</count><scheme>http://www.ibm.com/xmlns/prod/sn/comment</scheme></ranks><ranks><count>0</count><scheme>http://www.ibm.com/xmlns/prod/sn/share</scheme></ranks><ranks><count>1</count><scheme>http://www.ibm.com/xmlns/prod/sn/collections</scheme></ranks><ranks><count>3</count><scheme>http://www.ibm.com/xmlns/prod/sn/attachments</scheme></ranks><ranks><count>1</count><scheme>http://www.ibm.com/xmlns/prod/sn/versions</scheme></ranks><ranks><count>0</count><scheme>http://www.ibm.com/xmlns/prod/sn/references</scheme></ranks><ranks><count>8</count><scheme>http://www.ibm.com/xmlns/prod/sn/hit</scheme></ranks><ranks><count>0</count><scheme>http://www.ibm.com/xmlns/prod/sn/anonymous_hit</scheme></ranks><fileInFolder>false</fileInFolder><totalMediaSize>758438</totalMediaSize><content><content></content><type>image/jpeg</type><src>https://preview.hclconnections.net/files/basic/api/library/bf268f7b-be78-4127-b9c5-4f31745e4b13/document/fce82c6a-d13f-4def-8923-123074f63f7e/media</src></content><restrictedVisibility>false</restrictedVisibility><lock>NONE</lock><external>false</external><visibility></visibility><isDeleted>false</isDeleted><deletedWhen>0</deletedWhen><icVersion>0</icVersion></file>