<?xml version="1.0" encoding="UTF-8"?><folder><id>urn:lsid:ibm.com:td:bf268f7b-be78-4127-b9c5-4f31745e4b13</id><title><content>Car Expo 2020</content><type>text</type><src></src></title><links><href>https://preview.hclconnections.net/files/basic/api/library/bf268f7b-be78-4127-b9c5-4f31745e4b13/entry</href><rel>self</rel><type></type><title></title></links><links><href>https://preview.hclconnections.net/communities/service/html/communityview?communityUuid=27372e34-55aa-408e-86bb-b10b622f26b4#fullpageWidgetId=W60320a409e2f_404b_9da3_47e2b7871412</href><rel>alternate</rel><type>text/html</type><title></title></links><links><href>https://preview.hclconnections.net/files/basic/api/library/bf268f7b-be78-4127-b9c5-4f31745e4b13/entry</href><rel>edit</rel><type></type><title></title></links><links><href>https://preview.hclconnections.net/files/basic/api/library/bf268f7b-be78-4127-b9c5-4f31745e4b13/feed</href><rel>files</rel><type></type><title></title></links><links><href>https://preview.hclconnections.net/communities/service/atom/community/instance?communityUuid=27372e34-55aa-408e-86bb-b10b622f26b4</href><rel>http://www.ibm.com/xmlns/prod/sn/container</rel><type>application/atom+xml</type><title></title></links><category><label>communityFiles</label><scheme>tag:ibm.com,2006:td/type</scheme><term>communityFiles</term></category><uuid>bf268f7b-be78-4127-b9c5-4f31745e4b13</uuid><containerUuid xmlns:xsi="http://www.w3.org/2001/XMLSchema-instance" xsi:nil="true"></containerUuid><created>1600201032583</created><published>1600201032583</published><updated>1607518268188</updated><modified>1607507048754</modified><author><email></email><name>System User</name><userId>00000000-0000-0000-0000-000000000000</userId><userState></userState><role></role><external>false</external><guid></guid></author><modifier><email>jjones1@cxn.pnp-hcl.com</email><name>Joe Jones1</name><userId>79ebc498-70dd-103a-93be-8d3917e85f22</userId><userState>active</userState><role></role><external>false</external><guid></guid></modifier><label>W60320a409e2f_404b_9da3_47e2b7871412</label><summary><content>Its a community that helps users buy cars that are right for them. Its website and app carry rich automotive content such as expert reviews, detailed specs and prices, comparisons as well as videos and pictures of all car brands and models available worldwide</content><type>text</type><src></src></summary><visibility></visibility><type></type><externalContainerId>27372e34-55aa-408e-86bb-b10b622f26b4</externalContainerId><externalInstanceId>W60320a409e2f_404b_9da3_47e2b7871412</externalInstanceId><communityUuid>27372e34-55aa-408e-86bb-b10b622f26b4</communityUuid><content><content></content><type>application/atom+xml</type><src>https://preview.hclconnections.net/files/basic/api/library/bf268f7b-be78-4127-b9c5-4f31745e4b13/feed</src></content><external>false</external><allowSetFavorite></allowSetFavorite><allowFollowing></allowFollowing><libraryQuota>524288000</libraryQuota><hierarchy><uuid>27372e34-55aa-408e-86bb-b10b622f26b4</uuid><fileHierarchy><label>mp-car.jpg</label><uuid>7efc452f-8950-48c3-917b-5b9bdac98d44</uuid></fileHierarchy><fileHierarchy><label>5438.jpg</label><uuid>c3b546a5-c2e9-483c-beb3-d637ad2c6acf</uuid></fileHierarchy><fileHierarchy><label>5.jpg</label><uuid>35764a6f-67d9-498b-9471-ff237bc8697b</uuid></fileHierarchy><fileHierarchy><label>2.jpg</label><uuid>1b4d3595-15ee-49e6-a1d7-a87170ea481d</uuid></fileHierarchy><fileHierarchy><label>1.jpg</label><uuid>540b4f08-0f93-417b-ae17-1d3b8783c3bb</uuid></fileHierarchy><fileHierarchy><label>3.jpg</label><uuid>0fd3c0b1-4356-47d6-9c15-5cb81529388f</uuid></fileHierarchy><fileHierarchy><label>4.jpg</label><uuid>13494f4f-b028-4a7d-a421-619783078e77</uuid></fileHierarchy><fileHierarchy><label>S4.jpg</label><uuid>50943f2f-3802-479d-9d85-8853fc97403d</uuid></fileHierarchy><fileHierarchy><label>S3.jpg</label><uuid>75eeeaaf-f4ff-415e-bdd3-f52c09332a04</uuid></fileHierarchy><fileHierarchy><label>S2.jpg</label><uuid>5e2a37f5-a729-4d6c-940a-15010d26e81a</uuid></fileHierarchy><fileHierarchy><label>S1.jpg</label><uuid>0c3cf527-d7b0-42c4-b805-f7030c66270a</uuid></fileHierarchy><fileHierarchy><label>A1.jpg</label><uuid>fce82c6a-d13f-4def-8923-123074f63f7e</uuid></fileHierarchy><fileHierarchy><label>A2.jpg</label><uuid>c9498a08-2662-4e11-85c3-cfb9834da5a9</uuid></fileHierarchy><fileHierarchy><label>car-top-shot.jpg</label><uuid>8079a07d-3b4d-4a15-92b6-8cfb7eb46503</uuid></fileHierarchy></hierarchy><icVersion>60</icVersion></folder>