<?xml version="1.0" encoding="UTF-8"?><wikiPage><author><email>jjones1@cxn.pnp-hcl.com</email><name>Joe Jones1</name><userId>79ebc498-70dd-103a-93be-8d3917e85f22</userId><userState>active</userState><role></role><external>false</external><guid></guid></author><category><label>page</label><scheme>tag:ibm.com,2006:td/type</scheme><term>page</term></category><content><content></content><type>text/html</type><src>files/oauth/appdata/communityapplibrary/8d23468f-ab4b-4d78-8b2c-2b247417b3a4/page/aea0851a-a63e-4e43-b5a3-1a9439d61a18/media</src></content><created>1599472873190</created><id>urn:lsid:ibm.com:td:aea0851a-a63e-4e43-b5a3-1a9439d61a18</id><label>868aeec2-525d-41a3-9c58-5f49b841c3c7New Page1599472773806</label><links><href>files/oauth/appdata/communityapplibrary/8d23468f-ab4b-4d78-8b2c-2b247417b3a4/page/aea0851a-a63e-4e43-b5a3-1a9439d61a18/entry</href><rel>self</rel><type></type><title></title></links><links><href>files/app/communityapplibrary/conn-rte%23868aeec2-525d-41a3-9c58-5f49b841c3c7/page/868aeec2-525d-41a3-9c58-5f49b841c3c7New%20Page1599472773806</href><rel>alternate</rel><type>text/html</type><title></title></links><links><href>files/app/</href><rel>via</rel><type>text/html</type><title></title></links><links><href>files/oauth/appdata/communityapplibrary/8d23468f-ab4b-4d78-8b2c-2b247417b3a4/page/aea0851a-a63e-4e43-b5a3-1a9439d61a18/entry</href><rel>edit</rel><type></type><title></title></links><links><href>files/oauth/appdata/communityapplibrary/8d23468f-ab4b-4d78-8b2c-2b247417b3a4/page/aea0851a-a63e-4e43-b5a3-1a9439d61a18/media</href><rel>edit-media</rel><type></type><title></title></links><links><href><![CDATA[files/oauth/appdata/communityapplibrary/8d23468f-ab4b-4d78-8b2c-2b247417b3a4/page/aea0851a-a63e-4e43-b5a3-1a9439d61a18/media/868aeec2-525d-41a3-9c58-5f49b841c3c7New%20Page1599472773806?convertTo=html&errorPage=true&f=868aeec2-525d-41a3-9c58-5f49b841c3c7New%20Page1599472773806]]></href><rel>enclosure</rel><type>application/xml</type><title>868aeec2-525d-41a3-9c58-5f49b841c3c7New Page1599472773806</title></links><modified>1599672213014</modified><modifier><email>jjones1@cxn.pnp-hcl.com</email><name>Joe Jones1</name><userId>79ebc498-70dd-103a-93be-8d3917e85f22</userId><userState>active</userState><role></role><external>false</external><guid></guid></modifier><propagation>false</propagation><published>1599472873190</published><ranks><count>0</count><scheme>http://www.ibm.com/xmlns/prod/sn/recommendations</scheme></ranks><ranks><count>0</count><scheme>http://www.ibm.com/xmlns/prod/sn/comment</scheme></ranks><ranks><count>0</count><scheme>http://www.ibm.com/xmlns/prod/sn/share</scheme></ranks><ranks><count>0</count><scheme>http://www.ibm.com/xmlns/prod/sn/collections</scheme></ranks><ranks><count>2</count><scheme>http://www.ibm.com/xmlns/prod/sn/attachments</scheme></ranks><ranks><count>9</count><scheme>http://www.ibm.com/xmlns/prod/sn/versions</scheme></ranks><ranks><count>0</count><scheme>http://www.ibm.com/xmlns/prod/sn/references</scheme></ranks><ranks><count>0</count><scheme>http://www.ibm.com/xmlns/prod/sn/hit</scheme></ranks><ranks><count>0</count><scheme>http://www.ibm.com/xmlns/prod/sn/anonymous_hit</scheme></ranks><summary><content></content><type>text</type><src></src></summary><title><content>868aeec2-525d-41a3-9c58-5f49b841c3c7New Page1599472773806</content><type>text</type><src></src></title><totalMediaSize>2612103</totalMediaSize><updated>1599672213014</updated><uuid>aea0851a-a63e-4e43-b5a3-1a9439d61a18</uuid><parentUuid xmlns:xsi="http://www.w3.org/2001/XMLSchema-instance" xsi:nil="true"></parentUuid><containerUuid xmlns:xsi="http://www.w3.org/2001/XMLSchema-instance" xsi:nil="true"></containerUuid><versionLabel>9</versionLabel><versionUuid>2eee1127-6315-482a-8025-3ba95a12f240</versionUuid><visibility>public</visibility></wikiPage>