<?xml version="1.0" encoding="UTF-8"?><community><uuid>868aeec2-525d-41a3-9c58-5f49b841c3c7</uuid><parentUuid xmlns:xsi="http://www.w3.org/2001/XMLSchema-instance" xsi:nil="true"></parentUuid><id>http://communities.ibm.com:2006/service/atom/community/instance?communityUuid=868aeec2-525d-41a3-9c58-5f49b841c3c7</id><title><content>MaxService Community</content><type>text</type><src></src></title><categories><label></label><scheme>http://www.ibm.com/xmlns/prod/sn/type</scheme><term>community</term></categories><links><href>https://preview.hclconnections.net/communities/service/atom/community/instance?communityUuid=868aeec2-525d-41a3-9c58-5f49b841c3c7</href><rel>self</rel><type></type><title></title></links><links><href>https://preview.hclconnections.net/communities/service/atom/community/instance?communityUuid=868aeec2-525d-41a3-9c58-5f49b841c3c7</href><rel>edit</rel><type></type><title></title></links><links><href>https://preview.hclconnections.net/communities/service/html/communitystart?communityUuid=868aeec2-525d-41a3-9c58-5f49b841c3c7</href><rel>alternate</rel><type>text/html</type><title></title></links><links><href><![CDATA[https://preview.hclconnections.net/communities/service/html/image?communityUuid=868aeec2-525d-41a3-9c58-5f49b841c3c7&lastMod=1601585271173]]></href><rel>http://www.ibm.com/xmlns/prod/sn/logo</rel><type></type><title></title></links><links><href>https://preview.hclconnections.net/communities/service/atom/community/service?communityUuid=868aeec2-525d-41a3-9c58-5f49b841c3c7</href><rel>http://www.ibm.com/xmlns/prod/sn/service</rel><type>application/atomsvc+xml</type><title></title></links><links><href>https://preview.hclconnections.net/communities/service/atom/community/members?communityUuid=868aeec2-525d-41a3-9c58-5f49b841c3c7</href><rel>http://www.ibm.com/xmlns/prod/sn/member-list</rel><type>application/atom+xml</type><title></title></links><links><href>https://preview.hclconnections.net/communities/service/atom/community/bookmarks?communityUuid=868aeec2-525d-41a3-9c58-5f49b841c3c7</href><rel>http://www.ibm.com/xmlns/prod/sn/bookmarks</rel><type>application/atom+xml</type><title></title></links><links><href>https://preview.hclconnections.net/communities/service/atom/community/feeds?communityUuid=868aeec2-525d-41a3-9c58-5f49b841c3c7</href><rel>http://www.ibm.com/xmlns/prod/sn/feeds</rel><type>application/atom+xml</type><title></title></links><links><href>https://preview.hclconnections.net/communities/service/atom/community/remoteApplications?communityUuid=868aeec2-525d-41a3-9c58-5f49b841c3c7</href><rel>http://www.ibm.com/xmlns/prod/sn/remote-applications</rel><type>application/atom+xml</type><title></title></links><links><href>https://preview.hclconnections.net/forums/atom/topics?communityUuid=868aeec2-525d-41a3-9c58-5f49b841c3c7</href><rel>http://www.ibm.com/xmlns/prod/sn/forum-topics</rel><type>application/atom+xml</type><title></title></links><links><href>https://preview.hclconnections.net/communities/service/atom/community/invites?communityUuid=868aeec2-525d-41a3-9c58-5f49b841c3c7</href><rel>http://www.ibm.com/xmlns/prod/sn/invitations-list</rel><type>application/atom+xml</type><title></title></links><links><href>https://preview.hclconnections.net/communities/service/atom/community/widgets?communityUuid=868aeec2-525d-41a3-9c58-5f49b841c3c7</href><rel>http://www.ibm.com/xmlns/prod/sn/widgets</rel><type>application/atom+xml</type><title></title></links><links><href>https://preview.hclconnections.net/communities/service/atom/community/pages?communityUuid=868aeec2-525d-41a3-9c58-5f49b841c3c7</href><rel>http://www.ibm.com/xmlns/prod/sn/pages</rel><type>application/atom+xml</type><title></title></links><links><href>https://preview.hclconnections.net/communities/service/atom/community/subcommunities?communityUuid=868aeec2-525d-41a3-9c58-5f49b841c3c7</href><rel>http://www.ibm.com/xmlns/prod/sn/subcommunities</rel><type>application/atom+xml</type><title></title></links><links><href>https://preview.hclconnections.net/connections/opensocial/rest/activitystreams/urn:lsid:lconn.ibm.com:communities.community:868aeec2-525d-41a3-9c58-5f49b841c3c7/@all/@all?format=atom</href><rel>http://www.ibm.com/xmlns/prod/sn/activitystream</rel><type>application/atom+xml</type><title></title></links><links><href>https://preview.hclconnections.net/connections/opensocial/rest/ublog/urn:lsid:lconn.ibm.com:communities.community:868aeec2-525d-41a3-9c58-5f49b841c3c7/@all?format=atom</href><rel>http://www.ibm.com/xmlns/prod/sn/microblog</rel><type>application/atom+xml</type><title></title></links><links><href>https://preview.hclconnections.net/communities/service/atom/community/broadcasts?communityUuid=868aeec2-525d-41a3-9c58-5f49b841c3c7</href><rel>http://www.ibm.com/xmlns/prod/sn/community-broadcasts</rel><type>application/atom+xml</type><title></title></links><type>public</type><listWhenRestricted>false</listWhenRestricted><preModeration>false</preModeration><postModeration>false</postModeration><published>1599423702745</published><updated>1607511062035</updated><content><content><![CDATA[<p dir="ltr"><strong><span style="font-size:18px">Solutions Leaderboard</span></strong></p>

<p dir="ltr"><span style="color:#696969">SFM provides a powerful, future proof way to either deliver new or tailor existing business workflows, when you want them, on the device you choose. Field service.</span></p>

<ol dir="ltr"><li><span style="color:#696969">Remarkable results from our service scheduling software. </span></li><li><span style="color:#696969">These solutions help original equipment manufacturers.</span></li></ol>]]></content><type>html</type><src></src></content><summary><content>Solutions Leaderboard &#xD;
&#xD;
SFM provides a powerful, future proof way to either deliver new or tailor existing business workflows, when you want them, on the device you choose. Field service. &#xD;
&#xD;
Remarkable results from our service scheduling software. These solutions help original equipment manufactu</content><type>text</type><src></src></summary><author><email>jjones1@cxn.pnp-hcl.com</email><name>Joe Jones1</name><userId>79ebc498-70dd-103a-93be-8d3917e85f22</userId><userState>active</userState><role></role><external>false</external><guid></guid></author><contributor><email>jjones1@cxn.pnp-hcl.com</email><name>Joe Jones1</name><userId>79ebc498-70dd-103a-93be-8d3917e85f22</userId><userState>active</userState><role></role><external>false</external><guid></guid></contributor><themeName>default</themeName><layout>3columnsWithBannerTopMenuLayout</layout><handle>maxservice-community</handle><communityStartPage>Wc65294bbe092_44db_8525_8138d264e4db</communityStartPage><isExternal>false</isExternal><owners><email>jjones1@cxn.pnp-hcl.com</email><name>Joe Jones1</name><userId>79ebc498-70dd-103a-93be-8d3917e85f22</userId><userState>active</userState><role>owner</role><external>false</external></owners><widgets><id><![CDATA[https://preview.hclconnections.net/communities/service/atom/community/widgets?communityUuid=868aeec2-525d-41a3-9c58-5f49b841c3c7&widgetInstanceId=Wf82e6e231d55_4dda_9acb_7a684b783195]]></id><parentUuid>868aeec2-525d-41a3-9c58-5f49b841c3c7</parentUuid><containerUuid xmlns:xsi="http://www.w3.org/2001/XMLSchema-instance" xsi:nil="true"></containerUuid><title><content>ImportantBookmarks</content><type>text</type><src></src></title><categories><label></label><scheme>http://www.ibm.com/xmlns/prod/sn/type</scheme><term>widget</term></categories><links><href><![CDATA[https://preview.hclconnections.net/communities/service/atom/community/widgets?communityUuid=868aeec2-525d-41a3-9c58-5f49b841c3c7&widgetInstanceId=Wf82e6e231d55_4dda_9acb_7a684b783195]]></href><rel>self</rel><type></type><title></title></links><links><href>https://preview.hclconnections.net/communities/service/atom/community/widgets?communityUuid=868aeec2-525d-41a3-9c58-5f49b841c3c7</href><rel>edit</rel><type></type><title></title></links><links><href>https://preview.hclconnections.net/communities/service/html/communityoverview?communityUuid=868aeec2-525d-41a3-9c58-5f49b841c3c7</href><rel>alternate</rel><type></type><title></title></links><widgetDefId>ImportantBookmarks</widgetDefId><widgetInstanceId>Wf82e6e231d55_4dda_9acb_7a684b783195</widgetInstanceId><widgetCategory></widgetCategory><isHidden>false</isHidden><location>col3</location><previousWidgetInstanceId></previousWidgetInstanceId></widgets><widgets><id><![CDATA[https://preview.hclconnections.net/communities/service/atom/community/widgets?communityUuid=868aeec2-525d-41a3-9c58-5f49b841c3c7&widgetInstanceId=Wc65294bbe092_44db_8525_8138d264e4db]]></id><parentUuid>868aeec2-525d-41a3-9c58-5f49b841c3c7</parentUuid><containerUuid xmlns:xsi="http://www.w3.org/2001/XMLSchema-instance" xsi:nil="true"></containerUuid><title><content>Highlights</content><type>text</type><src></src></title><categories><label></label><scheme>http://www.ibm.com/xmlns/prod/sn/type</scheme><term>widget</term></categories><links><href><![CDATA[https://preview.hclconnections.net/communities/service/atom/community/widgets?communityUuid=868aeec2-525d-41a3-9c58-5f49b841c3c7&widgetInstanceId=Wc65294bbe092_44db_8525_8138d264e4db]]></href><rel>self</rel><type></type><title></title></links><links><href>https://preview.hclconnections.net/communities/service/atom/community/widgets?communityUuid=868aeec2-525d-41a3-9c58-5f49b841c3c7</href><rel>edit</rel><type></type><title></title></links><links><href>https://preview.hclconnections.net/communities/service/html/communityoverview?communityUuid=868aeec2-525d-41a3-9c58-5f49b841c3c7#fullpageWidgetId=Wc65294bbe092_44db_8525_8138d264e4db</href><rel>alternate</rel><type></type><title></title></links><widgetDefId>Highlights</widgetDefId><widgetInstanceId>Wc65294bbe092_44db_8525_8138d264e4db</widgetInstanceId><widgetCategory></widgetCategory><isHidden>false</isHidden><location>col1</location><previousWidgetInstanceId></previousWidgetInstanceId></widgets><widgets><id><![CDATA[https://preview.hclconnections.net/communities/service/atom/community/widgets?communityUuid=868aeec2-525d-41a3-9c58-5f49b841c3c7&widgetInstanceId=Wa2aeff2a94f7_44ce_9d86_7e7cb72ff264]]></id><parentUuid>868aeec2-525d-41a3-9c58-5f49b841c3c7</parentUuid><containerUuid xmlns:xsi="http://www.w3.org/2001/XMLSchema-instance" xsi:nil="true"></containerUuid><title><content>MembersSummary</content><type>text</type><src></src></title><categories><label></label><scheme>http://www.ibm.com/xmlns/prod/sn/type</scheme><term>widget</term></categories><links><href><![CDATA[https://preview.hclconnections.net/communities/service/atom/community/widgets?communityUuid=868aeec2-525d-41a3-9c58-5f49b841c3c7&widgetInstanceId=Wa2aeff2a94f7_44ce_9d86_7e7cb72ff264]]></href><rel>self</rel><type></type><title></title></links><links><href>https://preview.hclconnections.net/communities/service/atom/community/widgets?communityUuid=868aeec2-525d-41a3-9c58-5f49b841c3c7</href><rel>edit</rel><type></type><title></title></links><links><href>https://preview.hclconnections.net/communities/service/html/communityoverview?communityUuid=868aeec2-525d-41a3-9c58-5f49b841c3c7</href><rel>alternate</rel><type></type><title></title></links><widgetDefId>MembersSummary</widgetDefId><widgetInstanceId>Wa2aeff2a94f7_44ce_9d86_7e7cb72ff264</widgetInstanceId><widgetCategory></widgetCategory><isHidden>false</isHidden><location>col3</location><previousWidgetInstanceId>Wf82e6e231d55_4dda_9acb_7a684b783195</previousWidgetInstanceId></widgets><widgets><id><![CDATA[https://preview.hclconnections.net/communities/service/atom/community/widgets?communityUuid=868aeec2-525d-41a3-9c58-5f49b841c3c7&widgetInstanceId=W17e9c5818995_439a_a817_34d8c85d8ff4]]></id><parentUuid>868aeec2-525d-41a3-9c58-5f49b841c3c7</parentUuid><containerUuid xmlns:xsi="http://www.w3.org/2001/XMLSchema-instance" xsi:nil="true"></containerUuid><title><content>Status Updates</content><type>text</type><src></src></title><categories><label></label><scheme>http://www.ibm.com/xmlns/prod/sn/type</scheme><term>widget</term></categories><links><href><![CDATA[https://preview.hclconnections.net/communities/service/atom/community/widgets?communityUuid=868aeec2-525d-41a3-9c58-5f49b841c3c7&widgetInstanceId=W17e9c5818995_439a_a817_34d8c85d8ff4]]></href><rel>self</rel><type></type><title></title></links><links><href>https://preview.hclconnections.net/communities/service/atom/community/widgets?communityUuid=868aeec2-525d-41a3-9c58-5f49b841c3c7</href><rel>edit</rel><type></type><title></title></links><links><href><![CDATA[https://preview.hclconnections.net/communities/service/html/community/updates?communityUuid=868aeec2-525d-41a3-9c58-5f49b841c3c7&filter=status]]></href><rel>alternate</rel><type></type><title></title></links><widgetDefId>StatusUpdates</widgetDefId><widgetInstanceId>W17e9c5818995_439a_a817_34d8c85d8ff4</widgetInstanceId><widgetCategory></widgetCategory><isHidden>false</isHidden><location>col2statusposts</location><previousWidgetInstanceId></previousWidgetInstanceId><widgetProperties><key>objectIdentifyingId</key><value>89ab9bc3-4325-4f03-be46-ade081960f3f</value></widgetProperties></widgets><widgets><id><![CDATA[https://preview.hclconnections.net/communities/service/atom/community/widgets?communityUuid=868aeec2-525d-41a3-9c58-5f49b841c3c7&widgetInstanceId=Wbdf9d9c2da40_42f1_8630_a56de5d0abe8]]></id><parentUuid>868aeec2-525d-41a3-9c58-5f49b841c3c7</parentUuid><containerUuid xmlns:xsi="http://www.w3.org/2001/XMLSchema-instance" xsi:nil="true"></containerUuid><title><content>description</content><type>text</type><src></src></title><categories><label></label><scheme>http://www.ibm.com/xmlns/prod/sn/type</scheme><term>widget</term></categories><links><href><![CDATA[https://preview.hclconnections.net/communities/service/atom/community/widgets?communityUuid=868aeec2-525d-41a3-9c58-5f49b841c3c7&widgetInstanceId=Wbdf9d9c2da40_42f1_8630_a56de5d0abe8]]></href><rel>self</rel><type></type><title></title></links><links><href>https://preview.hclconnections.net/communities/service/atom/community/widgets?communityUuid=868aeec2-525d-41a3-9c58-5f49b841c3c7</href><rel>edit</rel><type></type><title></title></links><links><href>https://preview.hclconnections.net/communities/service/html/communityoverview?communityUuid=868aeec2-525d-41a3-9c58-5f49b841c3c7</href><rel>alternate</rel><type></type><title></title></links><widgetDefId>description</widgetDefId><widgetInstanceId>Wbdf9d9c2da40_42f1_8630_a56de5d0abe8</widgetInstanceId><widgetCategory></widgetCategory><isHidden>false</isHidden><location>col2</location><previousWidgetInstanceId></previousWidgetInstanceId></widgets><widgets><id><![CDATA[https://preview.hclconnections.net/communities/service/atom/community/widgets?communityUuid=868aeec2-525d-41a3-9c58-5f49b841c3c7&widgetInstanceId=Wf686b873e07d_4033_b45f_f1a59734a9c5]]></id><parentUuid>868aeec2-525d-41a3-9c58-5f49b841c3c7</parentUuid><containerUuid xmlns:xsi="http://www.w3.org/2001/XMLSchema-instance" xsi:nil="true"></containerUuid><title><content>Forums</content><type>text</type><src></src></title><categories><label></label><scheme>http://www.ibm.com/xmlns/prod/sn/type</scheme><term>widget</term></categories><links><href><![CDATA[https://preview.hclconnections.net/communities/service/atom/community/widgets?communityUuid=868aeec2-525d-41a3-9c58-5f49b841c3c7&widgetInstanceId=Wf686b873e07d_4033_b45f_f1a59734a9c5]]></href><rel>self</rel><type></type><title></title></links><links><href>https://preview.hclconnections.net/communities/service/atom/community/widgets?communityUuid=868aeec2-525d-41a3-9c58-5f49b841c3c7</href><rel>edit</rel><type></type><title></title></links><links><href>https://preview.hclconnections.net/communities/service/html/communityoverview?communityUuid=868aeec2-525d-41a3-9c58-5f49b841c3c7#fullpageWidgetId=Wf686b873e07d_4033_b45f_f1a59734a9c5</href><rel>alternate</rel><type></type><title></title></links><widgetDefId>Forum</widgetDefId><widgetInstanceId>Wf686b873e07d_4033_b45f_f1a59734a9c5</widgetInstanceId><widgetCategory></widgetCategory><isHidden>false</isHidden><location>col2</location><previousWidgetInstanceId>Wbdf9d9c2da40_42f1_8630_a56de5d0abe8</previousWidgetInstanceId></widgets><widgets><id><![CDATA[https://preview.hclconnections.net/communities/service/atom/community/widgets?communityUuid=868aeec2-525d-41a3-9c58-5f49b841c3c7&widgetInstanceId=W27fb4a1458cd_47ee_96e3_61fba1ade399]]></id><parentUuid>868aeec2-525d-41a3-9c58-5f49b841c3c7</parentUuid><containerUuid xmlns:xsi="http://www.w3.org/2001/XMLSchema-instance" xsi:nil="true"></containerUuid><title><content>Bookmarks</content><type>text</type><src></src></title><categories><label></label><scheme>http://www.ibm.com/xmlns/prod/sn/type</scheme><term>widget</term></categories><links><href><![CDATA[https://preview.hclconnections.net/communities/service/atom/community/widgets?communityUuid=868aeec2-525d-41a3-9c58-5f49b841c3c7&widgetInstanceId=W27fb4a1458cd_47ee_96e3_61fba1ade399]]></href><rel>self</rel><type></type><title></title></links><links><href>https://preview.hclconnections.net/communities/service/atom/community/widgets?communityUuid=868aeec2-525d-41a3-9c58-5f49b841c3c7</href><rel>edit</rel><type></type><title></title></links><links><href>https://preview.hclconnections.net/communities/service/html/community/bookmarks?communityUuid=868aeec2-525d-41a3-9c58-5f49b841c3c7</href><rel>alternate</rel><type></type><title></title></links><widgetDefId>Bookmarks</widgetDefId><widgetInstanceId>W27fb4a1458cd_47ee_96e3_61fba1ade399</widgetInstanceId><widgetCategory></widgetCategory><isHidden>false</isHidden><location>col2</location><previousWidgetInstanceId>Wf686b873e07d_4033_b45f_f1a59734a9c5</previousWidgetInstanceId></widgets><widgets><id><![CDATA[https://preview.hclconnections.net/communities/service/atom/community/widgets?communityUuid=868aeec2-525d-41a3-9c58-5f49b841c3c7&widgetInstanceId=W402cd2ffd42b_4bbb_9ccb_6c0f4862fc80]]></id><parentUuid>868aeec2-525d-41a3-9c58-5f49b841c3c7</parentUuid><containerUuid xmlns:xsi="http://www.w3.org/2001/XMLSchema-instance" xsi:nil="true"></containerUuid><title><content>Files</content><type>text</type><src></src></title><categories><label></label><scheme>http://www.ibm.com/xmlns/prod/sn/type</scheme><term>widget</term></categories><links><href><![CDATA[https://preview.hclconnections.net/communities/service/atom/community/widgets?communityUuid=868aeec2-525d-41a3-9c58-5f49b841c3c7&widgetInstanceId=W402cd2ffd42b_4bbb_9ccb_6c0f4862fc80]]></href><rel>self</rel><type></type><title></title></links><links><href>https://preview.hclconnections.net/communities/service/atom/community/widgets?communityUuid=868aeec2-525d-41a3-9c58-5f49b841c3c7</href><rel>edit</rel><type></type><title></title></links><links><href>https://preview.hclconnections.net/communities/service/html/communityoverview?communityUuid=868aeec2-525d-41a3-9c58-5f49b841c3c7#fullpageWidgetId=W402cd2ffd42b_4bbb_9ccb_6c0f4862fc80</href><rel>alternate</rel><type></type><title></title></links><widgetDefId>Files</widgetDefId><widgetInstanceId>W402cd2ffd42b_4bbb_9ccb_6c0f4862fc80</widgetInstanceId><widgetCategory></widgetCategory><isHidden>false</isHidden><location>col2</location><previousWidgetInstanceId>W27fb4a1458cd_47ee_96e3_61fba1ade399</previousWidgetInstanceId></widgets><widgets><id><![CDATA[https://preview.hclconnections.net/communities/service/atom/community/widgets?communityUuid=868aeec2-525d-41a3-9c58-5f49b841c3c7&widgetInstanceId=W43322b9b09b3_408f_9ae7_6d842312c2a1]]></id><parentUuid>868aeec2-525d-41a3-9c58-5f49b841c3c7</parentUuid><containerUuid xmlns:xsi="http://www.w3.org/2001/XMLSchema-instance" xsi:nil="true"></containerUuid><title><content>Tags</content><type>text</type><src></src></title><categories><label></label><scheme>http://www.ibm.com/xmlns/prod/sn/type</scheme><term>widget</term></categories><links><href><![CDATA[https://preview.hclconnections.net/communities/service/atom/community/widgets?communityUuid=868aeec2-525d-41a3-9c58-5f49b841c3c7&widgetInstanceId=W43322b9b09b3_408f_9ae7_6d842312c2a1]]></href><rel>self</rel><type></type><title></title></links><links><href>https://preview.hclconnections.net/communities/service/atom/community/widgets?communityUuid=868aeec2-525d-41a3-9c58-5f49b841c3c7</href><rel>edit</rel><type></type><title></title></links><links><href>https://preview.hclconnections.net/communities/service/html/communityoverview?communityUuid=868aeec2-525d-41a3-9c58-5f49b841c3c7</href><rel>alternate</rel><type></type><title></title></links><widgetDefId>Tags</widgetDefId><widgetInstanceId>W43322b9b09b3_408f_9ae7_6d842312c2a1</widgetInstanceId><widgetCategory></widgetCategory><isHidden>false</isHidden><location>col1</location><previousWidgetInstanceId>Wc65294bbe092_44db_8525_8138d264e4db</previousWidgetInstanceId></widgets><widgets><id><![CDATA[https://preview.hclconnections.net/communities/service/atom/community/widgets?communityUuid=868aeec2-525d-41a3-9c58-5f49b841c3c7&widgetInstanceId=W0424f7b44d6c_4e64_b760_05b0581654cc]]></id><parentUuid>868aeec2-525d-41a3-9c58-5f49b841c3c7</parentUuid><containerUuid xmlns:xsi="http://www.w3.org/2001/XMLSchema-instance" xsi:nil="true"></containerUuid><title><content>RichContent</content><type>text</type><src></src></title><categories><label></label><scheme>http://www.ibm.com/xmlns/prod/sn/type</scheme><term>widget</term></categories><links><href><![CDATA[https://preview.hclconnections.net/communities/service/atom/community/widgets?communityUuid=868aeec2-525d-41a3-9c58-5f49b841c3c7&widgetInstanceId=W0424f7b44d6c_4e64_b760_05b0581654cc]]></href><rel>self</rel><type></type><title></title></links><links><href>https://preview.hclconnections.net/communities/service/atom/community/widgets?communityUuid=868aeec2-525d-41a3-9c58-5f49b841c3c7</href><rel>edit</rel><type></type><title></title></links><links><href>https://preview.hclconnections.net/communities/service/html/communityoverview?communityUuid=868aeec2-525d-41a3-9c58-5f49b841c3c7</href><rel>alternate</rel><type></type><title></title></links><widgetDefId>RichContent</widgetDefId><widgetInstanceId>W0424f7b44d6c_4e64_b760_05b0581654cc</widgetInstanceId><widgetCategory></widgetCategory><isHidden>false</isHidden><location>banner</location><previousWidgetInstanceId></previousWidgetInstanceId><widgetProperties><key>resourceOrgId</key><value>a</value></widgetProperties><widgetProperties><key>wikicommunity</key><value>{"wikilabel":"conn-rte#868aeec2-525d-41a3-9c58-5f49b841c3c7","pageId":"aea0851a-a63e-4e43-b5a3-1a9439d61a18","pageName":"868aeec2-525d-41a3-9c58-5f49b841c3c7New Page1599472773806"}</value></widgetProperties></widgets><widgets><id><![CDATA[https://preview.hclconnections.net/communities/service/atom/community/widgets?communityUuid=868aeec2-525d-41a3-9c58-5f49b841c3c7&widgetInstanceId=W86979d6681db_484a_ba47_ad7fa9fe7c07]]></id><parentUuid>868aeec2-525d-41a3-9c58-5f49b841c3c7</parentUuid><containerUuid xmlns:xsi="http://www.w3.org/2001/XMLSchema-instance" xsi:nil="true"></containerUuid><title><content>Wiki</content><type>text</type><src></src></title><categories><label></label><scheme>http://www.ibm.com/xmlns/prod/sn/type</scheme><term>widget</term></categories><links><href><![CDATA[https://preview.hclconnections.net/communities/service/atom/community/widgets?communityUuid=868aeec2-525d-41a3-9c58-5f49b841c3c7&widgetInstanceId=W86979d6681db_484a_ba47_ad7fa9fe7c07]]></href><rel>self</rel><type></type><title></title></links><links><href>https://preview.hclconnections.net/communities/service/atom/community/widgets?communityUuid=868aeec2-525d-41a3-9c58-5f49b841c3c7</href><rel>edit</rel><type></type><title></title></links><links><href>https://preview.hclconnections.net/wikis/communitywiki?communityUuid=868aeec2-525d-41a3-9c58-5f49b841c3c7</href><rel>alternate</rel><type></type><title></title></links><widgetDefId>Wiki</widgetDefId><widgetInstanceId>W86979d6681db_484a_ba47_ad7fa9fe7c07</widgetInstanceId><widgetCategory></widgetCategory><isHidden>false</isHidden><location>col2</location><previousWidgetInstanceId>W402cd2ffd42b_4bbb_9ccb_6c0f4862fc80</previousWidgetInstanceId></widgets><widgets><id><![CDATA[https://preview.hclconnections.net/communities/service/atom/community/widgets?communityUuid=868aeec2-525d-41a3-9c58-5f49b841c3c7&widgetInstanceId=W1518233afe87_4476_9e35_b139c5fc4dba]]></id><parentUuid>868aeec2-525d-41a3-9c58-5f49b841c3c7</parentUuid><containerUuid xmlns:xsi="http://www.w3.org/2001/XMLSchema-instance" xsi:nil="true"></containerUuid><title><content>Blog</content><type>text</type><src></src></title><categories><label></label><scheme>http://www.ibm.com/xmlns/prod/sn/type</scheme><term>widget</term></categories><links><href><![CDATA[https://preview.hclconnections.net/communities/service/atom/community/widgets?communityUuid=868aeec2-525d-41a3-9c58-5f49b841c3c7&widgetInstanceId=W1518233afe87_4476_9e35_b139c5fc4dba]]></href><rel>self</rel><type></type><title></title></links><links><href>https://preview.hclconnections.net/communities/service/atom/community/widgets?communityUuid=868aeec2-525d-41a3-9c58-5f49b841c3c7</href><rel>edit</rel><type></type><title></title></links><links><href>https://preview.hclconnections.net/blogs/868aeec2-525d-41a3-9c58-5f49b841c3c7?lang=en_us</href><rel>alternate</rel><type></type><title></title></links><widgetDefId>Blog</widgetDefId><widgetInstanceId>W1518233afe87_4476_9e35_b139c5fc4dba</widgetInstanceId><widgetCategory></widgetCategory><isHidden>false</isHidden><location>col2</location><previousWidgetInstanceId>W86979d6681db_484a_ba47_ad7fa9fe7c07</previousWidgetInstanceId><widgetProperties><key>new id</key><value>868aeec2-525d-41a3-9c58-5f49b841c3c7</value></widgetProperties><widgetProperties><key>old id</key><value>868aeec2-525d-41a3-9c58-5f49b841c3c7</value></widgetProperties></widgets><widgets><id><![CDATA[https://preview.hclconnections.net/communities/service/atom/community/widgets?communityUuid=868aeec2-525d-41a3-9c58-5f49b841c3c7&widgetInstanceId=W4040806d7780_471a_a0c4_e05a96831975]]></id><parentUuid>868aeec2-525d-41a3-9c58-5f49b841c3c7</parentUuid><containerUuid xmlns:xsi="http://www.w3.org/2001/XMLSchema-instance" xsi:nil="true"></containerUuid><title><content>Ideation Blog</content><type>text</type><src></src></title><categories><label></label><scheme>http://www.ibm.com/xmlns/prod/sn/type</scheme><term>widget</term></categories><links><href><![CDATA[https://preview.hclconnections.net/communities/service/atom/community/widgets?communityUuid=868aeec2-525d-41a3-9c58-5f49b841c3c7&widgetInstanceId=W4040806d7780_471a_a0c4_e05a96831975]]></href><rel>self</rel><type></type><title></title></links><links><href>https://preview.hclconnections.net/communities/service/atom/community/widgets?communityUuid=868aeec2-525d-41a3-9c58-5f49b841c3c7</href><rel>edit</rel><type></type><title></title></links><links><href>https://preview.hclconnections.net/communities/service/html/communityoverview?communityUuid=868aeec2-525d-41a3-9c58-5f49b841c3c7#fullpageWidgetId=W4040806d7780_471a_a0c4_e05a96831975</href><rel>alternate</rel><type></type><title></title></links><widgetDefId>IdeationBlog</widgetDefId><widgetInstanceId>W4040806d7780_471a_a0c4_e05a96831975</widgetInstanceId><widgetCategory></widgetCategory><isHidden>false</isHidden><location>col2</location><previousWidgetInstanceId>W1518233afe87_4476_9e35_b139c5fc4dba</previousWidgetInstanceId><widgetProperties><key>new id</key><value>868aeec2-525d-41a3-9c58-5f49b841c3c7</value></widgetProperties><widgetProperties><key>ideationWidgetUpdated</key><value>e17612dc-529a-4d31-90c7-dde4732aeb1d</value></widgetProperties><widgetProperties><key>old id</key><value>868aeec2-525d-41a3-9c58-5f49b841c3c7</value></widgetProperties></widgets><widgets><id><![CDATA[https://preview.hclconnections.net/communities/service/atom/community/widgets?communityUuid=868aeec2-525d-41a3-9c58-5f49b841c3c7&widgetInstanceId=Wfa3109ca9e0b_44e0_bd6d_23a3bc33e0a6]]></id><parentUuid>868aeec2-525d-41a3-9c58-5f49b841c3c7</parentUuid><containerUuid xmlns:xsi="http://www.w3.org/2001/XMLSchema-instance" xsi:nil="true"></containerUuid><title><content>Gallery</content><type>text</type><src></src></title><categories><label></label><scheme>http://www.ibm.com/xmlns/prod/sn/type</scheme><term>widget</term></categories><links><href><![CDATA[https://preview.hclconnections.net/communities/service/atom/community/widgets?communityUuid=868aeec2-525d-41a3-9c58-5f49b841c3c7&widgetInstanceId=Wfa3109ca9e0b_44e0_bd6d_23a3bc33e0a6]]></href><rel>self</rel><type></type><title></title></links><links><href>https://preview.hclconnections.net/communities/service/atom/community/widgets?communityUuid=868aeec2-525d-41a3-9c58-5f49b841c3c7</href><rel>edit</rel><type></type><title></title></links><links><href>https://preview.hclconnections.net/communities/service/html/communityoverview?communityUuid=868aeec2-525d-41a3-9c58-5f49b841c3c7</href><rel>alternate</rel><type></type><title></title></links><widgetDefId>Gallery</widgetDefId><widgetInstanceId>Wfa3109ca9e0b_44e0_bd6d_23a3bc33e0a6</widgetInstanceId><widgetCategory></widgetCategory><isHidden>false</isHidden><location>col3</location><previousWidgetInstanceId>Wa2aeff2a94f7_44ce_9d86_7e7cb72ff264</previousWidgetInstanceId></widgets><remoteApplications><id>urn:lsid:ibm.com:communities:remoteapplication-W86979d6681db_484a_ba47_ad7fa9fe7c07</id><category><label></label><scheme>http://www.ibm.com/xmlns/prod/sn/type</scheme><term>Wiki</term></category><title><content>Wiki</content><type>text</type><src></src></title><content><content>Wiki</content><type>text</type><src></src></content><links><href>https://preview.hclconnections.net/wikis/basic/api/community/868aeec2-525d-41a3-9c58-5f49b841c3c7/introspection</href><rel>http://www.ibm.com/xmlns/prod/sn/remote-application/publish</rel><type>application/atomsvc+xml</type><title></title></links><links><href>https://preview.hclconnections.net/wikis/basic/api/communitywiki/868aeec2-525d-41a3-9c58-5f49b841c3c7/feed</href><rel>http://www.ibm.com/xmlns/prod/sn/remote-application/feed</rel><type>application/atom+xml</type><title></title></links><links><href><![CDATA[https://preview.hclconnections.net/communities/service/atom/community/remoteApplications?communityUuid=868aeec2-525d-41a3-9c58-5f49b841c3c7&remoteAppId=W86979d6681db_484a_ba47_ad7fa9fe7c07]]></href><rel>self</rel><type></type><title></title></links><published>1599423702745</published><updated>1607511062035</updated><author><email>jjones1@cxn.pnp-hcl.com</email><name>Joe Jones1</name><userId>79ebc498-70dd-103a-93be-8d3917e85f22</userId><userState>active</userState><role></role><external>false</external><guid></guid></author></remoteApplications><remoteApplications><id>urn:lsid:ibm.com:communities:remoteapplication-W17e9c5818995_439a_a817_34d8c85d8ff4</id><category><label></label><scheme>http://www.ibm.com/xmlns/prod/sn/type</scheme><term>StatusUpdates</term></category><title><content>Status Updates</content><type>text</type><src></src></title><content><content>StatusUpdates</content><type>text</type><src></src></content><links><href>https://preview.hclconnections.net/connections/opensocial/basic/rest/ublog/urn:lsid:lconn.ibm.com:communities.community:868aeec2-525d-41a3-9c58-5f49b841c3c7/@all?format=atom</href><rel>http://www.ibm.com/xmlns/prod/sn/remote-application/feed</rel><type>application/atom+xml</type><title></title></links><links><href><![CDATA[https://preview.hclconnections.net/communities/service/atom/community/remoteApplications?communityUuid=868aeec2-525d-41a3-9c58-5f49b841c3c7&remoteAppId=W17e9c5818995_439a_a817_34d8c85d8ff4]]></href><rel>self</rel><type></type><title></title></links><published>1599423702745</published><updated>1607511062035</updated><author><email>jjones1@cxn.pnp-hcl.com</email><name>Joe Jones1</name><userId>79ebc498-70dd-103a-93be-8d3917e85f22</userId><userState>active</userState><role></role><external>false</external><guid></guid></author></remoteApplications><remoteApplications><id>urn:lsid:ibm.com:communities:remoteapplication-W4040806d7780_471a_a0c4_e05a96831975</id><category><label></label><scheme>http://www.ibm.com/xmlns/prod/sn/type</scheme><term>IdeationBlog</term></category><title><content>Ideation Blog</content><type>text</type><src></src></title><content><content>IdeationBlog</content><type>text</type><src></src></content><links><href><![CDATA[https://preview.hclconnections.net/blogs/api/blogs?commUuid=868aeec2-525d-41a3-9c58-5f49b841c3c7&blogType=ideationblog]]></href><rel>http://www.ibm.com/xmlns/prod/sn/remote-application/publish</rel><type>application/atomsvc+xml</type><title></title></links><links><href><![CDATA[https://preview.hclconnections.net/blogs/atom/blogs?commUuid=868aeec2-525d-41a3-9c58-5f49b841c3c7&blogType=ideationblog]]></href><rel>http://www.ibm.com/xmlns/prod/sn/remote-application/feed</rel><type>application/atom+xml</type><title></title></links><links><href><![CDATA[https://preview.hclconnections.net/communities/service/atom/community/remoteApplications?communityUuid=868aeec2-525d-41a3-9c58-5f49b841c3c7&remoteAppId=W4040806d7780_471a_a0c4_e05a96831975]]></href><rel>self</rel><type></type><title></title></links><published>1599423702745</published><updated>1607511062035</updated><author><email>jjones1@cxn.pnp-hcl.com</email><name>Joe Jones1</name><userId>79ebc498-70dd-103a-93be-8d3917e85f22</userId><userState>active</userState><role></role><external>false</external><guid></guid></author></remoteApplications><remoteApplications><id>urn:lsid:ibm.com:communities:remoteapplication-Wf686b873e07d_4033_b45f_f1a59734a9c5</id><category><label></label><scheme>http://www.ibm.com/xmlns/prod/sn/type</scheme><term>Forum</term></category><title><content>Forums</content><type>text</type><src></src></title><content><content>Forum</content><type>text</type><src></src></content><links><href>https://preview.hclconnections.net/forums/atom/service?communityUuid=868aeec2-525d-41a3-9c58-5f49b841c3c7</href><rel>http://www.ibm.com/xmlns/prod/sn/remote-application/publish</rel><type>application/atomsvc+xml</type><title></title></links><links><href>https://preview.hclconnections.net/forums/atom/topics?communityUuid=868aeec2-525d-41a3-9c58-5f49b841c3c7</href><rel>http://www.ibm.com/xmlns/prod/sn/remote-application/feed</rel><type>application/atom+xml</type><title></title></links><links><href><![CDATA[https://preview.hclconnections.net/communities/service/atom/community/remoteApplications?communityUuid=868aeec2-525d-41a3-9c58-5f49b841c3c7&remoteAppId=Wf686b873e07d_4033_b45f_f1a59734a9c5]]></href><rel>self</rel><type></type><title></title></links><published>1599423702745</published><updated>1607511062035</updated><author><email>jjones1@cxn.pnp-hcl.com</email><name>Joe Jones1</name><userId>79ebc498-70dd-103a-93be-8d3917e85f22</userId><userState>active</userState><role></role><external>false</external><guid></guid></author></remoteApplications><remoteApplications><id>urn:lsid:ibm.com:communities:remoteapplication-W402cd2ffd42b_4bbb_9ccb_6c0f4862fc80</id><category><label></label><scheme>http://www.ibm.com/xmlns/prod/sn/type</scheme><term>Files</term></category><title><content>Files</content><type>text</type><src></src></title><content><content>Files</content><type>text</type><src></src></content><links><href>https://preview.hclconnections.net/files/basic/api/community/868aeec2-525d-41a3-9c58-5f49b841c3c7/introspection</href><rel>http://www.ibm.com/xmlns/prod/sn/remote-application/publish</rel><type>application/atomsvc+xml</type><title></title></links><links><href>https://preview.hclconnections.net/files/basic/api/communitycollection/868aeec2-525d-41a3-9c58-5f49b841c3c7/feed</href><rel>http://www.ibm.com/xmlns/prod/sn/remote-application/feed</rel><type>application/atom+xml</type><title></title></links><links><href><![CDATA[https://preview.hclconnections.net/communities/service/atom/community/remoteApplications?communityUuid=868aeec2-525d-41a3-9c58-5f49b841c3c7&remoteAppId=W402cd2ffd42b_4bbb_9ccb_6c0f4862fc80]]></href><rel>self</rel><type></type><title></title></links><published>1599423702745</published><updated>1607511062035</updated><author><email>jjones1@cxn.pnp-hcl.com</email><name>Joe Jones1</name><userId>79ebc498-70dd-103a-93be-8d3917e85f22</userId><userState>active</userState><role></role><external>false</external><guid></guid></author></remoteApplications><remoteApplications><id>urn:lsid:ibm.com:communities:remoteapplication-W27fb4a1458cd_47ee_96e3_61fba1ade399</id><category><label></label><scheme>http://www.ibm.com/xmlns/prod/sn/type</scheme><term>Bookmarks</term></category><title><content>Bookmarks</content><type>text</type><src></src></title><content><content>Bookmarks</content><type>text</type><src></src></content><links><href>https://preview.hclconnections.net/communities/service/atom/community/bookmarks/service?communityUuid=868aeec2-525d-41a3-9c58-5f49b841c3c7</href><rel>http://www.ibm.com/xmlns/prod/sn/remote-application/publish</rel><type>application/atomsvc+xml</type><title></title></links><links><href><![CDATA[https://preview.hclconnections.net/communities/service/atom/community/bookmarks?communityUuid=868aeec2-525d-41a3-9c58-5f49b841c3c7&ps=5]]></href><rel>http://www.ibm.com/xmlns/prod/sn/remote-application/feed</rel><type>application/atom+xml</type><title></title></links><links><href><![CDATA[https://preview.hclconnections.net/communities/service/atom/community/remoteApplications?communityUuid=868aeec2-525d-41a3-9c58-5f49b841c3c7&remoteAppId=W27fb4a1458cd_47ee_96e3_61fba1ade399]]></href><rel>self</rel><type></type><title></title></links><published>1599423702745</published><updated>1607511062035</updated><author><email>jjones1@cxn.pnp-hcl.com</email><name>Joe Jones1</name><userId>79ebc498-70dd-103a-93be-8d3917e85f22</userId><userState>active</userState><role></role><external>false</external><guid></guid></author></remoteApplications><remoteApplications><id>urn:lsid:ibm.com:communities:remoteapplication-W1518233afe87_4476_9e35_b139c5fc4dba</id><category><label></label><scheme>http://www.ibm.com/xmlns/prod/sn/type</scheme><term>Blog</term></category><title><content>Blog</content><type>text</type><src></src></title><content><content>Blog</content><type>text</type><src></src></content><links><href><![CDATA[https://preview.hclconnections.net/blogs/api/blogs?commUuid=868aeec2-525d-41a3-9c58-5f49b841c3c7&blogType=communityblog]]></href><rel>http://www.ibm.com/xmlns/prod/sn/remote-application/publish</rel><type>application/atomsvc+xml</type><title></title></links><links><href><![CDATA[https://preview.hclconnections.net/blogs/atom/blogs?commUuid=868aeec2-525d-41a3-9c58-5f49b841c3c7&blogType=communityblog]]></href><rel>http://www.ibm.com/xmlns/prod/sn/remote-application/feed</rel><type>application/atom+xml</type><title></title></links><links><href><![CDATA[https://preview.hclconnections.net/communities/service/atom/community/remoteApplications?communityUuid=868aeec2-525d-41a3-9c58-5f49b841c3c7&remoteAppId=W1518233afe87_4476_9e35_b139c5fc4dba]]></href><rel>self</rel><type></type><title></title></links><published>1599423702745</published><updated>1607511062035</updated><author><email>jjones1@cxn.pnp-hcl.com</email><name>Joe Jones1</name><userId>79ebc498-70dd-103a-93be-8d3917e85f22</userId><userState>active</userState><role></role><external>false</external><guid></guid></author></remoteApplications><isSubcommunity>false</isSubcommunity><isDeleted>false</isDeleted><icVersion>60</icVersion></community>