[ {
  "backupPath" : "Tmplt_1607710547614_868aeec2-525d-41a3-9c58-5f49b841c3c7",
  "restoredObjectId" : "5c548d68-b1ae-4a57-a750-9b1b8d9ded2f",
  "scope" : "internal",
  "updateType" : "UUID",
  "uuids" : [ "868aeec2-525d-41a3-9c58-5f49b841c3c7" ]
}, {
  "backupPath" : "Tmplt_1607710547614_868aeec2-525d-41a3-9c58-5f49b841c3c7/wiki_8535882c-dfe8-4a39-b73f-7aba81182e56",
  "restoredObjectId" : "5c548d68-b1ae-4a57-a750-9b1b8d9ded2f",
  "scope" : "internal",
  "updateType" : "UUID",
  "uuids" : [ "c27683e6-3a35-4685-8103-93359971dd74", "8535882c-dfe8-4a39-b73f-7aba81182e56", "7f22a5f6-5708-4385-b0e8-3e4478cd0770" ]
}, {
  "backupPath" : "Tmplt_1607710547614_868aeec2-525d-41a3-9c58-5f49b841c3c7",
  "restoredObjectId" : "5c548d68-b1ae-4a57-a750-9b1b8d9ded2f",
  "status" : "WAITING",
  "scope" : "external",
  "updateType" : "UUID",
  "uuids" : [ "e17612dc-529a-4d31-90c7-dde4732aeb1d", "aea0851a-a63e-4e43-b5a3-1a9439d61a18" ]
} ]