<?xml version="1.0" encoding="UTF-8"?><wiki><author><email></email><name>System User</name><userId>00000000-0000-0000-0000-000000000000</userId><userState></userState><role></role><external>false</external><guid></guid></author><category><label>wiki</label><scheme>tag:ibm.com,2006:td/type</scheme><term>wiki</term></category><content><content></content><type>application/atom+xml</type><src></src></content><created>1599473775811</created><id>urn:lsid:ibm.com:td:8535882c-dfe8-4a39-b73f-7aba81182e56</id><label>W86979d6681db_484a_ba47_ad7fa9fe7c07</label><links><href>https://preview.hclconnections.net/wikis/basic/api/wiki/W86979d6681db_484a_ba47_ad7fa9fe7c07/entry</href><rel>self</rel><type></type><title></title></links><links><href>https://preview.hclconnections.net/wikis/home/wiki/W86979d6681db_484a_ba47_ad7fa9fe7c07</href><rel>alternate</rel><type>text/html</type><title></title></links><links><href>https://preview.hclconnections.net/wikis/basic/api/wiki/W86979d6681db_484a_ba47_ad7fa9fe7c07/entry</href><rel>edit</rel><type></type><title></title></links><links><href>https://preview.hclconnections.net/communities/service/atom/community/instance?communityUuid=868aeec2-525d-41a3-9c58-5f49b841c3c7</href><rel>http://www.ibm.com/xmlns/prod/sn/container</rel><type>application/atom+xml</type><title></title></links><members><id>ca:/wiki/8535882c-dfe8-4a39-b73f-7aba81182e56/members/00000000-0000-0000-0000-000000000000</id><title><content>System User</content><type>text</type><src></src></title><links><href>https://preview.hclconnections.net/wikis/basic/api/wiki/8535882c-dfe8-4a39-b73f-7aba81182e56/members/00000000-0000-0000-0000-000000000000</href><rel>self</rel><type></type><title></title></links><links><href>https://preview.hclconnections.net/wikis/basic/api/wiki/8535882c-dfe8-4a39-b73f-7aba81182e56/members/00000000-0000-0000-0000-000000000000</href><rel>edit</rel><type></type><title></title></links><email></email><name>System User</name><userId>00000000-0000-0000-0000-000000000000</userId><userState></userState><userRole>manager</userRole><userType>user</userType></members><modified>1607511062022</modified><modifier><email>jjones1@cxn.pnp-hcl.com</email><name>Joe Jones1</name><userId>79ebc498-70dd-103a-93be-8d3917e85f22</userId><userState>active</userState><role></role><external>false</external><guid></guid></modifier><published>1599473775811</published><summary><content>It is a long established fact that a reader will be distracted by the readable content of a page when looking at its layout. The point of using Lorem Ipsum is that it has a more-or-less normal distribution of letters, as opposed to using 'Content here, content here', making it look like readable English.</content><type>text</type><src></src></summary><themeName>default</themeName><title><content>MaxService Community</content><type>text</type><src></src></title><totalRemovedSize>0</totalRemovedSize><updated>1607511062022</updated><uuid>8535882c-dfe8-4a39-b73f-7aba81182e56</uuid><communityUuid>868aeec2-525d-41a3-9c58-5f49b841c3c7</communityUuid><externalInstanceId>W86979d6681db_484a_ba47_ad7fa9fe7c07</externalInstanceId><visibilityComputed>PUBLIC_TO_VIEWERS</visibilityComputed><librarySize>469427</librarySize><libraryQuota>524288000</libraryQuota><isExternal>false</isExternal><hierarchy><wikiPageHierarchy><label>Welcome to Deb Business Service</label><uuid>c27683e6-3a35-4685-8103-93359971dd74</uuid><parentUuid xmlns:xsi="http://www.w3.org/2001/XMLSchema-instance" xsi:nil="true"></parentUuid></wikiPageHierarchy></hierarchy><icVersion>60</icVersion></wiki>