<?xml version="1.0" encoding="UTF-8"?><community><uuid>b9c878e9-2736-4e1f-8a65-208a5a4c1f4f</uuid><parentUuid xmlns:xsi="http://www.w3.org/2001/XMLSchema-instance" xsi:nil="true"></parentUuid><id>http://communities.ibm.com:2006/service/atom/community/instance?communityUuid=b9c878e9-2736-4e1f-8a65-208a5a4c1f4f</id><title><content>mikiworknfun</content><type>text</type><src></src></title><categories><label></label><scheme>http://www.ibm.com/xmlns/prod/sn/type</scheme><term>community</term></categories><links><href>https://preview.hclconnections.net/communities/service/atom/community/instance?communityUuid=b9c878e9-2736-4e1f-8a65-208a5a4c1f4f</href><rel>self</rel><type></type><title></title></links><links><href>https://preview.hclconnections.net/communities/service/atom/community/instance?communityUuid=b9c878e9-2736-4e1f-8a65-208a5a4c1f4f</href><rel>edit</rel><type></type><title></title></links><links><href>https://preview.hclconnections.net/communities/service/html/communitystart?communityUuid=b9c878e9-2736-4e1f-8a65-208a5a4c1f4f</href><rel>alternate</rel><type>text/html</type><title></title></links><links><href><![CDATA[https://preview.hclconnections.net/communities/service/html/image?communityUuid=b9c878e9-2736-4e1f-8a65-208a5a4c1f4f&lastMod=1607515593473]]></href><rel>http://www.ibm.com/xmlns/prod/sn/logo</rel><type></type><title></title></links><links><href>https://preview.hclconnections.net/communities/service/atom/community/service?communityUuid=b9c878e9-2736-4e1f-8a65-208a5a4c1f4f</href><rel>http://www.ibm.com/xmlns/prod/sn/service</rel><type>application/atomsvc+xml</type><title></title></links><links><href>https://preview.hclconnections.net/communities/service/atom/community/members?communityUuid=b9c878e9-2736-4e1f-8a65-208a5a4c1f4f</href><rel>http://www.ibm.com/xmlns/prod/sn/member-list</rel><type>application/atom+xml</type><title></title></links><links><href>https://preview.hclconnections.net/communities/service/atom/community/bookmarks?communityUuid=b9c878e9-2736-4e1f-8a65-208a5a4c1f4f</href><rel>http://www.ibm.com/xmlns/prod/sn/bookmarks</rel><type>application/atom+xml</type><title></title></links><links><href>https://preview.hclconnections.net/communities/service/atom/community/feeds?communityUuid=b9c878e9-2736-4e1f-8a65-208a5a4c1f4f</href><rel>http://www.ibm.com/xmlns/prod/sn/feeds</rel><type>application/atom+xml</type><title></title></links><links><href>https://preview.hclconnections.net/communities/service/atom/community/remoteApplications?communityUuid=b9c878e9-2736-4e1f-8a65-208a5a4c1f4f</href><rel>http://www.ibm.com/xmlns/prod/sn/remote-applications</rel><type>application/atom+xml</type><title></title></links><links><href>https://preview.hclconnections.net/forums/atom/topics?communityUuid=b9c878e9-2736-4e1f-8a65-208a5a4c1f4f</href><rel>http://www.ibm.com/xmlns/prod/sn/forum-topics</rel><type>application/atom+xml</type><title></title></links><links><href>https://preview.hclconnections.net/communities/service/atom/community/invites?communityUuid=b9c878e9-2736-4e1f-8a65-208a5a4c1f4f</href><rel>http://www.ibm.com/xmlns/prod/sn/invitations-list</rel><type>application/atom+xml</type><title></title></links><links><href>https://preview.hclconnections.net/communities/service/atom/community/widgets?communityUuid=b9c878e9-2736-4e1f-8a65-208a5a4c1f4f</href><rel>http://www.ibm.com/xmlns/prod/sn/widgets</rel><type>application/atom+xml</type><title></title></links><links><href>https://preview.hclconnections.net/communities/service/atom/community/pages?communityUuid=b9c878e9-2736-4e1f-8a65-208a5a4c1f4f</href><rel>http://www.ibm.com/xmlns/prod/sn/pages</rel><type>application/atom+xml</type><title></title></links><links><href>https://preview.hclconnections.net/communities/service/atom/community/subcommunities?communityUuid=b9c878e9-2736-4e1f-8a65-208a5a4c1f4f</href><rel>http://www.ibm.com/xmlns/prod/sn/subcommunities</rel><type>application/atom+xml</type><title></title></links><links><href>https://preview.hclconnections.net/connections/opensocial/rest/activitystreams/urn:lsid:lconn.ibm.com:communities.community:b9c878e9-2736-4e1f-8a65-208a5a4c1f4f/@all/@all?format=atom</href><rel>http://www.ibm.com/xmlns/prod/sn/activitystream</rel><type>application/atom+xml</type><title></title></links><links><href>https://preview.hclconnections.net/connections/opensocial/rest/ublog/urn:lsid:lconn.ibm.com:communities.community:b9c878e9-2736-4e1f-8a65-208a5a4c1f4f/@all?format=atom</href><rel>http://www.ibm.com/xmlns/prod/sn/microblog</rel><type>application/atom+xml</type><title></title></links><links><href>https://preview.hclconnections.net/communities/service/atom/community/broadcasts?communityUuid=b9c878e9-2736-4e1f-8a65-208a5a4c1f4f</href><rel>http://www.ibm.com/xmlns/prod/sn/community-broadcasts</rel><type>application/atom+xml</type><title></title></links><type>private</type><listWhenRestricted>false</listWhenRestricted><preModeration>false</preModeration><postModeration>false</postModeration><published>1599477759976</published><updated>1607557025033</updated><content><content></content><type>html</type><src></src></content><summary><content></content><type>text</type><src></src></summary><author><email>jjones123@cxn.pnp-hcl.com</email><name>Joe Jones123</name><userId>7a280566-70dd-103a-9438-8d3917e85f22</userId><userState>active</userState><role></role><external>false</external><guid></guid></author><contributor><email>jjones123@cxn.pnp-hcl.com</email><name>Joe Jones123</name><userId>7a280566-70dd-103a-9438-8d3917e85f22</userId><userState>active</userState><role></role><external>false</external><guid></guid></contributor><themeName>default</themeName><layout>3columnsWithBannerTopMenuLayout</layout><handle></handle><communityStartPage>W518961893d2f_4cfb_9c03_f9d2eac32062</communityStartPage><isExternal>false</isExternal><owners><email>jjones123@cxn.pnp-hcl.com</email><name>Joe Jones123</name><userId>7a280566-70dd-103a-9438-8d3917e85f22</userId><userState>active</userState><role>owner</role><external>false</external></owners><widgets><id><![CDATA[https://preview.hclconnections.net/communities/service/atom/community/widgets?communityUuid=b9c878e9-2736-4e1f-8a65-208a5a4c1f4f&widgetInstanceId=W8d466b5c4718_4934_b912_5132379550aa]]></id><parentUuid>b9c878e9-2736-4e1f-8a65-208a5a4c1f4f</parentUuid><containerUuid xmlns:xsi="http://www.w3.org/2001/XMLSchema-instance" xsi:nil="true"></containerUuid><title><content>Status Updates</content><type>text</type><src></src></title><categories><label></label><scheme>http://www.ibm.com/xmlns/prod/sn/type</scheme><term>widget</term></categories><links><href><![CDATA[https://preview.hclconnections.net/communities/service/atom/community/widgets?communityUuid=b9c878e9-2736-4e1f-8a65-208a5a4c1f4f&widgetInstanceId=W8d466b5c4718_4934_b912_5132379550aa]]></href><rel>self</rel><type></type><title></title></links><links><href>https://preview.hclconnections.net/communities/service/atom/community/widgets?communityUuid=b9c878e9-2736-4e1f-8a65-208a5a4c1f4f</href><rel>edit</rel><type></type><title></title></links><links><href><![CDATA[https://preview.hclconnections.net/communities/service/html/community/updates?communityUuid=b9c878e9-2736-4e1f-8a65-208a5a4c1f4f&filter=status]]></href><rel>alternate</rel><type></type><title></title></links><widgetDefId>StatusUpdates</widgetDefId><widgetInstanceId>W8d466b5c4718_4934_b912_5132379550aa</widgetInstanceId><widgetCategory></widgetCategory><isHidden>false</isHidden><location>col2statusposts</location><previousWidgetInstanceId></previousWidgetInstanceId><widgetProperties><key>objectIdentifyingId</key><value>8721cc7a-3013-4592-a7af-d20b163ac110</value></widgetProperties></widgets><widgets><id><![CDATA[https://preview.hclconnections.net/communities/service/atom/community/widgets?communityUuid=b9c878e9-2736-4e1f-8a65-208a5a4c1f4f&widgetInstanceId=W875f918447e0_4087_8d38_4560e7ea6c27]]></id><parentUuid>b9c878e9-2736-4e1f-8a65-208a5a4c1f4f</parentUuid><containerUuid xmlns:xsi="http://www.w3.org/2001/XMLSchema-instance" xsi:nil="true"></containerUuid><title><content>ImportantBookmarks</content><type>text</type><src></src></title><categories><label></label><scheme>http://www.ibm.com/xmlns/prod/sn/type</scheme><term>widget</term></categories><links><href><![CDATA[https://preview.hclconnections.net/communities/service/atom/community/widgets?communityUuid=b9c878e9-2736-4e1f-8a65-208a5a4c1f4f&widgetInstanceId=W875f918447e0_4087_8d38_4560e7ea6c27]]></href><rel>self</rel><type></type><title></title></links><links><href>https://preview.hclconnections.net/communities/service/atom/community/widgets?communityUuid=b9c878e9-2736-4e1f-8a65-208a5a4c1f4f</href><rel>edit</rel><type></type><title></title></links><links><href>https://preview.hclconnections.net/communities/service/html/communityoverview?communityUuid=b9c878e9-2736-4e1f-8a65-208a5a4c1f4f</href><rel>alternate</rel><type></type><title></title></links><widgetDefId>ImportantBookmarks</widgetDefId><widgetInstanceId>W875f918447e0_4087_8d38_4560e7ea6c27</widgetInstanceId><widgetCategory></widgetCategory><isHidden>false</isHidden><location>col3</location><previousWidgetInstanceId></previousWidgetInstanceId></widgets><widgets><id><![CDATA[https://preview.hclconnections.net/communities/service/atom/community/widgets?communityUuid=b9c878e9-2736-4e1f-8a65-208a5a4c1f4f&widgetInstanceId=W320e4bed68f8_4ffc_b742_88f460c22783]]></id><parentUuid>b9c878e9-2736-4e1f-8a65-208a5a4c1f4f</parentUuid><containerUuid xmlns:xsi="http://www.w3.org/2001/XMLSchema-instance" xsi:nil="true"></containerUuid><title><content>MembersSummary</content><type>text</type><src></src></title><categories><label></label><scheme>http://www.ibm.com/xmlns/prod/sn/type</scheme><term>widget</term></categories><links><href><![CDATA[https://preview.hclconnections.net/communities/service/atom/community/widgets?communityUuid=b9c878e9-2736-4e1f-8a65-208a5a4c1f4f&widgetInstanceId=W320e4bed68f8_4ffc_b742_88f460c22783]]></href><rel>self</rel><type></type><title></title></links><links><href>https://preview.hclconnections.net/communities/service/atom/community/widgets?communityUuid=b9c878e9-2736-4e1f-8a65-208a5a4c1f4f</href><rel>edit</rel><type></type><title></title></links><links><href>https://preview.hclconnections.net/communities/service/html/communityoverview?communityUuid=b9c878e9-2736-4e1f-8a65-208a5a4c1f4f</href><rel>alternate</rel><type></type><title></title></links><widgetDefId>MembersSummary</widgetDefId><widgetInstanceId>W320e4bed68f8_4ffc_b742_88f460c22783</widgetInstanceId><widgetCategory></widgetCategory><isHidden>false</isHidden><location>col3</location><previousWidgetInstanceId>W875f918447e0_4087_8d38_4560e7ea6c27</previousWidgetInstanceId></widgets><widgets><id><![CDATA[https://preview.hclconnections.net/communities/service/atom/community/widgets?communityUuid=b9c878e9-2736-4e1f-8a65-208a5a4c1f4f&widgetInstanceId=W288dba9ba73a_449b_af13_4e22c67b249d]]></id><parentUuid>b9c878e9-2736-4e1f-8a65-208a5a4c1f4f</parentUuid><containerUuid xmlns:xsi="http://www.w3.org/2001/XMLSchema-instance" xsi:nil="true"></containerUuid><title><content>Events</content><type>text</type><src></src></title><categories><label></label><scheme>http://www.ibm.com/xmlns/prod/sn/type</scheme><term>widget</term></categories><links><href><![CDATA[https://preview.hclconnections.net/communities/service/atom/community/widgets?communityUuid=b9c878e9-2736-4e1f-8a65-208a5a4c1f4f&widgetInstanceId=W288dba9ba73a_449b_af13_4e22c67b249d]]></href><rel>self</rel><type></type><title></title></links><links><href>https://preview.hclconnections.net/communities/service/atom/community/widgets?communityUuid=b9c878e9-2736-4e1f-8a65-208a5a4c1f4f</href><rel>edit</rel><type></type><title></title></links><links><href>https://preview.hclconnections.net/communities/service/html/communityoverview?communityUuid=b9c878e9-2736-4e1f-8a65-208a5a4c1f4f#fullpageWidgetId=W288dba9ba73a_449b_af13_4e22c67b249d</href><rel>alternate</rel><type></type><title></title></links><widgetDefId>Calendar</widgetDefId><widgetInstanceId>W288dba9ba73a_449b_af13_4e22c67b249d</widgetInstanceId><widgetCategory></widgetCategory><isHidden>false</isHidden><location>col3</location><previousWidgetInstanceId>W320e4bed68f8_4ffc_b742_88f460c22783</previousWidgetInstanceId></widgets><widgets><id><![CDATA[https://preview.hclconnections.net/communities/service/atom/community/widgets?communityUuid=b9c878e9-2736-4e1f-8a65-208a5a4c1f4f&widgetInstanceId=W86f2945d11c8_4036_a674_4d2b72be9ac9]]></id><parentUuid>b9c878e9-2736-4e1f-8a65-208a5a4c1f4f</parentUuid><containerUuid xmlns:xsi="http://www.w3.org/2001/XMLSchema-instance" xsi:nil="true"></containerUuid><title><content>Gallery</content><type>text</type><src></src></title><categories><label></label><scheme>http://www.ibm.com/xmlns/prod/sn/type</scheme><term>widget</term></categories><links><href><![CDATA[https://preview.hclconnections.net/communities/service/atom/community/widgets?communityUuid=b9c878e9-2736-4e1f-8a65-208a5a4c1f4f&widgetInstanceId=W86f2945d11c8_4036_a674_4d2b72be9ac9]]></href><rel>self</rel><type></type><title></title></links><links><href>https://preview.hclconnections.net/communities/service/atom/community/widgets?communityUuid=b9c878e9-2736-4e1f-8a65-208a5a4c1f4f</href><rel>edit</rel><type></type><title></title></links><links><href>https://preview.hclconnections.net/communities/service/html/communityoverview?communityUuid=b9c878e9-2736-4e1f-8a65-208a5a4c1f4f</href><rel>alternate</rel><type></type><title></title></links><widgetDefId>Gallery</widgetDefId><widgetInstanceId>W86f2945d11c8_4036_a674_4d2b72be9ac9</widgetInstanceId><widgetCategory></widgetCategory><isHidden>false</isHidden><location>col3</location><previousWidgetInstanceId>W288dba9ba73a_449b_af13_4e22c67b249d</previousWidgetInstanceId></widgets><widgets><id><![CDATA[https://preview.hclconnections.net/communities/service/atom/community/widgets?communityUuid=b9c878e9-2736-4e1f-8a65-208a5a4c1f4f&widgetInstanceId=W518961893d2f_4cfb_9c03_f9d2eac32062]]></id><parentUuid>b9c878e9-2736-4e1f-8a65-208a5a4c1f4f</parentUuid><containerUuid xmlns:xsi="http://www.w3.org/2001/XMLSchema-instance" xsi:nil="true"></containerUuid><title><content>Highlights</content><type>text</type><src></src></title><categories><label></label><scheme>http://www.ibm.com/xmlns/prod/sn/type</scheme><term>widget</term></categories><links><href><![CDATA[https://preview.hclconnections.net/communities/service/atom/community/widgets?communityUuid=b9c878e9-2736-4e1f-8a65-208a5a4c1f4f&widgetInstanceId=W518961893d2f_4cfb_9c03_f9d2eac32062]]></href><rel>self</rel><type></type><title></title></links><links><href>https://preview.hclconnections.net/communities/service/atom/community/widgets?communityUuid=b9c878e9-2736-4e1f-8a65-208a5a4c1f4f</href><rel>edit</rel><type></type><title></title></links><links><href>https://preview.hclconnections.net/communities/service/html/communityoverview?communityUuid=b9c878e9-2736-4e1f-8a65-208a5a4c1f4f#fullpageWidgetId=W518961893d2f_4cfb_9c03_f9d2eac32062</href><rel>alternate</rel><type></type><title></title></links><widgetDefId>Highlights</widgetDefId><widgetInstanceId>W518961893d2f_4cfb_9c03_f9d2eac32062</widgetInstanceId><widgetCategory></widgetCategory><isHidden>false</isHidden><location>col1</location><previousWidgetInstanceId></previousWidgetInstanceId></widgets><widgets><id><![CDATA[https://preview.hclconnections.net/communities/service/atom/community/widgets?communityUuid=b9c878e9-2736-4e1f-8a65-208a5a4c1f4f&widgetInstanceId=W0dfef1f262f2_49a6_ae16_e10b367a0676]]></id><parentUuid>b9c878e9-2736-4e1f-8a65-208a5a4c1f4f</parentUuid><containerUuid xmlns:xsi="http://www.w3.org/2001/XMLSchema-instance" xsi:nil="true"></containerUuid><title><content>Tags</content><type>text</type><src></src></title><categories><label></label><scheme>http://www.ibm.com/xmlns/prod/sn/type</scheme><term>widget</term></categories><links><href><![CDATA[https://preview.hclconnections.net/communities/service/atom/community/widgets?communityUuid=b9c878e9-2736-4e1f-8a65-208a5a4c1f4f&widgetInstanceId=W0dfef1f262f2_49a6_ae16_e10b367a0676]]></href><rel>self</rel><type></type><title></title></links><links><href>https://preview.hclconnections.net/communities/service/atom/community/widgets?communityUuid=b9c878e9-2736-4e1f-8a65-208a5a4c1f4f</href><rel>edit</rel><type></type><title></title></links><links><href>https://preview.hclconnections.net/communities/service/html/communityoverview?communityUuid=b9c878e9-2736-4e1f-8a65-208a5a4c1f4f</href><rel>alternate</rel><type></type><title></title></links><widgetDefId>Tags</widgetDefId><widgetInstanceId>W0dfef1f262f2_49a6_ae16_e10b367a0676</widgetInstanceId><widgetCategory></widgetCategory><isHidden>false</isHidden><location>col1</location><previousWidgetInstanceId>W518961893d2f_4cfb_9c03_f9d2eac32062</previousWidgetInstanceId></widgets><widgets><id><![CDATA[https://preview.hclconnections.net/communities/service/atom/community/widgets?communityUuid=b9c878e9-2736-4e1f-8a65-208a5a4c1f4f&widgetInstanceId=We8851a225b1b_42cf_bf4e_18a5bf388791]]></id><parentUuid>b9c878e9-2736-4e1f-8a65-208a5a4c1f4f</parentUuid><containerUuid xmlns:xsi="http://www.w3.org/2001/XMLSchema-instance" xsi:nil="true"></containerUuid><title><content>description</content><type>text</type><src></src></title><categories><label></label><scheme>http://www.ibm.com/xmlns/prod/sn/type</scheme><term>widget</term></categories><links><href><![CDATA[https://preview.hclconnections.net/communities/service/atom/community/widgets?communityUuid=b9c878e9-2736-4e1f-8a65-208a5a4c1f4f&widgetInstanceId=We8851a225b1b_42cf_bf4e_18a5bf388791]]></href><rel>self</rel><type></type><title></title></links><links><href>https://preview.hclconnections.net/communities/service/atom/community/widgets?communityUuid=b9c878e9-2736-4e1f-8a65-208a5a4c1f4f</href><rel>edit</rel><type></type><title></title></links><links><href>https://preview.hclconnections.net/communities/service/html/communityoverview?communityUuid=b9c878e9-2736-4e1f-8a65-208a5a4c1f4f</href><rel>alternate</rel><type></type><title></title></links><widgetDefId>description</widgetDefId><widgetInstanceId>We8851a225b1b_42cf_bf4e_18a5bf388791</widgetInstanceId><widgetCategory></widgetCategory><isHidden>false</isHidden><location>col2</location><previousWidgetInstanceId></previousWidgetInstanceId></widgets><widgets><id><![CDATA[https://preview.hclconnections.net/communities/service/atom/community/widgets?communityUuid=b9c878e9-2736-4e1f-8a65-208a5a4c1f4f&widgetInstanceId=W682586128321_4839_b7b1_9cccf0142316]]></id><parentUuid>b9c878e9-2736-4e1f-8a65-208a5a4c1f4f</parentUuid><containerUuid xmlns:xsi="http://www.w3.org/2001/XMLSchema-instance" xsi:nil="true"></containerUuid><title><content>Forums</content><type>text</type><src></src></title><categories><label></label><scheme>http://www.ibm.com/xmlns/prod/sn/type</scheme><term>widget</term></categories><links><href><![CDATA[https://preview.hclconnections.net/communities/service/atom/community/widgets?communityUuid=b9c878e9-2736-4e1f-8a65-208a5a4c1f4f&widgetInstanceId=W682586128321_4839_b7b1_9cccf0142316]]></href><rel>self</rel><type></type><title></title></links><links><href>https://preview.hclconnections.net/communities/service/atom/community/widgets?communityUuid=b9c878e9-2736-4e1f-8a65-208a5a4c1f4f</href><rel>edit</rel><type></type><title></title></links><links><href>https://preview.hclconnections.net/communities/service/html/communityoverview?communityUuid=b9c878e9-2736-4e1f-8a65-208a5a4c1f4f#fullpageWidgetId=W682586128321_4839_b7b1_9cccf0142316</href><rel>alternate</rel><type></type><title></title></links><widgetDefId>Forum</widgetDefId><widgetInstanceId>W682586128321_4839_b7b1_9cccf0142316</widgetInstanceId><widgetCategory></widgetCategory><isHidden>false</isHidden><location>col2</location><previousWidgetInstanceId>We8851a225b1b_42cf_bf4e_18a5bf388791</previousWidgetInstanceId></widgets><widgets><id><![CDATA[https://preview.hclconnections.net/communities/service/atom/community/widgets?communityUuid=b9c878e9-2736-4e1f-8a65-208a5a4c1f4f&widgetInstanceId=Wf13bfdffc4e8_40cb_9063_d6d666c92d6f]]></id><parentUuid>b9c878e9-2736-4e1f-8a65-208a5a4c1f4f</parentUuid><containerUuid xmlns:xsi="http://www.w3.org/2001/XMLSchema-instance" xsi:nil="true"></containerUuid><title><content>Bookmarks</content><type>text</type><src></src></title><categories><label></label><scheme>http://www.ibm.com/xmlns/prod/sn/type</scheme><term>widget</term></categories><links><href><![CDATA[https://preview.hclconnections.net/communities/service/atom/community/widgets?communityUuid=b9c878e9-2736-4e1f-8a65-208a5a4c1f4f&widgetInstanceId=Wf13bfdffc4e8_40cb_9063_d6d666c92d6f]]></href><rel>self</rel><type></type><title></title></links><links><href>https://preview.hclconnections.net/communities/service/atom/community/widgets?communityUuid=b9c878e9-2736-4e1f-8a65-208a5a4c1f4f</href><rel>edit</rel><type></type><title></title></links><links><href>https://preview.hclconnections.net/communities/service/html/community/bookmarks?communityUuid=b9c878e9-2736-4e1f-8a65-208a5a4c1f4f</href><rel>alternate</rel><type></type><title></title></links><widgetDefId>Bookmarks</widgetDefId><widgetInstanceId>Wf13bfdffc4e8_40cb_9063_d6d666c92d6f</widgetInstanceId><widgetCategory></widgetCategory><isHidden>false</isHidden><location>col2</location><previousWidgetInstanceId>W682586128321_4839_b7b1_9cccf0142316</previousWidgetInstanceId></widgets><widgets><id><![CDATA[https://preview.hclconnections.net/communities/service/atom/community/widgets?communityUuid=b9c878e9-2736-4e1f-8a65-208a5a4c1f4f&widgetInstanceId=W60d613672569_46a7_8675_d88e5751e20a]]></id><parentUuid>b9c878e9-2736-4e1f-8a65-208a5a4c1f4f</parentUuid><containerUuid xmlns:xsi="http://www.w3.org/2001/XMLSchema-instance" xsi:nil="true"></containerUuid><title><content>Files</content><type>text</type><src></src></title><categories><label></label><scheme>http://www.ibm.com/xmlns/prod/sn/type</scheme><term>widget</term></categories><links><href><![CDATA[https://preview.hclconnections.net/communities/service/atom/community/widgets?communityUuid=b9c878e9-2736-4e1f-8a65-208a5a4c1f4f&widgetInstanceId=W60d613672569_46a7_8675_d88e5751e20a]]></href><rel>self</rel><type></type><title></title></links><links><href>https://preview.hclconnections.net/communities/service/atom/community/widgets?communityUuid=b9c878e9-2736-4e1f-8a65-208a5a4c1f4f</href><rel>edit</rel><type></type><title></title></links><links><href>https://preview.hclconnections.net/communities/service/html/communityoverview?communityUuid=b9c878e9-2736-4e1f-8a65-208a5a4c1f4f#fullpageWidgetId=W60d613672569_46a7_8675_d88e5751e20a</href><rel>alternate</rel><type></type><title></title></links><widgetDefId>Files</widgetDefId><widgetInstanceId>W60d613672569_46a7_8675_d88e5751e20a</widgetInstanceId><widgetCategory></widgetCategory><isHidden>false</isHidden><location>col2</location><previousWidgetInstanceId>Wf13bfdffc4e8_40cb_9063_d6d666c92d6f</previousWidgetInstanceId></widgets><widgets><id><![CDATA[https://preview.hclconnections.net/communities/service/atom/community/widgets?communityUuid=b9c878e9-2736-4e1f-8a65-208a5a4c1f4f&widgetInstanceId=W128a8c2463bd_4daa_af98_4622b81b4464]]></id><parentUuid>b9c878e9-2736-4e1f-8a65-208a5a4c1f4f</parentUuid><containerUuid xmlns:xsi="http://www.w3.org/2001/XMLSchema-instance" xsi:nil="true"></containerUuid><title><content>Blog</content><type>text</type><src></src></title><categories><label></label><scheme>http://www.ibm.com/xmlns/prod/sn/type</scheme><term>widget</term></categories><links><href><![CDATA[https://preview.hclconnections.net/communities/service/atom/community/widgets?communityUuid=b9c878e9-2736-4e1f-8a65-208a5a4c1f4f&widgetInstanceId=W128a8c2463bd_4daa_af98_4622b81b4464]]></href><rel>self</rel><type></type><title></title></links><links><href>https://preview.hclconnections.net/communities/service/atom/community/widgets?communityUuid=b9c878e9-2736-4e1f-8a65-208a5a4c1f4f</href><rel>edit</rel><type></type><title></title></links><links><href>https://preview.hclconnections.net/blogs/b9c878e9-2736-4e1f-8a65-208a5a4c1f4f?lang=en_us</href><rel>alternate</rel><type></type><title></title></links><widgetDefId>Blog</widgetDefId><widgetInstanceId>W128a8c2463bd_4daa_af98_4622b81b4464</widgetInstanceId><widgetCategory></widgetCategory><isHidden>false</isHidden><location>col2</location><previousWidgetInstanceId>W60d613672569_46a7_8675_d88e5751e20a</previousWidgetInstanceId><widgetProperties><key>new id</key><value>b9c878e9-2736-4e1f-8a65-208a5a4c1f4f</value></widgetProperties><widgetProperties><key>old id</key><value>b9c878e9-2736-4e1f-8a65-208a5a4c1f4f</value></widgetProperties></widgets><widgets><id><![CDATA[https://preview.hclconnections.net/communities/service/atom/community/widgets?communityUuid=b9c878e9-2736-4e1f-8a65-208a5a4c1f4f&widgetInstanceId=W466623015ed1_486d_ae0b_e423bca565cd]]></id><parentUuid>b9c878e9-2736-4e1f-8a65-208a5a4c1f4f</parentUuid><containerUuid xmlns:xsi="http://www.w3.org/2001/XMLSchema-instance" xsi:nil="true"></containerUuid><title><content>Activities</content><type>text</type><src></src></title><categories><label></label><scheme>http://www.ibm.com/xmlns/prod/sn/type</scheme><term>widget</term></categories><links><href><![CDATA[https://preview.hclconnections.net/communities/service/atom/community/widgets?communityUuid=b9c878e9-2736-4e1f-8a65-208a5a4c1f4f&widgetInstanceId=W466623015ed1_486d_ae0b_e423bca565cd]]></href><rel>self</rel><type></type><title></title></links><links><href>https://preview.hclconnections.net/communities/service/atom/community/widgets?communityUuid=b9c878e9-2736-4e1f-8a65-208a5a4c1f4f</href><rel>edit</rel><type></type><title></title></links><links><href>https://preview.hclconnections.net/communities/service/html/communityoverview?communityUuid=b9c878e9-2736-4e1f-8a65-208a5a4c1f4f#fullpageWidgetId=W466623015ed1_486d_ae0b_e423bca565cd</href><rel>alternate</rel><type></type><title></title></links><widgetDefId>Activities</widgetDefId><widgetInstanceId>W466623015ed1_486d_ae0b_e423bca565cd</widgetInstanceId><widgetCategory></widgetCategory><isHidden>false</isHidden><location>col2</location><previousWidgetInstanceId>W128a8c2463bd_4daa_af98_4622b81b4464</previousWidgetInstanceId></widgets><widgets><id><![CDATA[https://preview.hclconnections.net/communities/service/atom/community/widgets?communityUuid=b9c878e9-2736-4e1f-8a65-208a5a4c1f4f&widgetInstanceId=W213c76c468c1_46b0_9e1e_b65c591e82ca]]></id><parentUuid>b9c878e9-2736-4e1f-8a65-208a5a4c1f4f</parentUuid><containerUuid xmlns:xsi="http://www.w3.org/2001/XMLSchema-instance" xsi:nil="true"></containerUuid><title><content>Wiki</content><type>text</type><src></src></title><categories><label></label><scheme>http://www.ibm.com/xmlns/prod/sn/type</scheme><term>widget</term></categories><links><href><![CDATA[https://preview.hclconnections.net/communities/service/atom/community/widgets?communityUuid=b9c878e9-2736-4e1f-8a65-208a5a4c1f4f&widgetInstanceId=W213c76c468c1_46b0_9e1e_b65c591e82ca]]></href><rel>self</rel><type></type><title></title></links><links><href>https://preview.hclconnections.net/communities/service/atom/community/widgets?communityUuid=b9c878e9-2736-4e1f-8a65-208a5a4c1f4f</href><rel>edit</rel><type></type><title></title></links><links><href>https://preview.hclconnections.net/wikis/communitywiki?communityUuid=b9c878e9-2736-4e1f-8a65-208a5a4c1f4f</href><rel>alternate</rel><type></type><title></title></links><widgetDefId>Wiki</widgetDefId><widgetInstanceId>W213c76c468c1_46b0_9e1e_b65c591e82ca</widgetInstanceId><widgetCategory></widgetCategory><isHidden>false</isHidden><location>col2</location><previousWidgetInstanceId>W466623015ed1_486d_ae0b_e423bca565cd</previousWidgetInstanceId></widgets><widgets><id><![CDATA[https://preview.hclconnections.net/communities/service/atom/community/widgets?communityUuid=b9c878e9-2736-4e1f-8a65-208a5a4c1f4f&widgetInstanceId=W60a8c0487e6a_4637_9bbd_d8b4c5de651e]]></id><parentUuid>b9c878e9-2736-4e1f-8a65-208a5a4c1f4f</parentUuid><containerUuid xmlns:xsi="http://www.w3.org/2001/XMLSchema-instance" xsi:nil="true"></containerUuid><title><content>RichContent</content><type>text</type><src></src></title><categories><label></label><scheme>http://www.ibm.com/xmlns/prod/sn/type</scheme><term>widget</term></categories><links><href><![CDATA[https://preview.hclconnections.net/communities/service/atom/community/widgets?communityUuid=b9c878e9-2736-4e1f-8a65-208a5a4c1f4f&widgetInstanceId=W60a8c0487e6a_4637_9bbd_d8b4c5de651e]]></href><rel>self</rel><type></type><title></title></links><links><href>https://preview.hclconnections.net/communities/service/atom/community/widgets?communityUuid=b9c878e9-2736-4e1f-8a65-208a5a4c1f4f</href><rel>edit</rel><type></type><title></title></links><links><href>https://preview.hclconnections.net/communities/service/html/communityoverview?communityUuid=b9c878e9-2736-4e1f-8a65-208a5a4c1f4f</href><rel>alternate</rel><type></type><title></title></links><widgetDefId>RichContent</widgetDefId><widgetInstanceId>W60a8c0487e6a_4637_9bbd_d8b4c5de651e</widgetInstanceId><widgetCategory></widgetCategory><isHidden>false</isHidden><location>banner</location><previousWidgetInstanceId></previousWidgetInstanceId></widgets><remoteApplications><id>urn:lsid:ibm.com:communities:remoteapplication-W213c76c468c1_46b0_9e1e_b65c591e82ca</id><category><label></label><scheme>http://www.ibm.com/xmlns/prod/sn/type</scheme><term>Wiki</term></category><title><content>Wiki</content><type>text</type><src></src></title><content><content>Wiki</content><type>text</type><src></src></content><links><href>https://preview.hclconnections.net/wikis/basic/api/community/b9c878e9-2736-4e1f-8a65-208a5a4c1f4f/introspection</href><rel>http://www.ibm.com/xmlns/prod/sn/remote-application/publish</rel><type>application/atomsvc+xml</type><title></title></links><links><href>https://preview.hclconnections.net/wikis/basic/api/communitywiki/b9c878e9-2736-4e1f-8a65-208a5a4c1f4f/feed</href><rel>http://www.ibm.com/xmlns/prod/sn/remote-application/feed</rel><type>application/atom+xml</type><title></title></links><links><href><![CDATA[https://preview.hclconnections.net/communities/service/atom/community/remoteApplications?communityUuid=b9c878e9-2736-4e1f-8a65-208a5a4c1f4f&remoteAppId=W213c76c468c1_46b0_9e1e_b65c591e82ca]]></href><rel>self</rel><type></type><title></title></links><published>1599477759976</published><updated>1607557025033</updated><author><email>jjones123@cxn.pnp-hcl.com</email><name>Joe Jones123</name><userId>7a280566-70dd-103a-9438-8d3917e85f22</userId><userState>active</userState><role></role><external>false</external><guid></guid></author></remoteApplications><remoteApplications><id>urn:lsid:ibm.com:communities:remoteapplication-W8d466b5c4718_4934_b912_5132379550aa</id><category><label></label><scheme>http://www.ibm.com/xmlns/prod/sn/type</scheme><term>StatusUpdates</term></category><title><content>Status Updates</content><type>text</type><src></src></title><content><content>StatusUpdates</content><type>text</type><src></src></content><links><href>https://preview.hclconnections.net/connections/opensocial/basic/rest/ublog/urn:lsid:lconn.ibm.com:communities.community:b9c878e9-2736-4e1f-8a65-208a5a4c1f4f/@all?format=atom</href><rel>http://www.ibm.com/xmlns/prod/sn/remote-application/feed</rel><type>application/atom+xml</type><title></title></links><links><href><![CDATA[https://preview.hclconnections.net/communities/service/atom/community/remoteApplications?communityUuid=b9c878e9-2736-4e1f-8a65-208a5a4c1f4f&remoteAppId=W8d466b5c4718_4934_b912_5132379550aa]]></href><rel>self</rel><type></type><title></title></links><published>1599477759976</published><updated>1607557025033</updated><author><email>jjones123@cxn.pnp-hcl.com</email><name>Joe Jones123</name><userId>7a280566-70dd-103a-9438-8d3917e85f22</userId><userState>active</userState><role></role><external>false</external><guid></guid></author></remoteApplications><remoteApplications><id>urn:lsid:ibm.com:communities:remoteapplication-W682586128321_4839_b7b1_9cccf0142316</id><category><label></label><scheme>http://www.ibm.com/xmlns/prod/sn/type</scheme><term>Forum</term></category><title><content>Forums</content><type>text</type><src></src></title><content><content>Forum</content><type>text</type><src></src></content><links><href>https://preview.hclconnections.net/forums/atom/service?communityUuid=b9c878e9-2736-4e1f-8a65-208a5a4c1f4f</href><rel>http://www.ibm.com/xmlns/prod/sn/remote-application/publish</rel><type>application/atomsvc+xml</type><title></title></links><links><href>https://preview.hclconnections.net/forums/atom/topics?communityUuid=b9c878e9-2736-4e1f-8a65-208a5a4c1f4f</href><rel>http://www.ibm.com/xmlns/prod/sn/remote-application/feed</rel><type>application/atom+xml</type><title></title></links><links><href><![CDATA[https://preview.hclconnections.net/communities/service/atom/community/remoteApplications?communityUuid=b9c878e9-2736-4e1f-8a65-208a5a4c1f4f&remoteAppId=W682586128321_4839_b7b1_9cccf0142316]]></href><rel>self</rel><type></type><title></title></links><published>1599477759976</published><updated>1607557025033</updated><author><email>jjones123@cxn.pnp-hcl.com</email><name>Joe Jones123</name><userId>7a280566-70dd-103a-9438-8d3917e85f22</userId><userState>active</userState><role></role><external>false</external><guid></guid></author></remoteApplications><remoteApplications><id>urn:lsid:ibm.com:communities:remoteapplication-W60d613672569_46a7_8675_d88e5751e20a</id><category><label></label><scheme>http://www.ibm.com/xmlns/prod/sn/type</scheme><term>Files</term></category><title><content>Files</content><type>text</type><src></src></title><content><content>Files</content><type>text</type><src></src></content><links><href>https://preview.hclconnections.net/files/basic/api/community/b9c878e9-2736-4e1f-8a65-208a5a4c1f4f/introspection</href><rel>http://www.ibm.com/xmlns/prod/sn/remote-application/publish</rel><type>application/atomsvc+xml</type><title></title></links><links><href>https://preview.hclconnections.net/files/basic/api/communitycollection/b9c878e9-2736-4e1f-8a65-208a5a4c1f4f/feed</href><rel>http://www.ibm.com/xmlns/prod/sn/remote-application/feed</rel><type>application/atom+xml</type><title></title></links><links><href><![CDATA[https://preview.hclconnections.net/communities/service/atom/community/remoteApplications?communityUuid=b9c878e9-2736-4e1f-8a65-208a5a4c1f4f&remoteAppId=W60d613672569_46a7_8675_d88e5751e20a]]></href><rel>self</rel><type></type><title></title></links><published>1599477759976</published><updated>1607557025033</updated><author><email>jjones123@cxn.pnp-hcl.com</email><name>Joe Jones123</name><userId>7a280566-70dd-103a-9438-8d3917e85f22</userId><userState>active</userState><role></role><external>false</external><guid></guid></author></remoteApplications><remoteApplications><id>urn:lsid:ibm.com:communities:remoteapplication-W288dba9ba73a_449b_af13_4e22c67b249d</id><category><label></label><scheme>http://www.ibm.com/xmlns/prod/sn/type</scheme><term>Calendar</term></category><title><content>Calendar</content><type>text</type><src></src></title><content><content>Calendar</content><type>text</type><src></src></content><links><href>https://preview.hclconnections.net/communities/calendar/atom/calendar/service?calendarUuid=b9c878e9-2736-4e1f-8a65-208a5a4c1f4f</href><rel>http://www.ibm.com/xmlns/prod/sn/remote-application/publish</rel><type>application/atomsvc+xml</type><title></title></links><links><href><![CDATA[https://preview.hclconnections.net/communities/calendar/atom/calendar/event?type=event&calendarUuid=b9c878e9-2736-4e1f-8a65-208a5a4c1f4f]]></href><rel>http://www.ibm.com/xmlns/prod/sn/remote-application/feed</rel><type>application/atom+xml</type><title></title></links><links><href><![CDATA[https://preview.hclconnections.net/communities/service/atom/community/remoteApplications?communityUuid=b9c878e9-2736-4e1f-8a65-208a5a4c1f4f&remoteAppId=W288dba9ba73a_449b_af13_4e22c67b249d]]></href><rel>self</rel><type></type><title></title></links><published>1599477759976</published><updated>1607557025033</updated><author><email>jjones123@cxn.pnp-hcl.com</email><name>Joe Jones123</name><userId>7a280566-70dd-103a-9438-8d3917e85f22</userId><userState>active</userState><role></role><external>false</external><guid></guid></author></remoteApplications><remoteApplications><id>urn:lsid:ibm.com:communities:remoteapplication-Wf13bfdffc4e8_40cb_9063_d6d666c92d6f</id><category><label></label><scheme>http://www.ibm.com/xmlns/prod/sn/type</scheme><term>Bookmarks</term></category><title><content>Bookmarks</content><type>text</type><src></src></title><content><content>Bookmarks</content><type>text</type><src></src></content><links><href>https://preview.hclconnections.net/communities/service/atom/community/bookmarks/service?communityUuid=b9c878e9-2736-4e1f-8a65-208a5a4c1f4f</href><rel>http://www.ibm.com/xmlns/prod/sn/remote-application/publish</rel><type>application/atomsvc+xml</type><title></title></links><links><href><![CDATA[https://preview.hclconnections.net/communities/service/atom/community/bookmarks?communityUuid=b9c878e9-2736-4e1f-8a65-208a5a4c1f4f&ps=5]]></href><rel>http://www.ibm.com/xmlns/prod/sn/remote-application/feed</rel><type>application/atom+xml</type><title></title></links><links><href><![CDATA[https://preview.hclconnections.net/communities/service/atom/community/remoteApplications?communityUuid=b9c878e9-2736-4e1f-8a65-208a5a4c1f4f&remoteAppId=Wf13bfdffc4e8_40cb_9063_d6d666c92d6f]]></href><rel>self</rel><type></type><title></title></links><published>1599477759976</published><updated>1607557025033</updated><author><email>jjones123@cxn.pnp-hcl.com</email><name>Joe Jones123</name><userId>7a280566-70dd-103a-9438-8d3917e85f22</userId><userState>active</userState><role></role><external>false</external><guid></guid></author></remoteApplications><remoteApplications><id>urn:lsid:ibm.com:communities:remoteapplication-W128a8c2463bd_4daa_af98_4622b81b4464</id><category><label></label><scheme>http://www.ibm.com/xmlns/prod/sn/type</scheme><term>Blog</term></category><title><content>Blog</content><type>text</type><src></src></title><content><content>Blog</content><type>text</type><src></src></content><links><href><![CDATA[https://preview.hclconnections.net/blogs/api/blogs?commUuid=b9c878e9-2736-4e1f-8a65-208a5a4c1f4f&blogType=communityblog]]></href><rel>http://www.ibm.com/xmlns/prod/sn/remote-application/publish</rel><type>application/atomsvc+xml</type><title></title></links><links><href><![CDATA[https://preview.hclconnections.net/blogs/atom/blogs?commUuid=b9c878e9-2736-4e1f-8a65-208a5a4c1f4f&blogType=communityblog]]></href><rel>http://www.ibm.com/xmlns/prod/sn/remote-application/feed</rel><type>application/atom+xml</type><title></title></links><links><href><![CDATA[https://preview.hclconnections.net/communities/service/atom/community/remoteApplications?communityUuid=b9c878e9-2736-4e1f-8a65-208a5a4c1f4f&remoteAppId=W128a8c2463bd_4daa_af98_4622b81b4464]]></href><rel>self</rel><type></type><title></title></links><published>1599477759976</published><updated>1607557025033</updated><author><email>jjones123@cxn.pnp-hcl.com</email><name>Joe Jones123</name><userId>7a280566-70dd-103a-9438-8d3917e85f22</userId><userState>active</userState><role></role><external>false</external><guid></guid></author></remoteApplications><remoteApplications><id>urn:lsid:ibm.com:communities:remoteapplication-W466623015ed1_486d_ae0b_e423bca565cd</id><category><label></label><scheme>http://www.ibm.com/xmlns/prod/sn/type</scheme><term>Activities</term></category><title><content>Activities</content><type>text</type><src></src></title><content><content>Activities</content><type>text</type><src></src></content><links><href>https://preview.hclconnections.net/activities/service/atom2/service?commUuid=b9c878e9-2736-4e1f-8a65-208a5a4c1f4f</href><rel>http://www.ibm.com/xmlns/prod/sn/remote-application/publish</rel><type>application/atomsvc+xml</type><title></title></links><links><href><![CDATA[https://preview.hclconnections.net/activities/service/atom2/activities?commUuid=b9c878e9-2736-4e1f-8a65-208a5a4c1f4f&public=yes&authenticate=no]]></href><rel>http://www.ibm.com/xmlns/prod/sn/remote-application/feed</rel><type>application/atom+xml</type><title></title></links><links><href><![CDATA[https://preview.hclconnections.net/communities/service/atom/community/remoteApplications?communityUuid=b9c878e9-2736-4e1f-8a65-208a5a4c1f4f&remoteAppId=W466623015ed1_486d_ae0b_e423bca565cd]]></href><rel>self</rel><type></type><title></title></links><published>1599477759976</published><updated>1607557025033</updated><author><email>jjones123@cxn.pnp-hcl.com</email><name>Joe Jones123</name><userId>7a280566-70dd-103a-9438-8d3917e85f22</userId><userState>active</userState><role></role><external>false</external><guid></guid></author></remoteApplications><isSubcommunity>false</isSubcommunity><isDeleted>false</isDeleted><icVersion>60</icVersion></community>