[ {
  "backupPath" : "Tmplt_1607557980409_b9c878e9-2736-4e1f-8a65-208a5a4c1f4f",
  "restoredObjectId" : "56aadfcf-8518-4bbe-b5c8-cf00342a368b",
  "scope" : "internal",
  "updateType" : "UUID",
  "uuids" : [ "b9c878e9-2736-4e1f-8a65-208a5a4c1f4f" ]
}, {
  "backupPath" : "Tmplt_1607557980409_b9c878e9-2736-4e1f-8a65-208a5a4c1f4f/wiki_6fd3a3e3-ee2c-414c-a47c-d6b04fdc4eb5",
  "restoredObjectId" : "56aadfcf-8518-4bbe-b5c8-cf00342a368b",
  "scope" : "internal",
  "updateType" : "UUID",
  "uuids" : [ "6fd3a3e3-ee2c-414c-a47c-d6b04fdc4eb5", "b321f6de-67f2-47cc-8b4d-0809446a7a00", "4fa90b26-db75-48b1-b4a2-3f5ff32f3ab1" ]
} ]