<?xml version="1.0" encoding="UTF-8"?><activityNode><nodeUuid>6607914f-0397-4bb4-b36c-d4902c895616</nodeUuid><id>urn:lsid:ibm.com:oa:6607914f-0397-4bb4-b36c-d4902c895616</id><uuid>6607914f-0397-4bb4-b36c-d4902c895616</uuid><parentUuid xmlns:xsi="http://www.w3.org/2001/XMLSchema-instance" xsi:nil="true"></parentUuid><containerUuid xmlns:xsi="http://www.w3.org/2001/XMLSchema-instance" xsi:nil="true"></containerUuid><title><content>Activity</content><type>text</type><src></src></title><content><content>
          	
          	This is test activity
      	
      	</content><type>html</type><src></src></content><updated>1607557006000</updated><published>1607557006000</published><author><userId>jjones1</userId><guid>jjones1</guid></author><contributor><email>jjones1@cxn.pnp-hcl.com</email><name>Joe Jones1</name><userId>79ebc498-70dd-103a-93be-8d3917e85f22</userId><userState>active</userState><role>author</role><external>false</external><guid>ad7ccd39-dec7-4de9-9cde-daa551fbcec5</guid></contributor><categories><label>Community Activity</label><scheme>http://www.ibm.com/xmlns/prod/sn/type</scheme><term>community_activity</term></categories><categories><label>Normal</label><scheme>http://www.ibm.com/xmlns/prod/sn/priority</scheme><term>1</term></categories><categories><label>Internal</label><scheme>http://www.ibm.com/xmlns/prod/sn/flags</scheme><term>internal</term></categories><duedate>-1</duedate><links><href>https://preview.hclconnections.net/activities/service/atom2/acl?activityUuid=6607914f-0397-4bb4-b36c-d4902c895616</href><rel>http://www.ibm.com/xmlns/prod/sn/member-list</rel><type>application/atom+xml</type><title></title></links><links><href>https://preview.hclconnections.net/activities/service/atom2/activity/history?activityUuid=6607914f-0397-4bb4-b36c-d4902c895616</href><rel>http://www.ibm.com/xmlns/prod/sn/history</rel><type>application/atom+xml</type><title></title></links><links><href>https://preview.hclconnections.net/activities/service/atom2/entrytemplates?activityUuid=6607914f-0397-4bb4-b36c-d4902c895616</href><rel>http://www.ibm.com/xmlns/prod/sn/templates</rel><type>application/atom+xml</type><title></title></links><links><href>https://preview.hclconnections.net/activities/service/atom2/threaded?nodeUuid=6607914f-0397-4bb4-b36c-d4902c895616</href><rel>replies</rel><type>application/atom+xml</type><title></title></links><links><href>https://preview.hclconnections.net/activities/service/atom2/nodechildren?nodeUuid=6607914f-0397-4bb4-b36c-d4902c895616</href><rel>children</rel><type>application/atom+xml</type><title></title></links><links><href>https://preview.hclconnections.net/activities/service/atom2/activitynode?activityNodeUuid=6607914f-0397-4bb4-b36c-d4902c895616</href><rel>edit</rel><type>application/atom+xml</type><title></title></links><links><href>https://preview.hclconnections.net/activities/service/atom2/activity?activityUuid=6607914f-0397-4bb4-b36c-d4902c895616</href><rel>self</rel><type>application/atom+xml</type><title></title></links><links><href>https://preview.hclconnections.net/activities/service/html/activity/recent?activityUuid=6607914f-0397-4bb4-b36c-d4902c895616</href><rel>alternate</rel><type>application/xhtml+xml</type><title></title></links><links><href>https://preview.hclconnections.net/activities/service/html/activity/recent?activityUuid=6607914f-0397-4bb4-b36c-d4902c895616</href><rel>alternate</rel><type>text/html</type><title></title></links><links><href>https://preview.hclconnections.net/activities/service/html/activityview?activityUuid=6607914f-0397-4bb4-b36c-d4902c895616</href><rel>activityview</rel><type>application/xhtml+xml</type><title></title></links><links><href>https://preview.hclconnections.net/activities/service/html/activityview?activityUuid=6607914f-0397-4bb4-b36c-d4902c895616</href><rel>activityview</rel><type>text/html</type><title></title></links><links><href>https://preview.hclconnections.net/communities/service/atom/community/instance?communityUuid=b9c878e9-2736-4e1f-8a65-208a5a4c1f4f</href><rel>http://www.ibm.com/xmlns/prod/sn/container</rel><type>application/atom+xml</type><title></title></links><collection><title><content>Activity</content><type>text</type><src></src></title></collection><position>-2147483648</position><depth>0</depth><permissions>none, create_activity, view_activity, edit_activity, delete_activity, activity_owner, edit_activity_tags, design_activity, edit_statements, delete_statements, add_members, delete_members, create_entries, edit_personal_entries, edit_all_entries, delete_personal_entries, delete_all_entries, edit_personal_entry_tags, edit_all_entry_tags, view_members</permissions><communityUuid>b9c878e9-2736-4e1f-8a65-208a5a4c1f4f</communityUuid><activity>6607914f-0397-4bb4-b36c-d4902c895616</activity><acl><accessLevel>private</accessLevel><showAddButton>false</showAddButton><communityMembers><name>mikiworknfun (community members)</name><userId>786af551-c4a2-48fa-9b14-b03dca831cb4+member</userId><userState>active</userState><role>member</role><external>false</external><defaultMemberRole>author</defaultMemberRole><communityUuid>b9c878e9-2736-4e1f-8a65-208a5a4c1f4f</communityUuid></communityMembers><communityMembers><name>mikiworknfun (community owners)</name><userId>786af551-c4a2-48fa-9b14-b03dca831cb4+owner</userId><userState>active</userState><role>owner</role><external>false</external><defaultMemberRole>author</defaultMemberRole><communityUuid>b9c878e9-2736-4e1f-8a65-208a5a4c1f4f</communityUuid></communityMembers></acl><icVersion>60</icVersion></activityNode>