<?xml version="1.0" encoding="UTF-8"?><activityNode><nodeUuid>d8b0d4c5-7b06-4bd0-86df-dd89a30e9349</nodeUuid><id>urn:lsid:ibm.com:oa:d8b0d4c5-7b06-4bd0-86df-dd89a30e9349</id><uuid>d8b0d4c5-7b06-4bd0-86df-dd89a30e9349</uuid><parentUuid>a78984ad-6dbe-47a3-9d29-341de25af0b0</parentUuid><containerUuid>6607914f-0397-4bb4-b36c-d4902c895616</containerUuid><title><content>Meeting details</content><type>text</type><src></src></title><content><content>
          	
          	Collected all details.Will be shared
      	
      	</content><type>html</type><src></src></content><updated>1607557006000</updated><published>1600051753000</published><author><userId>jjones1</userId><guid>jjones1</guid></author><contributor><email>jjones1@cxn.pnp-hcl.com</email><name>Joe Jones1</name><userId>79ebc498-70dd-103a-93be-8d3917e85f22</userId><userState>active</userState><role>author</role><external>false</external><guid>ad7ccd39-dec7-4de9-9cde-daa551fbcec5</guid></contributor><categories><label>Reply</label><scheme>http://www.ibm.com/xmlns/prod/sn/type</scheme><term>reply</term></categories><categories><label>External</label><scheme>http://www.ibm.com/xmlns/prod/sn/flags</scheme><term>external</term></categories><duedate>-1</duedate><links><href>https://preview.hclconnections.net/activities/service/atom2/activitynode?activityNodeUuid=d8b0d4c5-7b06-4bd0-86df-dd89a30e9349</href><rel>edit</rel><type>application/atom+xml</type><title></title></links><links><href>https://preview.hclconnections.net/activities/service/atom2/activitynode?activityNodeUuid=d8b0d4c5-7b06-4bd0-86df-dd89a30e9349</href><rel>self</rel><type>application/atom+xml</type><title></title></links><links><href>https://preview.hclconnections.net/activities/service/html/activityentry?uuid=d8b0d4c5-7b06-4bd0-86df-dd89a30e9349</href><rel>alternate</rel><type>application/xhtml+xml</type><title></title></links><links><href>https://preview.hclconnections.net/activities/service/html/activityentry?uuid=d8b0d4c5-7b06-4bd0-86df-dd89a30e9349</href><rel>alternate</rel><type>text/html</type><title></title></links><position>1000</position><depth>2</depth><permissions>none, create_activity, view_activity, edit_activity, delete_activity, activity_owner, edit_activity_tags, design_activity, edit_statements, delete_statements, add_members, delete_members, create_entries, edit_personal_entries, edit_all_entries, delete_personal_entries, delete_all_entries, edit_personal_entry_tags, edit_all_entry_tags, view_members</permissions><inReplyTo><ref>urn:lsid:ibm.com:oa:a78984ad-6dbe-47a3-9d29-341de25af0b0</ref><type>application/atom+xml</type><href>https://preview.hclconnections.net/activities/service/atom2/activitynode?activityNodeUuid=a78984ad-6dbe-47a3-9d29-341de25af0b0</href><source>urn:lsid:ibm.com:oa:6607914f-0397-4bb4-b36c-d4902c895616</source></inReplyTo><communityUuid></communityUuid><activity>6607914f-0397-4bb4-b36c-d4902c895616</activity><icVersion>0</icVersion></activityNode>