<?xml version="1.0" encoding="UTF-8"?><wiki><author><email></email><name>System User</name><userId>00000000-0000-0000-0000-000000000000</userId><userState></userState><role></role><external>false</external><guid></guid></author><category><label>wiki</label><scheme>tag:ibm.com,2006:td/type</scheme><term>wiki</term></category><content><content></content><type>application/atom+xml</type><src></src></content><created>1607557006116</created><id>urn:lsid:ibm.com:td:6fd3a3e3-ee2c-414c-a47c-d6b04fdc4eb5</id><label>W213c76c468c1_46b0_9e1e_b65c591e82ca</label><links><href>https://preview.hclconnections.net/wikis/basic/api/wiki/W213c76c468c1_46b0_9e1e_b65c591e82ca/entry</href><rel>self</rel><type></type><title></title></links><links><href>https://preview.hclconnections.net/wikis/home/wiki/W213c76c468c1_46b0_9e1e_b65c591e82ca</href><rel>alternate</rel><type>text/html</type><title></title></links><links><href>https://preview.hclconnections.net/wikis/basic/api/wiki/W213c76c468c1_46b0_9e1e_b65c591e82ca/entry</href><rel>edit</rel><type></type><title></title></links><links><href>https://preview.hclconnections.net/communities/service/atom/community/instance?communityUuid=b9c878e9-2736-4e1f-8a65-208a5a4c1f4f</href><rel>http://www.ibm.com/xmlns/prod/sn/container</rel><type>application/atom+xml</type><title></title></links><members><id>ca:/wiki/6fd3a3e3-ee2c-414c-a47c-d6b04fdc4eb5/members/00000000-0000-0000-0000-000000000000</id><title><content>System User</content><type>text</type><src></src></title><links><href>https://preview.hclconnections.net/wikis/basic/api/wiki/6fd3a3e3-ee2c-414c-a47c-d6b04fdc4eb5/members/00000000-0000-0000-0000-000000000000</href><rel>self</rel><type></type><title></title></links><links><href>https://preview.hclconnections.net/wikis/basic/api/wiki/6fd3a3e3-ee2c-414c-a47c-d6b04fdc4eb5/members/00000000-0000-0000-0000-000000000000</href><rel>edit</rel><type></type><title></title></links><email></email><name>System User</name><userId>00000000-0000-0000-0000-000000000000</userId><userState></userState><userRole>manager</userRole><userType>user</userType></members><modified>1607557024983</modified><modifier><email>jjones123@cxn.pnp-hcl.com</email><name>Joe Jones123</name><userId>7a280566-70dd-103a-9438-8d3917e85f22</userId><userState>active</userState><role></role><external>false</external><guid></guid></modifier><published>1607557006116</published><summary><content> </content><type>text</type><src></src></summary><themeName>default</themeName><title><content>mikiworknfun</content><type>text</type><src></src></title><totalRemovedSize>0</totalRemovedSize><updated>1607557024983</updated><uuid>6fd3a3e3-ee2c-414c-a47c-d6b04fdc4eb5</uuid><communityUuid>b9c878e9-2736-4e1f-8a65-208a5a4c1f4f</communityUuid><externalInstanceId>W213c76c468c1_46b0_9e1e_b65c591e82ca</externalInstanceId><visibilityComputed>SHARE</visibilityComputed><librarySize>929052</librarySize><libraryQuota>524288000</libraryQuota><isExternal>false</isExternal><hierarchy><wikiPageHierarchy><label>Lorem ipsum dolor sit amet sodales tincidunt</label><uuid>4fa90b26-db75-48b1-b4a2-3f5ff32f3ab1</uuid><parentUuid xmlns:xsi="http://www.w3.org/2001/XMLSchema-instance" xsi:nil="true"></parentUuid></wikiPageHierarchy></hierarchy><icVersion>60</icVersion></wiki>