<?xml version="1.0" encoding="UTF-8"?><file><id>urn:lsid:ibm.com:td:a378be87-89b5-4ab2-8ebc-c0aa1fbb5324</id><title><content>header2.jpg</content><type>text</type><src></src></title><links><href>https://preview.hclconnections.net/files/basic/api/library/f8127b01-baf3-4a0e-a629-509eeda88dd4/document/a378be87-89b5-4ab2-8ebc-c0aa1fbb5324/entry</href><rel>self</rel><type></type><title></title></links><links><href><![CDATA[https://preview.hclconnections.net/communities/service/html/communityview?communityUuid=36c84c6d-d7f6-4b79-b64e-7c8170bb63f5#fullpageWidgetId=W320ae0b53477_406c_b69f_26ded16b7cc4&file=a378be87-89b5-4ab2-8ebc-c0aa1fbb5324]]></href><rel>alternate</rel><type>text/html</type><title></title></links><links><href>https://preview.hclconnections.net/files/basic/api/library/f8127b01-baf3-4a0e-a629-509eeda88dd4/document/a378be87-89b5-4ab2-8ebc-c0aa1fbb5324/entry</href><rel>edit</rel><type></type><title></title></links><links><href>https://preview.hclconnections.net/files/basic/api/library/f8127b01-baf3-4a0e-a629-509eeda88dd4/document/a378be87-89b5-4ab2-8ebc-c0aa1fbb5324/media</href><rel>edit-media</rel><type></type><title></title></links><links><href>https://preview.hclconnections.net/files/basic/anonymous/api/library/f8127b01-baf3-4a0e-a629-509eeda88dd4/document/a378be87-89b5-4ab2-8ebc-c0aa1fbb5324/media/header2.jpg</href><rel>enclosure</rel><type>image/jpeg</type><title>header2.jpg</title></links><links><href>https://preview.hclconnections.net/files/basic/anonymous/api/library/f8127b01-baf3-4a0e-a629-509eeda88dd4/document/a378be87-89b5-4ab2-8ebc-c0aa1fbb5324/thumbnail?renditionKind=mediumview</href><rel>thumbnail</rel><type></type><title></title></links><links><href>https://preview.hclconnections.net/files/basic/api/library/f8127b01-baf3-4a0e-a629-509eeda88dd4/document/a378be87-89b5-4ab2-8ebc-c0aa1fbb5324/feed</href><rel>replies</rel><type>application/atom+xml</type><title></title></links><category><label>document</label><scheme>tag:ibm.com,2006:td/type</scheme><term>document</term></category><uuid>a378be87-89b5-4ab2-8ebc-c0aa1fbb5324</uuid><parentUuid xmlns:xsi="http://www.w3.org/2001/XMLSchema-instance" xsi:nil="true"></parentUuid><containerUuid xmlns:xsi="http://www.w3.org/2001/XMLSchema-instance" xsi:nil="true"></containerUuid><added>-1</added><created>1607513797153</created><published>1607513797153</published><updated>1609958857924</updated><modified>1607513797153</modified><author><email>jjones5@cxn.pnp-hcl.com</email><name>Joe Jones5</name><userId>79eed200-70dd-103a-93c2-8d3917e85f22</userId><userState>active</userState><role></role><external>false</external><guid></guid></author><modifier><email>jjones5@cxn.pnp-hcl.com</email><name>Joe Jones5</name><userId>79eed200-70dd-103a-93c2-8d3917e85f22</userId><userState>active</userState><role></role><external>false</external><guid></guid></modifier><label>header2.jpg</label><libraryId>f8127b01-baf3-4a0e-a629-509eeda88dd4</libraryId><libraryType>communityFiles</libraryType><documentUuid></documentUuid><versionUuid>b1f8003e-5d23-4e99-b7e6-b76a3f797784</versionUuid><versionLabel>1</versionLabel><summary><content></content><type>text</type><src></src></summary><sharePermission></sharePermission><objectTypeName>snx:file</objectTypeName><propagation>false</propagation><ranks><count>0</count><scheme>http://www.ibm.com/xmlns/prod/sn/recommendations</scheme></ranks><ranks><count>0</count><scheme>http://www.ibm.com/xmlns/prod/sn/comment</scheme></ranks><ranks><count>0</count><scheme>http://www.ibm.com/xmlns/prod/sn/share</scheme></ranks><ranks><count>1</count><scheme>http://www.ibm.com/xmlns/prod/sn/collections</scheme></ranks><ranks><count>3</count><scheme>http://www.ibm.com/xmlns/prod/sn/attachments</scheme></ranks><ranks><count>1</count><scheme>http://www.ibm.com/xmlns/prod/sn/versions</scheme></ranks><ranks><count>0</count><scheme>http://www.ibm.com/xmlns/prod/sn/references</scheme></ranks><ranks><count>259</count><scheme>http://www.ibm.com/xmlns/prod/sn/hit</scheme></ranks><ranks><count>21</count><scheme>http://www.ibm.com/xmlns/prod/sn/anonymous_hit</scheme></ranks><fileInFolder>false</fileInFolder><totalMediaSize>332226</totalMediaSize><content><content></content><type>image/jpeg</type><src>https://preview.hclconnections.net/files/basic/api/library/f8127b01-baf3-4a0e-a629-509eeda88dd4/document/a378be87-89b5-4ab2-8ebc-c0aa1fbb5324/media</src></content><restrictedVisibility>false</restrictedVisibility><lock>NONE</lock><external>false</external><visibility></visibility><isDeleted>false</isDeleted><deletedWhen>0</deletedWhen><icVersion>0</icVersion></file>