<?xml version="1.0" encoding="UTF-8"?><folder><id>urn:lsid:ibm.com:td:f8127b01-baf3-4a0e-a629-509eeda88dd4</id><title><content>Work and Fun</content><type>text</type><src></src></title><links><href>https://preview.hclconnections.net/files/basic/api/library/f8127b01-baf3-4a0e-a629-509eeda88dd4/entry</href><rel>self</rel><type></type><title></title></links><links><href>https://preview.hclconnections.net/communities/service/html/communityview?communityUuid=36c84c6d-d7f6-4b79-b64e-7c8170bb63f5#fullpageWidgetId=W320ae0b53477_406c_b69f_26ded16b7cc4</href><rel>alternate</rel><type>text/html</type><title></title></links><links><href>https://preview.hclconnections.net/files/basic/api/library/f8127b01-baf3-4a0e-a629-509eeda88dd4/entry</href><rel>edit</rel><type></type><title></title></links><links><href>https://preview.hclconnections.net/files/basic/api/library/f8127b01-baf3-4a0e-a629-509eeda88dd4/feed</href><rel>files</rel><type></type><title></title></links><links><href>https://preview.hclconnections.net/communities/service/atom/community/instance?communityUuid=36c84c6d-d7f6-4b79-b64e-7c8170bb63f5</href><rel>http://www.ibm.com/xmlns/prod/sn/container</rel><type>application/atom+xml</type><title></title></links><category><label>communityFiles</label><scheme>tag:ibm.com,2006:td/type</scheme><term>communityFiles</term></category><uuid>f8127b01-baf3-4a0e-a629-509eeda88dd4</uuid><containerUuid xmlns:xsi="http://www.w3.org/2001/XMLSchema-instance" xsi:nil="true"></containerUuid><created>1599477760336</created><published>1599477760336</published><updated>1607964102618</updated><modified>1607964102618</modified><author><email></email><name>System User</name><userId>00000000-0000-0000-0000-000000000000</userId><userState></userState><role></role><external>false</external><guid></guid></author><modifier><email>jjones1@cxn.pnp-hcl.com</email><name>Joe Jones1</name><userId>79ebc498-70dd-103a-93be-8d3917e85f22</userId><userState>active</userState><role></role><external>false</external><guid></guid></modifier><label>W320ae0b53477_406c_b69f_26ded16b7cc4</label><summary><content></content><type>text</type><src></src></summary><visibility></visibility><type></type><externalContainerId>36c84c6d-d7f6-4b79-b64e-7c8170bb63f5</externalContainerId><externalInstanceId>W320ae0b53477_406c_b69f_26ded16b7cc4</externalInstanceId><communityUuid>36c84c6d-d7f6-4b79-b64e-7c8170bb63f5</communityUuid><content><content></content><type>application/atom+xml</type><src>https://preview.hclconnections.net/files/basic/api/library/f8127b01-baf3-4a0e-a629-509eeda88dd4/feed</src></content><external>false</external><allowSetFavorite></allowSetFavorite><allowFollowing></allowFollowing><libraryQuota>524288000</libraryQuota><hierarchy><uuid>36c84c6d-d7f6-4b79-b64e-7c8170bb63f5</uuid><fileHierarchy><label>image work and fun.jpg</label><uuid>02b1dd60-1071-4db9-8919-aba5aba44ff8</uuid></fileHierarchy><fileHierarchy><label>stock-photo-millennial-multiracial-team-people-having-fun-riding-on-chairs-in-office-room-excited-diverse-1075420673.jpg</label><uuid>6e1f19e0-17d3-4ccc-bdad-e57888a320ea</uuid></fileHierarchy><fileHierarchy><label>stock-photo-pretty-young-man-playing-guitar-while-sitting-on-sofa-in-light-living-room-624050966.jpg</label><uuid>3609ea4f-7f1e-4a62-9b6a-dee52e13b0d2</uuid></fileHierarchy><fileHierarchy><label>stock-photo-young-woman-practicing-yoga-outdoors-harmony-and-meditation-concept-healthy-lifestyle-721857268.jpg</label><uuid>ca49330b-87dd-459b-8310-8deb7e9441cb</uuid></fileHierarchy><fileHierarchy><label>header.jpg</label><uuid>24180039-cd4d-4247-9b38-bc8797f0113b</uuid></fileHierarchy><fileHierarchy><label>header2.jpg</label><uuid>a378be87-89b5-4ab2-8ebc-c0aa1fbb5324</uuid></fileHierarchy></hierarchy><icVersion>60</icVersion></folder>