<?xml version="1.0" encoding="UTF-8"?><communityEventsDefinition><id>urn:lsid:ibm.com:calendar:b9c878e9-2736-4e1f-8a65-208a5a4c1f4f</id><uuid>b9c878e9-2736-4e1f-8a65-208a5a4c1f4f</uuid><title>mikiworknfun</title><category><label></label><scheme>http://www.ibm.com/xmlns/prod/sn/type</scheme><term>calendar</term></category><links><href>https://preview.hclconnections.net/communities/calendar/atom/calendar?calendarUuid=b9c878e9-2736-4e1f-8a65-208a5a4c1f4f</href><rel>self</rel><type>application/atom+xml</type><title></title></links><links><href>https://preview.hclconnections.net/communities/calendar/atom/calendar?calendarUuid=b9c878e9-2736-4e1f-8a65-208a5a4c1f4f</href><rel>edit</rel><type>application/atom+xml</type><title></title></links><links><href>https://preview.hclconnections.net/communities/service/html/communityview?communityUuid=b9c878e9-2736-4e1f-8a65-208a5a4c1f4f#fullpageWidgetId=W288dba9ba73a_449b_af13_4e22c67b249d</href><rel>alternate</rel><type>text/html</type><title></title></links><links><href>https://preview.hclconnections.net/communities/service/atom/community/instance?communityUuid=b9c878e9-2736-4e1f-8a65-208a5a4c1f4f</href><rel>http://www.ibm.com/xmlns/prod/sn/container</rel><type>application/atom+xml</type><title></title></links><maprole>author</maprole><allowComment>all</allowComment><communityUuid>b9c878e9-2736-4e1f-8a65-208a5a4c1f4f</communityUuid></communityEventsDefinition>