<?xml version="1.0" encoding="UTF-8"?><wikiHierarchy><wikiPageHierarchy><label>Welcome to Car Expo 2020</label><uuid>4d4c1e17-4e1e-457d-bbc9-e9ea096de96c</uuid><parentUuid xmlns:xsi="http://www.w3.org/2001/XMLSchema-instance" xsi:nil="true"></parentUuid></wikiPageHierarchy><wikiPageHierarchy><label>Lorem ipsum dolor sit amet</label><uuid>72d23bc0-8b5f-4f54-8f5e-343aec9241f5</uuid><parentUuid xmlns:xsi="http://www.w3.org/2001/XMLSchema-instance" xsi:nil="true"></parentUuid></wikiPageHierarchy><wikiPageHierarchy><label>Lorem Ipsum</label><uuid>8f0f7008-36cb-43d3-95e8-0e0df391b089</uuid><parentUuid xmlns:xsi="http://www.w3.org/2001/XMLSchema-instance" xsi:nil="true"></parentUuid></wikiPageHierarchy></wikiHierarchy>