<?xml version="1.0" encoding="UTF-8"?><wiki><author><email></email><name>System User</name><userId>00000000-0000-0000-0000-000000000000</userId><userState></userState><role></role><external>false</external><guid></guid></author><category><label>wiki</label><scheme>tag:ibm.com,2006:td/type</scheme><term>wiki</term></category><content><content></content><type>application/atom+xml</type><src></src></content><created>1607417829300</created><id>urn:lsid:ibm.com:td:865bccdd-dc69-476f-8fe5-ce0ed19da97b</id><label>W8b12d474dab5_4347_9188_25b9d6c76ff5</label><links><href>https://preview.hclconnections.net/wikis/basic/api/wiki/W8b12d474dab5_4347_9188_25b9d6c76ff5/entry</href><rel>self</rel><type></type><title></title></links><links><href>https://preview.hclconnections.net/wikis/home/wiki/W8b12d474dab5_4347_9188_25b9d6c76ff5</href><rel>alternate</rel><type>text/html</type><title></title></links><links><href>https://preview.hclconnections.net/wikis/basic/api/wiki/W8b12d474dab5_4347_9188_25b9d6c76ff5/entry</href><rel>edit</rel><type></type><title></title></links><links><href>https://preview.hclconnections.net/communities/service/atom/community/instance?communityUuid=27372e34-55aa-408e-86bb-b10b622f26b4</href><rel>http://www.ibm.com/xmlns/prod/sn/container</rel><type>application/atom+xml</type><title></title></links><members><id>ca:/wiki/865bccdd-dc69-476f-8fe5-ce0ed19da97b/members/00000000-0000-0000-0000-000000000000</id><title><content>System User</content><type>text</type><src></src></title><links><href>https://preview.hclconnections.net/wikis/basic/api/wiki/865bccdd-dc69-476f-8fe5-ce0ed19da97b/members/00000000-0000-0000-0000-000000000000</href><rel>self</rel><type></type><title></title></links><links><href>https://preview.hclconnections.net/wikis/basic/api/wiki/865bccdd-dc69-476f-8fe5-ce0ed19da97b/members/00000000-0000-0000-0000-000000000000</href><rel>edit</rel><type></type><title></title></links><email></email><name>System User</name><userId>00000000-0000-0000-0000-000000000000</userId><userState></userState><userRole>manager</userRole><userType>user</userType></members><modified>1607507048741</modified><modifier><email>jjones1@cxn.pnp-hcl.com</email><name>Joe Jones1</name><userId>79ebc498-70dd-103a-93be-8d3917e85f22</userId><userState>active</userState><role></role><external>false</external><guid></guid></modifier><published>1607417829300</published><summary><content>Its a community that helps users buy cars that are right for them. Its website and app carry rich automotive content such as expert reviews, detailed specs and prices, comparisons as well as videos and pictures of all car brands and models available worldwide</content><type>text</type><src></src></summary><themeName>default</themeName><title><content>Car Expo 2020</content><type>text</type><src></src></title><totalRemovedSize>0</totalRemovedSize><updated>1607507048741</updated><uuid>865bccdd-dc69-476f-8fe5-ce0ed19da97b</uuid><communityUuid>27372e34-55aa-408e-86bb-b10b622f26b4</communityUuid><externalInstanceId>W8b12d474dab5_4347_9188_25b9d6c76ff5</externalInstanceId><visibilityComputed>PUBLIC_TO_VIEWERS</visibilityComputed><librarySize>695533</librarySize><libraryQuota>524288000</libraryQuota><isExternal>false</isExternal><hierarchy><wikiPageHierarchy><label>Welcome to Car Expo 2020</label><uuid>4d4c1e17-4e1e-457d-bbc9-e9ea096de96c</uuid><parentUuid xmlns:xsi="http://www.w3.org/2001/XMLSchema-instance" xsi:nil="true"></parentUuid></wikiPageHierarchy><wikiPageHierarchy><label>Lorem ipsum dolor sit amet</label><uuid>72d23bc0-8b5f-4f54-8f5e-343aec9241f5</uuid><parentUuid xmlns:xsi="http://www.w3.org/2001/XMLSchema-instance" xsi:nil="true"></parentUuid></wikiPageHierarchy><wikiPageHierarchy><label>Lorem Ipsum</label><uuid>8f0f7008-36cb-43d3-95e8-0e0df391b089</uuid><parentUuid xmlns:xsi="http://www.w3.org/2001/XMLSchema-instance" xsi:nil="true"></parentUuid></wikiPageHierarchy></hierarchy><icVersion>60</icVersion></wiki>