<?xml version="1.0" encoding="UTF-8"?><forum><author><email>jjones1@cxn.pnp-hcl.com</email><name>Joe Jones1</name><userId>79ebc498-70dd-103a-93be-8d3917e85f22</userId><userState>active</userState><role></role><external>false</external><guid></guid></author><contributor><email>jjones1@cxn.pnp-hcl.com</email><name>Joe Jones1</name><userId>79ebc498-70dd-103a-93be-8d3917e85f22</userId><userState>active</userState><role></role><external>false</external><guid></guid></contributor><category><label></label><scheme>http://www.ibm.com/xmlns/prod/sn/type</scheme><term>forum-forum</term></category><content><content></content><type>text</type><src></src></content><id>f87a3002-2d33-4aa0-87da-679175d62a33</id><uuid>f87a3002-2d33-4aa0-87da-679175d62a33</uuid><parentUuid xmlns:xsi="http://www.w3.org/2001/XMLSchema-instance" xsi:nil="true"></parentUuid><links><href>https://preview.hclconnections.net/forums/atom/forum?forumUuid=f87a3002-2d33-4aa0-87da-679175d62a33</href><rel>self</rel><type>application/atom+xml</type><title></title></links><links><href>https://preview.hclconnections.net/forums/atom/forum?forumUuid=f87a3002-2d33-4aa0-87da-679175d62a33</href><rel>edit</rel><type>application/atom+xml</type><title></title></links><links><href>https://preview.hclconnections.net/forums/html/forum?id=f87a3002-2d33-4aa0-87da-679175d62a33</href><rel>alternate</rel><type>text/html</type><title></title></links><links><href>https://preview.hclconnections.net/forums/atom/topics?forumUuid=f87a3002-2d33-4aa0-87da-679175d62a33</href><rel>replies</rel><type>application/atom+xml</type><title></title></links><links><href>https://preview.hclconnections.net/forums/atom/acl?forumUuid=f87a3002-2d33-4aa0-87da-679175d62a33</href><rel>http://www.ibm.com/xmlns/prod/sn/member-list</rel><type>application/atom+xml</type><title></title></links><links><href>https://preview.hclconnections.net/forums/atom/service?forumUuid=f87a3002-2d33-4aa0-87da-679175d62a33</href><rel>service</rel><type>application/atomsvc+xml</type><title>Atom Publishing Protocol</title></links><links><href>http://preview.hclconnections.net/communities/service/atom/community/instance?communityUuid=868aeec2-525d-41a3-9c58-5f49b841c3c7</href><rel>http://www.ibm.com/xmlns/prod/sn/container</rel><type>application/atom+xml</type><title></title></links><published>1599423703042</published><title><content>Deb Business Service</content><type>text</type><src></src></title><updated>1599485163885</updated><topics><author><email>jjones1@cxn.pnp-hcl.com</email><name>Joe Jones1</name><userId>79ebc498-70dd-103a-93be-8d3917e85f22</userId><userState>active</userState><role></role><external>false</external><guid></guid></author><category><label></label><scheme>http://www.ibm.com/xmlns/prod/sn/type</scheme><term>forum-topic</term></category><content><content><![CDATA[
    <p dir="ltr">
       
    </p>
    <p dir="ltr">
      <span style="color:#696969">Richard McClintock, a Latin professor at Hampden-Sydney College in Virginia, looked up one of the more obscure Latin words, consectetur, from a Lorem Ipsum passage, and going through the cites of the word in classical literature As we have a complex installed Base and our engineers should be in multiple service territories. As this isn&#39;t possible would would like to. </span>
    </p>]]></content><type>html</type><src></src></content><id>urn:lsid:ibm.com:forum:a80ac6e7-1ad2-4f45-bc94-56a3535ed367</id><uuid>a80ac6e7-1ad2-4f45-bc94-56a3535ed367</uuid><parentUuid>f87a3002-2d33-4aa0-87da-679175d62a33</parentUuid><links><href>https://preview.hclconnections.net/forums/atom/recommendation/entries?postUuid=a80ac6e7-1ad2-4f45-bc94-56a3535ed367</href><rel>recommendations</rel><type>application/atom+xml</type><title></title></links><links><href>https://preview.hclconnections.net/forums/atom/topic?topicUuid=a80ac6e7-1ad2-4f45-bc94-56a3535ed367</href><rel>self</rel><type>application/atom+xml</type><title></title></links><links><href>https://preview.hclconnections.net/forums/atom/topic?topicUuid=a80ac6e7-1ad2-4f45-bc94-56a3535ed367</href><rel>edit</rel><type>application/atom+xml</type><title></title></links><links><href>https://preview.hclconnections.net/forums/html/topic?id=a80ac6e7-1ad2-4f45-bc94-56a3535ed367</href><rel>alternate</rel><type>text/html</type><title></title></links><links><href>https://preview.hclconnections.net/forums/atom/replies?topicUuid=a80ac6e7-1ad2-4f45-bc94-56a3535ed367</href><rel>replies</rel><type>application/atom+xml</type><title></title></links><links><href>http://preview.hclconnections.net/communities/service/atom/community/instance?communityUuid=868aeec2-525d-41a3-9c58-5f49b841c3c7</href><rel>http://www.ibm.com/xmlns/prod/sn/container</rel><type>application/atom+xml</type><title></title></links><published>1599476047964</published><title><content>Flexible Filters in Service Board</content><type>text</type><src></src></title><updated>1599485163885</updated><attachments><uuid>1c00e187-fa7d-4b97-b79d-e01a614d9a8a</uuid><name>img3.png</name><type>image</type><link><href>https://preview.hclconnections.net/forums/atom/download/img3.png?nodeId=1c00e187-fa7d-4b97-b79d-e01a614d9a8a</href><name>img3.png</name><type>image/png</type><lenght>0</lenght></link><updated>1599476000151</updated><published>1599476048064</published></attachments><recommendations><author><email>jjones2@cxn.pnp-hcl.com</email><name>Joe Jones2</name><userId>79ee1072-70dd-103a-93bf-8d3917e85f22</userId><userState>active</userState><role></role><external>false</external><guid></guid></author><id>urn:lsid:ibm.com:forum:a785ca2b-d267-4441-bf56-85e4caad7454</id><links><href>https://preview.hclconnections.net/forums/atom/recommendation/entries?postUuid=a80ac6e7-1ad2-4f45-bc94-56a3535ed367</href><rel>self</rel><type>application/atom+xml</type><title></title></links><links><href>https://preview.hclconnections.net/forums/atom/recommendation/entries?postUuid=a80ac6e7-1ad2-4f45-bc94-56a3535ed367</href><rel>edit</rel><type>application/atom+xml</type><title></title></links><links><href>https://preview.hclconnections.net/forums/html/topic?id=a80ac6e7-1ad2-4f45-bc94-56a3535ed367</href><rel>alternate</rel><type>application/atom+xml</type><title></title></links><title><content>like</content><type>text</type><src></src></title><category><label></label><scheme>http://www.ibm.com/xmlns/prod/sn/type</scheme><term>recommendation</term></category></recommendations><recommendations><author><email>jjones1@cxn.pnp-hcl.com</email><name>Joe Jones1</name><userId>79ebc498-70dd-103a-93be-8d3917e85f22</userId><userState>active</userState><role></role><external>false</external><guid></guid></author><id>urn:lsid:ibm.com:forum:55860613-49d7-4ec8-998e-4bc89bdbe919</id><links><href>https://preview.hclconnections.net/forums/atom/recommendation/entries?postUuid=a80ac6e7-1ad2-4f45-bc94-56a3535ed367</href><rel>self</rel><type>application/atom+xml</type><title></title></links><links><href>https://preview.hclconnections.net/forums/atom/recommendation/entries?postUuid=a80ac6e7-1ad2-4f45-bc94-56a3535ed367</href><rel>edit</rel><type>application/atom+xml</type><title></title></links><links><href>https://preview.hclconnections.net/forums/html/topic?id=a80ac6e7-1ad2-4f45-bc94-56a3535ed367</href><rel>alternate</rel><type>application/atom+xml</type><title></title></links><title><content>like</content><type>text</type><src></src></title><category><label></label><scheme>http://www.ibm.com/xmlns/prod/sn/type</scheme><term>recommendation</term></category></recommendations><containerUuid>f87a3002-2d33-4aa0-87da-679175d62a33</containerUuid><locked xmlns:xsi="http://www.w3.org/2001/XMLSchema-instance" xsi:nil="true"></locked><pinned xmlns:xsi="http://www.w3.org/2001/XMLSchema-instance" xsi:nil="true"></pinned><question><label></label><scheme>http://www.ibm.com/xmlns/prod/sn/flags</scheme><term>question</term></question><NotRecommendedByCurrentUser><label></label><scheme>http://www.ibm.com/xmlns/prod/sn/flags</scheme><term>NotRecommendedByCurrentUser</term></NotRecommendedByCurrentUser><answered xmlns:xsi="http://www.w3.org/2001/XMLSchema-instance" xsi:nil="true"></answered><replies><author><email>jjones1@cxn.pnp-hcl.com</email><name>Joe Jones1</name><userId>79ebc498-70dd-103a-93be-8d3917e85f22</userId><userState>active</userState><role></role><external>false</external><guid></guid></author><category><label></label><scheme>http://www.ibm.com/xmlns/prod/sn/type</scheme><term>forum-reply</term></category><content><content><![CDATA[
    <p dir="ltr">
      When viewing an explore search or performing a lookup to another record in Go
    </p>]]></content><type>html</type><src></src></content><id>urn:lsid:ibm.com:forum:71d8789e-e79a-4338-a90e-fa54983d403c</id><uuid>71d8789e-e79a-4338-a90e-fa54983d403c</uuid><parentUuid>a80ac6e7-1ad2-4f45-bc94-56a3535ed367</parentUuid><links><href>https://preview.hclconnections.net/forums/atom/recommendation/entries?postUuid=71d8789e-e79a-4338-a90e-fa54983d403c</href><rel>recommendations</rel><type>application/atom+xml</type><title></title></links><links><href>https://preview.hclconnections.net/forums/atom/reply?replyUuid=71d8789e-e79a-4338-a90e-fa54983d403c</href><rel>self</rel><type>application/atom+xml</type><title></title></links><links><href>https://preview.hclconnections.net/forums/atom/reply?replyUuid=71d8789e-e79a-4338-a90e-fa54983d403c</href><rel>edit</rel><type>application/atom+xml</type><title></title></links><links><href><![CDATA[https://preview.hclconnections.net/forums/html/threadTopic?id=a80ac6e7-1ad2-4f45-bc94-56a3535ed367&permalinkReplyUuid=71d8789e-e79a-4338-a90e-fa54983d403c]]></href><rel>alternate</rel><type>text/html</type><title></title></links><links><href>https://preview.hclconnections.net/forums/atom/replies?replyUuid=71d8789e-e79a-4338-a90e-fa54983d403c</href><rel>replies</rel><type>application/atom+xml</type><title></title></links><published>1599484981084</published><title><content>Re: Flexible Filters in Service Board</content><type>text</type><src></src></title><updated>1599484981084</updated><in-reply-to><href>https://preview.hclconnections.net/forums/atom/topics?forumUuid=a80ac6e7-1ad2-4f45-bc94-56a3535ed367</href><ref>urn:lsid:ibm.com:forum:a80ac6e7-1ad2-4f45-bc94-56a3535ed367</ref><type>application/atom+xml</type></in-reply-to><containerUuid xmlns:xsi="http://www.w3.org/2001/XMLSchema-instance" xsi:nil="true"></containerUuid><NotRecommendedByCurrentUser><label></label><scheme>http://www.ibm.com/xmlns/prod/sn/flags</scheme><term>NotRecommendedByCurrentUser</term></NotRecommendedByCurrentUser><answer xmlns:xsi="http://www.w3.org/2001/XMLSchema-instance" xsi:nil="true"></answer><deleted xmlns:xsi="http://www.w3.org/2001/XMLSchema-instance" xsi:nil="true"></deleted></replies><replies><author><email>jjones1@cxn.pnp-hcl.com</email><name>Joe Jones1</name><userId>79ebc498-70dd-103a-93be-8d3917e85f22</userId><userState>active</userState><role></role><external>false</external><guid></guid></author><category><label></label><scheme>http://www.ibm.com/xmlns/prod/sn/type</scheme><term>forum-reply</term></category><content><content><![CDATA[
    <p dir="ltr">
      When viewing an explore search or performing a lookup to another record in GoWhen viewing an explore search or performing a lookup to another record in Go
    </p>]]></content><type>html</type><src></src></content><id>urn:lsid:ibm.com:forum:a3631b74-08d7-4ac1-be15-b7a8a193504a</id><uuid>a3631b74-08d7-4ac1-be15-b7a8a193504a</uuid><parentUuid>a80ac6e7-1ad2-4f45-bc94-56a3535ed367</parentUuid><links><href>https://preview.hclconnections.net/forums/atom/recommendation/entries?postUuid=a3631b74-08d7-4ac1-be15-b7a8a193504a</href><rel>recommendations</rel><type>application/atom+xml</type><title></title></links><links><href>https://preview.hclconnections.net/forums/atom/reply?replyUuid=a3631b74-08d7-4ac1-be15-b7a8a193504a</href><rel>self</rel><type>application/atom+xml</type><title></title></links><links><href>https://preview.hclconnections.net/forums/atom/reply?replyUuid=a3631b74-08d7-4ac1-be15-b7a8a193504a</href><rel>edit</rel><type>application/atom+xml</type><title></title></links><links><href><![CDATA[https://preview.hclconnections.net/forums/html/threadTopic?id=a80ac6e7-1ad2-4f45-bc94-56a3535ed367&permalinkReplyUuid=a3631b74-08d7-4ac1-be15-b7a8a193504a]]></href><rel>alternate</rel><type>text/html</type><title></title></links><links><href>https://preview.hclconnections.net/forums/atom/replies?replyUuid=a3631b74-08d7-4ac1-be15-b7a8a193504a</href><rel>replies</rel><type>application/atom+xml</type><title></title></links><published>1599485150822</published><title><content>Re: Flexible Filters in Service Board</content><type>text</type><src></src></title><updated>1599485150822</updated><in-reply-to><href>https://preview.hclconnections.net/forums/atom/topics?forumUuid=a80ac6e7-1ad2-4f45-bc94-56a3535ed367</href><ref>urn:lsid:ibm.com:forum:a80ac6e7-1ad2-4f45-bc94-56a3535ed367</ref><type>application/atom+xml</type></in-reply-to><containerUuid xmlns:xsi="http://www.w3.org/2001/XMLSchema-instance" xsi:nil="true"></containerUuid><NotRecommendedByCurrentUser><label></label><scheme>http://www.ibm.com/xmlns/prod/sn/flags</scheme><term>NotRecommendedByCurrentUser</term></NotRecommendedByCurrentUser><answer xmlns:xsi="http://www.w3.org/2001/XMLSchema-instance" xsi:nil="true"></answer><deleted xmlns:xsi="http://www.w3.org/2001/XMLSchema-instance" xsi:nil="true"></deleted></replies><replies><author><email>jjones1@cxn.pnp-hcl.com</email><name>Joe Jones1</name><userId>79ebc498-70dd-103a-93be-8d3917e85f22</userId><userState>active</userState><role></role><external>false</external><guid></guid></author><category><label></label><scheme>http://www.ibm.com/xmlns/prod/sn/type</scheme><term>forum-reply</term></category><content><content><![CDATA[
    <p dir="ltr">
      An asset-centric digital transformation helps:<br />
      <br />
      - Gather the right data<br />
      - Connect service to the rest of the
    </p>]]></content><type>html</type><src></src></content><id>urn:lsid:ibm.com:forum:6a8f75a9-886d-4888-b85f-2e63efcc38be</id><uuid>6a8f75a9-886d-4888-b85f-2e63efcc38be</uuid><parentUuid>a80ac6e7-1ad2-4f45-bc94-56a3535ed367</parentUuid><links><href>https://preview.hclconnections.net/forums/atom/recommendation/entries?postUuid=6a8f75a9-886d-4888-b85f-2e63efcc38be</href><rel>recommendations</rel><type>application/atom+xml</type><title></title></links><links><href>https://preview.hclconnections.net/forums/atom/reply?replyUuid=6a8f75a9-886d-4888-b85f-2e63efcc38be</href><rel>self</rel><type>application/atom+xml</type><title></title></links><links><href>https://preview.hclconnections.net/forums/atom/reply?replyUuid=6a8f75a9-886d-4888-b85f-2e63efcc38be</href><rel>edit</rel><type>application/atom+xml</type><title></title></links><links><href><![CDATA[https://preview.hclconnections.net/forums/html/threadTopic?id=a80ac6e7-1ad2-4f45-bc94-56a3535ed367&permalinkReplyUuid=6a8f75a9-886d-4888-b85f-2e63efcc38be]]></href><rel>alternate</rel><type>text/html</type><title></title></links><links><href>https://preview.hclconnections.net/forums/atom/replies?replyUuid=6a8f75a9-886d-4888-b85f-2e63efcc38be</href><rel>replies</rel><type>application/atom+xml</type><title></title></links><published>1599485163885</published><title><content>Re: Flexible Filters in Service Board</content><type>text</type><src></src></title><updated>1599485163885</updated><in-reply-to><href>https://preview.hclconnections.net/forums/atom/topics?forumUuid=a80ac6e7-1ad2-4f45-bc94-56a3535ed367</href><ref>urn:lsid:ibm.com:forum:a80ac6e7-1ad2-4f45-bc94-56a3535ed367</ref><type>application/atom+xml</type></in-reply-to><containerUuid xmlns:xsi="http://www.w3.org/2001/XMLSchema-instance" xsi:nil="true"></containerUuid><NotRecommendedByCurrentUser><label></label><scheme>http://www.ibm.com/xmlns/prod/sn/flags</scheme><term>NotRecommendedByCurrentUser</term></NotRecommendedByCurrentUser><answer xmlns:xsi="http://www.w3.org/2001/XMLSchema-instance" xsi:nil="true"></answer><deleted xmlns:xsi="http://www.w3.org/2001/XMLSchema-instance" xsi:nil="true"></deleted></replies></topics><communityUuid>868aeec2-525d-41a3-9c58-5f49b841c3c7</communityUuid><icVersion>60</icVersion><state>active</state></forum>