<?xml version="1.0" encoding="UTF-8"?><community><uuid>36c84c6d-d7f6-4b79-b64e-7c8170bb63f5</uuid><parentUuid xmlns:xsi="http://www.w3.org/2001/XMLSchema-instance" xsi:nil="true"></parentUuid><id>http://communities.ibm.com:2006/service/atom/community/instance?communityUuid=36c84c6d-d7f6-4b79-b64e-7c8170bb63f5</id><title><content>Work and Fun</content><type>text</type><src></src></title><categories><label></label><scheme>http://www.ibm.com/xmlns/prod/sn/type</scheme><term>community</term></categories><links><href>https://preview.hclconnections.net/communities/service/atom/community/instance?communityUuid=36c84c6d-d7f6-4b79-b64e-7c8170bb63f5</href><rel>self</rel><type></type><title></title></links><links><href>https://preview.hclconnections.net/communities/service/atom/community/instance?communityUuid=36c84c6d-d7f6-4b79-b64e-7c8170bb63f5</href><rel>edit</rel><type></type><title></title></links><links><href>https://preview.hclconnections.net/communities/service/html/communitystart?communityUuid=36c84c6d-d7f6-4b79-b64e-7c8170bb63f5</href><rel>alternate</rel><type>text/html</type><title></title></links><links><href><![CDATA[https://preview.hclconnections.net/communities/service/html/image?communityUuid=36c84c6d-d7f6-4b79-b64e-7c8170bb63f5&lastMod=1600167714619]]></href><rel>http://www.ibm.com/xmlns/prod/sn/logo</rel><type></type><title></title></links><links><href>https://preview.hclconnections.net/communities/service/atom/community/service?communityUuid=36c84c6d-d7f6-4b79-b64e-7c8170bb63f5</href><rel>http://www.ibm.com/xmlns/prod/sn/service</rel><type>application/atomsvc+xml</type><title></title></links><links><href>https://preview.hclconnections.net/communities/service/atom/community/members?communityUuid=36c84c6d-d7f6-4b79-b64e-7c8170bb63f5</href><rel>http://www.ibm.com/xmlns/prod/sn/member-list</rel><type>application/atom+xml</type><title></title></links><links><href>https://preview.hclconnections.net/communities/service/atom/community/bookmarks?communityUuid=36c84c6d-d7f6-4b79-b64e-7c8170bb63f5</href><rel>http://www.ibm.com/xmlns/prod/sn/bookmarks</rel><type>application/atom+xml</type><title></title></links><links><href>https://preview.hclconnections.net/communities/service/atom/community/feeds?communityUuid=36c84c6d-d7f6-4b79-b64e-7c8170bb63f5</href><rel>http://www.ibm.com/xmlns/prod/sn/feeds</rel><type>application/atom+xml</type><title></title></links><links><href>https://preview.hclconnections.net/communities/service/atom/community/remoteApplications?communityUuid=36c84c6d-d7f6-4b79-b64e-7c8170bb63f5</href><rel>http://www.ibm.com/xmlns/prod/sn/remote-applications</rel><type>application/atom+xml</type><title></title></links><links><href>https://preview.hclconnections.net/forums/atom/topics?communityUuid=36c84c6d-d7f6-4b79-b64e-7c8170bb63f5</href><rel>http://www.ibm.com/xmlns/prod/sn/forum-topics</rel><type>application/atom+xml</type><title></title></links><links><href>https://preview.hclconnections.net/communities/service/atom/community/invites?communityUuid=36c84c6d-d7f6-4b79-b64e-7c8170bb63f5</href><rel>http://www.ibm.com/xmlns/prod/sn/invitations-list</rel><type>application/atom+xml</type><title></title></links><links><href>https://preview.hclconnections.net/communities/service/atom/community/widgets?communityUuid=36c84c6d-d7f6-4b79-b64e-7c8170bb63f5</href><rel>http://www.ibm.com/xmlns/prod/sn/widgets</rel><type>application/atom+xml</type><title></title></links><links><href>https://preview.hclconnections.net/communities/service/atom/community/pages?communityUuid=36c84c6d-d7f6-4b79-b64e-7c8170bb63f5</href><rel>http://www.ibm.com/xmlns/prod/sn/pages</rel><type>application/atom+xml</type><title></title></links><links><href>https://preview.hclconnections.net/communities/service/atom/community/subcommunities?communityUuid=36c84c6d-d7f6-4b79-b64e-7c8170bb63f5</href><rel>http://www.ibm.com/xmlns/prod/sn/subcommunities</rel><type>application/atom+xml</type><title></title></links><links><href>https://preview.hclconnections.net/connections/opensocial/rest/activitystreams/urn:lsid:lconn.ibm.com:communities.community:36c84c6d-d7f6-4b79-b64e-7c8170bb63f5/@all/@all?format=atom</href><rel>http://www.ibm.com/xmlns/prod/sn/activitystream</rel><type>application/atom+xml</type><title></title></links><links><href>https://preview.hclconnections.net/connections/opensocial/rest/ublog/urn:lsid:lconn.ibm.com:communities.community:36c84c6d-d7f6-4b79-b64e-7c8170bb63f5/@all?format=atom</href><rel>http://www.ibm.com/xmlns/prod/sn/microblog</rel><type>application/atom+xml</type><title></title></links><links><href>https://preview.hclconnections.net/communities/service/atom/community/broadcasts?communityUuid=36c84c6d-d7f6-4b79-b64e-7c8170bb63f5</href><rel>http://www.ibm.com/xmlns/prod/sn/community-broadcasts</rel><type>application/atom+xml</type><title></title></links><type>public</type><listWhenRestricted>false</listWhenRestricted><preModeration>false</preModeration><postModeration>false</postModeration><published>1599477759976</published><updated>1609946170162</updated><content><content><![CDATA[<p dir="ltr"> </p>]]></content><type>html</type><src></src></content><summary><content> </content><type>text</type><src></src></summary><author><email>jjones5@cxn.pnp-hcl.com</email><name>Joe Jones5</name><userId>79eed200-70dd-103a-93c2-8d3917e85f22</userId><userState>active</userState><role></role><external>false</external><guid></guid></author><contributor><email>jjones1@cxn.pnp-hcl.com</email><name>Joe Jones1</name><userId>79ebc498-70dd-103a-93be-8d3917e85f22</userId><userState>active</userState><role></role><external>false</external><guid></guid></contributor><themeName>default</themeName><layout>3columnsWithBannerTopMenuLayout</layout><handle>workandfun</handle><communityStartPage>W5edfb4a64664_49f0_bfbd_5057d1045fb8</communityStartPage><isExternal>false</isExternal><members><email>omar.ulloa@hcl.com</email><name>Omar Ulloa</name><userId>8ec0d0b0-88ad-103a-80cc-ef5b407dea30</userId><userState>active</userState><role>member</role><external>false</external></members><members><email>jjones124@cxn.pnp-hcl.com</email><name>Joe Jones124</name><userId>7a2906f0-70dd-103a-9439-8d3917e85f22</userId><userState>active</userState><role>member</role><external>false</external></members><members><email>jjones123@cxn.pnp-hcl.com</email><name>Joe Jones123</name><userId>7a280566-70dd-103a-9438-8d3917e85f22</userId><userState>active</userState><role>member</role><external>false</external></members><members><email>jjones12@cxn.pnp-hcl.com</email><name>Joe Jones12</name><userId>79f0a99a-70dd-103a-93c9-8d3917e85f22</userId><userState>active</userState><role>member</role><external>false</external></members><members><email>jjones1@cxn.pnp-hcl.com</email><name>Joe Jones1</name><userId>79ebc498-70dd-103a-93be-8d3917e85f22</userId><userState>active</userState><role>member</role><external>false</external></members><owners><email>jjones5@cxn.pnp-hcl.com</email><name>Joe Jones5</name><userId>79eed200-70dd-103a-93c2-8d3917e85f22</userId><userState>active</userState><role>owner</role><external>false</external></owners><widgets><id><![CDATA[https://preview.hclconnections.net/communities/service/atom/community/widgets?communityUuid=36c84c6d-d7f6-4b79-b64e-7c8170bb63f5&widgetInstanceId=W554565afff79_4396_981f_72f02f4d87f9]]></id><parentUuid>36c84c6d-d7f6-4b79-b64e-7c8170bb63f5</parentUuid><containerUuid xmlns:xsi="http://www.w3.org/2001/XMLSchema-instance" xsi:nil="true"></containerUuid><title><content>ImportantBookmarks</content><type>text</type><src></src></title><categories><label></label><scheme>http://www.ibm.com/xmlns/prod/sn/type</scheme><term>widget</term></categories><links><href><![CDATA[https://preview.hclconnections.net/communities/service/atom/community/widgets?communityUuid=36c84c6d-d7f6-4b79-b64e-7c8170bb63f5&widgetInstanceId=W554565afff79_4396_981f_72f02f4d87f9]]></href><rel>self</rel><type></type><title></title></links><links><href>https://preview.hclconnections.net/communities/service/atom/community/widgets?communityUuid=36c84c6d-d7f6-4b79-b64e-7c8170bb63f5</href><rel>edit</rel><type></type><title></title></links><links><href>https://preview.hclconnections.net/communities/service/html/communityoverview?communityUuid=36c84c6d-d7f6-4b79-b64e-7c8170bb63f5</href><rel>alternate</rel><type></type><title></title></links><widgetDefId>ImportantBookmarks</widgetDefId><widgetInstanceId>W554565afff79_4396_981f_72f02f4d87f9</widgetInstanceId><widgetCategory></widgetCategory><isHidden>false</isHidden><location>col3</location><previousWidgetInstanceId></previousWidgetInstanceId></widgets><widgets><id><![CDATA[https://preview.hclconnections.net/communities/service/atom/community/widgets?communityUuid=36c84c6d-d7f6-4b79-b64e-7c8170bb63f5&widgetInstanceId=W5edfb4a64664_49f0_bfbd_5057d1045fb8]]></id><parentUuid>36c84c6d-d7f6-4b79-b64e-7c8170bb63f5</parentUuid><containerUuid xmlns:xsi="http://www.w3.org/2001/XMLSchema-instance" xsi:nil="true"></containerUuid><title><content>Highlights</content><type>text</type><src></src></title><categories><label></label><scheme>http://www.ibm.com/xmlns/prod/sn/type</scheme><term>widget</term></categories><links><href><![CDATA[https://preview.hclconnections.net/communities/service/atom/community/widgets?communityUuid=36c84c6d-d7f6-4b79-b64e-7c8170bb63f5&widgetInstanceId=W5edfb4a64664_49f0_bfbd_5057d1045fb8]]></href><rel>self</rel><type></type><title></title></links><links><href>https://preview.hclconnections.net/communities/service/atom/community/widgets?communityUuid=36c84c6d-d7f6-4b79-b64e-7c8170bb63f5</href><rel>edit</rel><type></type><title></title></links><links><href>https://preview.hclconnections.net/communities/service/html/communityoverview?communityUuid=36c84c6d-d7f6-4b79-b64e-7c8170bb63f5#fullpageWidgetId=W5edfb4a64664_49f0_bfbd_5057d1045fb8</href><rel>alternate</rel><type></type><title></title></links><widgetDefId>Highlights</widgetDefId><widgetInstanceId>W5edfb4a64664_49f0_bfbd_5057d1045fb8</widgetInstanceId><widgetCategory></widgetCategory><isHidden>false</isHidden><location>col1</location><previousWidgetInstanceId></previousWidgetInstanceId></widgets><widgets><id><![CDATA[https://preview.hclconnections.net/communities/service/atom/community/widgets?communityUuid=36c84c6d-d7f6-4b79-b64e-7c8170bb63f5&widgetInstanceId=W28840af45afa_446c_8b94_532058f7b101]]></id><parentUuid>36c84c6d-d7f6-4b79-b64e-7c8170bb63f5</parentUuid><containerUuid xmlns:xsi="http://www.w3.org/2001/XMLSchema-instance" xsi:nil="true"></containerUuid><title><content>MembersSummary</content><type>text</type><src></src></title><categories><label></label><scheme>http://www.ibm.com/xmlns/prod/sn/type</scheme><term>widget</term></categories><links><href><![CDATA[https://preview.hclconnections.net/communities/service/atom/community/widgets?communityUuid=36c84c6d-d7f6-4b79-b64e-7c8170bb63f5&widgetInstanceId=W28840af45afa_446c_8b94_532058f7b101]]></href><rel>self</rel><type></type><title></title></links><links><href>https://preview.hclconnections.net/communities/service/atom/community/widgets?communityUuid=36c84c6d-d7f6-4b79-b64e-7c8170bb63f5</href><rel>edit</rel><type></type><title></title></links><links><href>https://preview.hclconnections.net/communities/service/html/communityoverview?communityUuid=36c84c6d-d7f6-4b79-b64e-7c8170bb63f5</href><rel>alternate</rel><type></type><title></title></links><widgetDefId>MembersSummary</widgetDefId><widgetInstanceId>W28840af45afa_446c_8b94_532058f7b101</widgetInstanceId><widgetCategory></widgetCategory><isHidden>false</isHidden><location>col3</location><previousWidgetInstanceId>W554565afff79_4396_981f_72f02f4d87f9</previousWidgetInstanceId></widgets><widgets><id><![CDATA[https://preview.hclconnections.net/communities/service/atom/community/widgets?communityUuid=36c84c6d-d7f6-4b79-b64e-7c8170bb63f5&widgetInstanceId=W55b02e0876f2_4476_b37a_6b31b3b5802d]]></id><parentUuid>36c84c6d-d7f6-4b79-b64e-7c8170bb63f5</parentUuid><containerUuid xmlns:xsi="http://www.w3.org/2001/XMLSchema-instance" xsi:nil="true"></containerUuid><title><content>Status Updates</content><type>text</type><src></src></title><categories><label></label><scheme>http://www.ibm.com/xmlns/prod/sn/type</scheme><term>widget</term></categories><links><href><![CDATA[https://preview.hclconnections.net/communities/service/atom/community/widgets?communityUuid=36c84c6d-d7f6-4b79-b64e-7c8170bb63f5&widgetInstanceId=W55b02e0876f2_4476_b37a_6b31b3b5802d]]></href><rel>self</rel><type></type><title></title></links><links><href>https://preview.hclconnections.net/communities/service/atom/community/widgets?communityUuid=36c84c6d-d7f6-4b79-b64e-7c8170bb63f5</href><rel>edit</rel><type></type><title></title></links><links><href><![CDATA[https://preview.hclconnections.net/communities/service/html/community/updates?communityUuid=36c84c6d-d7f6-4b79-b64e-7c8170bb63f5&filter=status]]></href><rel>alternate</rel><type></type><title></title></links><widgetDefId>StatusUpdates</widgetDefId><widgetInstanceId>W55b02e0876f2_4476_b37a_6b31b3b5802d</widgetInstanceId><widgetCategory></widgetCategory><isHidden>false</isHidden><location>col2statusposts</location><previousWidgetInstanceId></previousWidgetInstanceId><widgetProperties><key>objectIdentifyingId</key><value>14707c56-8a7a-4d14-b3c0-3bf0ade47487</value></widgetProperties></widgets><widgets><id><![CDATA[https://preview.hclconnections.net/communities/service/atom/community/widgets?communityUuid=36c84c6d-d7f6-4b79-b64e-7c8170bb63f5&widgetInstanceId=W979082718e73_4f50_8598_acf0f909750f]]></id><parentUuid>36c84c6d-d7f6-4b79-b64e-7c8170bb63f5</parentUuid><containerUuid xmlns:xsi="http://www.w3.org/2001/XMLSchema-instance" xsi:nil="true"></containerUuid><title><content>description</content><type>text</type><src></src></title><categories><label></label><scheme>http://www.ibm.com/xmlns/prod/sn/type</scheme><term>widget</term></categories><links><href><![CDATA[https://preview.hclconnections.net/communities/service/atom/community/widgets?communityUuid=36c84c6d-d7f6-4b79-b64e-7c8170bb63f5&widgetInstanceId=W979082718e73_4f50_8598_acf0f909750f]]></href><rel>self</rel><type></type><title></title></links><links><href>https://preview.hclconnections.net/communities/service/atom/community/widgets?communityUuid=36c84c6d-d7f6-4b79-b64e-7c8170bb63f5</href><rel>edit</rel><type></type><title></title></links><links><href>https://preview.hclconnections.net/communities/service/html/communityoverview?communityUuid=36c84c6d-d7f6-4b79-b64e-7c8170bb63f5</href><rel>alternate</rel><type></type><title></title></links><widgetDefId>description</widgetDefId><widgetInstanceId>W979082718e73_4f50_8598_acf0f909750f</widgetInstanceId><widgetCategory></widgetCategory><isHidden>false</isHidden><location>col2</location><previousWidgetInstanceId></previousWidgetInstanceId></widgets><widgets><id><![CDATA[https://preview.hclconnections.net/communities/service/atom/community/widgets?communityUuid=36c84c6d-d7f6-4b79-b64e-7c8170bb63f5&widgetInstanceId=W400d17e10d5f_4e69_b5e0_37629f2fd3b9]]></id><parentUuid>36c84c6d-d7f6-4b79-b64e-7c8170bb63f5</parentUuid><containerUuid xmlns:xsi="http://www.w3.org/2001/XMLSchema-instance" xsi:nil="true"></containerUuid><title><content>Forums</content><type>text</type><src></src></title><categories><label></label><scheme>http://www.ibm.com/xmlns/prod/sn/type</scheme><term>widget</term></categories><links><href><![CDATA[https://preview.hclconnections.net/communities/service/atom/community/widgets?communityUuid=36c84c6d-d7f6-4b79-b64e-7c8170bb63f5&widgetInstanceId=W400d17e10d5f_4e69_b5e0_37629f2fd3b9]]></href><rel>self</rel><type></type><title></title></links><links><href>https://preview.hclconnections.net/communities/service/atom/community/widgets?communityUuid=36c84c6d-d7f6-4b79-b64e-7c8170bb63f5</href><rel>edit</rel><type></type><title></title></links><links><href>https://preview.hclconnections.net/communities/service/html/communityoverview?communityUuid=36c84c6d-d7f6-4b79-b64e-7c8170bb63f5#fullpageWidgetId=W400d17e10d5f_4e69_b5e0_37629f2fd3b9</href><rel>alternate</rel><type></type><title></title></links><widgetDefId>Forum</widgetDefId><widgetInstanceId>W400d17e10d5f_4e69_b5e0_37629f2fd3b9</widgetInstanceId><widgetCategory></widgetCategory><isHidden>false</isHidden><location>col2</location><previousWidgetInstanceId>W979082718e73_4f50_8598_acf0f909750f</previousWidgetInstanceId></widgets><widgets><id><![CDATA[https://preview.hclconnections.net/communities/service/atom/community/widgets?communityUuid=36c84c6d-d7f6-4b79-b64e-7c8170bb63f5&widgetInstanceId=W0f79cab496e5_4ae9_9cf7_eedddbf0c5e3]]></id><parentUuid>36c84c6d-d7f6-4b79-b64e-7c8170bb63f5</parentUuid><containerUuid xmlns:xsi="http://www.w3.org/2001/XMLSchema-instance" xsi:nil="true"></containerUuid><title><content>Bookmarks</content><type>text</type><src></src></title><categories><label></label><scheme>http://www.ibm.com/xmlns/prod/sn/type</scheme><term>widget</term></categories><links><href><![CDATA[https://preview.hclconnections.net/communities/service/atom/community/widgets?communityUuid=36c84c6d-d7f6-4b79-b64e-7c8170bb63f5&widgetInstanceId=W0f79cab496e5_4ae9_9cf7_eedddbf0c5e3]]></href><rel>self</rel><type></type><title></title></links><links><href>https://preview.hclconnections.net/communities/service/atom/community/widgets?communityUuid=36c84c6d-d7f6-4b79-b64e-7c8170bb63f5</href><rel>edit</rel><type></type><title></title></links><links><href>https://preview.hclconnections.net/communities/service/html/community/bookmarks?communityUuid=36c84c6d-d7f6-4b79-b64e-7c8170bb63f5</href><rel>alternate</rel><type></type><title></title></links><widgetDefId>Bookmarks</widgetDefId><widgetInstanceId>W0f79cab496e5_4ae9_9cf7_eedddbf0c5e3</widgetInstanceId><widgetCategory></widgetCategory><isHidden>false</isHidden><location>col2</location><previousWidgetInstanceId>W400d17e10d5f_4e69_b5e0_37629f2fd3b9</previousWidgetInstanceId></widgets><widgets><id><![CDATA[https://preview.hclconnections.net/communities/service/atom/community/widgets?communityUuid=36c84c6d-d7f6-4b79-b64e-7c8170bb63f5&widgetInstanceId=W320ae0b53477_406c_b69f_26ded16b7cc4]]></id><parentUuid>36c84c6d-d7f6-4b79-b64e-7c8170bb63f5</parentUuid><containerUuid xmlns:xsi="http://www.w3.org/2001/XMLSchema-instance" xsi:nil="true"></containerUuid><title><content>Files</content><type>text</type><src></src></title><categories><label></label><scheme>http://www.ibm.com/xmlns/prod/sn/type</scheme><term>widget</term></categories><links><href><![CDATA[https://preview.hclconnections.net/communities/service/atom/community/widgets?communityUuid=36c84c6d-d7f6-4b79-b64e-7c8170bb63f5&widgetInstanceId=W320ae0b53477_406c_b69f_26ded16b7cc4]]></href><rel>self</rel><type></type><title></title></links><links><href>https://preview.hclconnections.net/communities/service/atom/community/widgets?communityUuid=36c84c6d-d7f6-4b79-b64e-7c8170bb63f5</href><rel>edit</rel><type></type><title></title></links><links><href>https://preview.hclconnections.net/communities/service/html/communityoverview?communityUuid=36c84c6d-d7f6-4b79-b64e-7c8170bb63f5#fullpageWidgetId=W320ae0b53477_406c_b69f_26ded16b7cc4</href><rel>alternate</rel><type></type><title></title></links><widgetDefId>Files</widgetDefId><widgetInstanceId>W320ae0b53477_406c_b69f_26ded16b7cc4</widgetInstanceId><widgetCategory></widgetCategory><isHidden>false</isHidden><location>col2</location><previousWidgetInstanceId>W0f79cab496e5_4ae9_9cf7_eedddbf0c5e3</previousWidgetInstanceId></widgets><widgets><id><![CDATA[https://preview.hclconnections.net/communities/service/atom/community/widgets?communityUuid=36c84c6d-d7f6-4b79-b64e-7c8170bb63f5&widgetInstanceId=W149883c6f649_4fa9_9118_3a866f3a7a0c]]></id><parentUuid>36c84c6d-d7f6-4b79-b64e-7c8170bb63f5</parentUuid><containerUuid xmlns:xsi="http://www.w3.org/2001/XMLSchema-instance" xsi:nil="true"></containerUuid><title><content>Tags</content><type>text</type><src></src></title><categories><label></label><scheme>http://www.ibm.com/xmlns/prod/sn/type</scheme><term>widget</term></categories><links><href><![CDATA[https://preview.hclconnections.net/communities/service/atom/community/widgets?communityUuid=36c84c6d-d7f6-4b79-b64e-7c8170bb63f5&widgetInstanceId=W149883c6f649_4fa9_9118_3a866f3a7a0c]]></href><rel>self</rel><type></type><title></title></links><links><href>https://preview.hclconnections.net/communities/service/atom/community/widgets?communityUuid=36c84c6d-d7f6-4b79-b64e-7c8170bb63f5</href><rel>edit</rel><type></type><title></title></links><links><href>https://preview.hclconnections.net/communities/service/html/communityoverview?communityUuid=36c84c6d-d7f6-4b79-b64e-7c8170bb63f5</href><rel>alternate</rel><type></type><title></title></links><widgetDefId>Tags</widgetDefId><widgetInstanceId>W149883c6f649_4fa9_9118_3a866f3a7a0c</widgetInstanceId><widgetCategory></widgetCategory><isHidden>false</isHidden><location>col1</location><previousWidgetInstanceId>W5edfb4a64664_49f0_bfbd_5057d1045fb8</previousWidgetInstanceId></widgets><widgets><id><![CDATA[https://preview.hclconnections.net/communities/service/atom/community/widgets?communityUuid=36c84c6d-d7f6-4b79-b64e-7c8170bb63f5&widgetInstanceId=W7064d751c51c_4934_b9df_fc7b22bff677]]></id><parentUuid>36c84c6d-d7f6-4b79-b64e-7c8170bb63f5</parentUuid><containerUuid xmlns:xsi="http://www.w3.org/2001/XMLSchema-instance" xsi:nil="true"></containerUuid><title><content>RichContent</content><type>text</type><src></src></title><categories><label></label><scheme>http://www.ibm.com/xmlns/prod/sn/type</scheme><term>widget</term></categories><links><href><![CDATA[https://preview.hclconnections.net/communities/service/atom/community/widgets?communityUuid=36c84c6d-d7f6-4b79-b64e-7c8170bb63f5&widgetInstanceId=W7064d751c51c_4934_b9df_fc7b22bff677]]></href><rel>self</rel><type></type><title></title></links><links><href>https://preview.hclconnections.net/communities/service/atom/community/widgets?communityUuid=36c84c6d-d7f6-4b79-b64e-7c8170bb63f5</href><rel>edit</rel><type></type><title></title></links><links><href>https://preview.hclconnections.net/communities/service/html/communityoverview?communityUuid=36c84c6d-d7f6-4b79-b64e-7c8170bb63f5</href><rel>alternate</rel><type></type><title></title></links><widgetDefId>RichContent</widgetDefId><widgetInstanceId>W7064d751c51c_4934_b9df_fc7b22bff677</widgetInstanceId><widgetCategory></widgetCategory><isHidden>false</isHidden><location>banner</location><previousWidgetInstanceId></previousWidgetInstanceId></widgets><widgets><id><![CDATA[https://preview.hclconnections.net/communities/service/atom/community/widgets?communityUuid=36c84c6d-d7f6-4b79-b64e-7c8170bb63f5&widgetInstanceId=W4162f8dd3e0c_46fb_bec7_0b5fb5c77c80]]></id><parentUuid>36c84c6d-d7f6-4b79-b64e-7c8170bb63f5</parentUuid><containerUuid xmlns:xsi="http://www.w3.org/2001/XMLSchema-instance" xsi:nil="true"></containerUuid><title><content>Blog</content><type>text</type><src></src></title><categories><label></label><scheme>http://www.ibm.com/xmlns/prod/sn/type</scheme><term>widget</term></categories><links><href><![CDATA[https://preview.hclconnections.net/communities/service/atom/community/widgets?communityUuid=36c84c6d-d7f6-4b79-b64e-7c8170bb63f5&widgetInstanceId=W4162f8dd3e0c_46fb_bec7_0b5fb5c77c80]]></href><rel>self</rel><type></type><title></title></links><links><href>https://preview.hclconnections.net/communities/service/atom/community/widgets?communityUuid=36c84c6d-d7f6-4b79-b64e-7c8170bb63f5</href><rel>edit</rel><type></type><title></title></links><links><href>https://preview.hclconnections.net/blogs/36c84c6d-d7f6-4b79-b64e-7c8170bb63f5?lang=en_us</href><rel>alternate</rel><type></type><title></title></links><widgetDefId>Blog</widgetDefId><widgetInstanceId>W4162f8dd3e0c_46fb_bec7_0b5fb5c77c80</widgetInstanceId><widgetCategory></widgetCategory><isHidden>false</isHidden><location>col2</location><previousWidgetInstanceId>W320ae0b53477_406c_b69f_26ded16b7cc4</previousWidgetInstanceId><widgetProperties><key>new id</key><value>36c84c6d-d7f6-4b79-b64e-7c8170bb63f5</value></widgetProperties><widgetProperties><key>old id</key><value>36c84c6d-d7f6-4b79-b64e-7c8170bb63f5</value></widgetProperties></widgets><widgets><id><![CDATA[https://preview.hclconnections.net/communities/service/atom/community/widgets?communityUuid=36c84c6d-d7f6-4b79-b64e-7c8170bb63f5&widgetInstanceId=W7567afd73721_4bbd_af17_3a2a256ea555]]></id><parentUuid>36c84c6d-d7f6-4b79-b64e-7c8170bb63f5</parentUuid><containerUuid xmlns:xsi="http://www.w3.org/2001/XMLSchema-instance" xsi:nil="true"></containerUuid><title><content>Activities</content><type>text</type><src></src></title><categories><label></label><scheme>http://www.ibm.com/xmlns/prod/sn/type</scheme><term>widget</term></categories><links><href><![CDATA[https://preview.hclconnections.net/communities/service/atom/community/widgets?communityUuid=36c84c6d-d7f6-4b79-b64e-7c8170bb63f5&widgetInstanceId=W7567afd73721_4bbd_af17_3a2a256ea555]]></href><rel>self</rel><type></type><title></title></links><links><href>https://preview.hclconnections.net/communities/service/atom/community/widgets?communityUuid=36c84c6d-d7f6-4b79-b64e-7c8170bb63f5</href><rel>edit</rel><type></type><title></title></links><links><href>https://preview.hclconnections.net/communities/service/html/communityoverview?communityUuid=36c84c6d-d7f6-4b79-b64e-7c8170bb63f5#fullpageWidgetId=W7567afd73721_4bbd_af17_3a2a256ea555</href><rel>alternate</rel><type></type><title></title></links><widgetDefId>Activities</widgetDefId><widgetInstanceId>W7567afd73721_4bbd_af17_3a2a256ea555</widgetInstanceId><widgetCategory></widgetCategory><isHidden>false</isHidden><location>col2</location><previousWidgetInstanceId>W4162f8dd3e0c_46fb_bec7_0b5fb5c77c80</previousWidgetInstanceId></widgets><widgets><id><![CDATA[https://preview.hclconnections.net/communities/service/atom/community/widgets?communityUuid=36c84c6d-d7f6-4b79-b64e-7c8170bb63f5&widgetInstanceId=W342cda1163ca_4894_904e_3fb78976317d]]></id><parentUuid>36c84c6d-d7f6-4b79-b64e-7c8170bb63f5</parentUuid><containerUuid xmlns:xsi="http://www.w3.org/2001/XMLSchema-instance" xsi:nil="true"></containerUuid><title><content>Wiki</content><type>text</type><src></src></title><categories><label></label><scheme>http://www.ibm.com/xmlns/prod/sn/type</scheme><term>widget</term></categories><links><href><![CDATA[https://preview.hclconnections.net/communities/service/atom/community/widgets?communityUuid=36c84c6d-d7f6-4b79-b64e-7c8170bb63f5&widgetInstanceId=W342cda1163ca_4894_904e_3fb78976317d]]></href><rel>self</rel><type></type><title></title></links><links><href>https://preview.hclconnections.net/communities/service/atom/community/widgets?communityUuid=36c84c6d-d7f6-4b79-b64e-7c8170bb63f5</href><rel>edit</rel><type></type><title></title></links><links><href>https://preview.hclconnections.net/wikis/communitywiki?communityUuid=36c84c6d-d7f6-4b79-b64e-7c8170bb63f5</href><rel>alternate</rel><type></type><title></title></links><widgetDefId>Wiki</widgetDefId><widgetInstanceId>W342cda1163ca_4894_904e_3fb78976317d</widgetInstanceId><widgetCategory></widgetCategory><isHidden>false</isHidden><location>col2</location><previousWidgetInstanceId>W7567afd73721_4bbd_af17_3a2a256ea555</previousWidgetInstanceId></widgets><widgets><id><![CDATA[https://preview.hclconnections.net/communities/service/atom/community/widgets?communityUuid=36c84c6d-d7f6-4b79-b64e-7c8170bb63f5&widgetInstanceId=W57d9d4fb0604_48d1_8a05_8c44995a5200]]></id><parentUuid>36c84c6d-d7f6-4b79-b64e-7c8170bb63f5</parentUuid><containerUuid xmlns:xsi="http://www.w3.org/2001/XMLSchema-instance" xsi:nil="true"></containerUuid><title><content>Events</content><type>text</type><src></src></title><categories><label></label><scheme>http://www.ibm.com/xmlns/prod/sn/type</scheme><term>widget</term></categories><links><href><![CDATA[https://preview.hclconnections.net/communities/service/atom/community/widgets?communityUuid=36c84c6d-d7f6-4b79-b64e-7c8170bb63f5&widgetInstanceId=W57d9d4fb0604_48d1_8a05_8c44995a5200]]></href><rel>self</rel><type></type><title></title></links><links><href>https://preview.hclconnections.net/communities/service/atom/community/widgets?communityUuid=36c84c6d-d7f6-4b79-b64e-7c8170bb63f5</href><rel>edit</rel><type></type><title></title></links><links><href>https://preview.hclconnections.net/communities/service/html/communityoverview?communityUuid=36c84c6d-d7f6-4b79-b64e-7c8170bb63f5#fullpageWidgetId=W57d9d4fb0604_48d1_8a05_8c44995a5200</href><rel>alternate</rel><type></type><title></title></links><widgetDefId>Calendar</widgetDefId><widgetInstanceId>W57d9d4fb0604_48d1_8a05_8c44995a5200</widgetInstanceId><widgetCategory></widgetCategory><isHidden>false</isHidden><location>col3</location><previousWidgetInstanceId>W28840af45afa_446c_8b94_532058f7b101</previousWidgetInstanceId></widgets><widgets><id><![CDATA[https://preview.hclconnections.net/communities/service/atom/community/widgets?communityUuid=36c84c6d-d7f6-4b79-b64e-7c8170bb63f5&widgetInstanceId=W6e383cdec1a3_422e_b0dd_accf4426c4a2]]></id><parentUuid>36c84c6d-d7f6-4b79-b64e-7c8170bb63f5</parentUuid><containerUuid xmlns:xsi="http://www.w3.org/2001/XMLSchema-instance" xsi:nil="true"></containerUuid><title><content>Gallery</content><type>text</type><src></src></title><categories><label></label><scheme>http://www.ibm.com/xmlns/prod/sn/type</scheme><term>widget</term></categories><links><href><![CDATA[https://preview.hclconnections.net/communities/service/atom/community/widgets?communityUuid=36c84c6d-d7f6-4b79-b64e-7c8170bb63f5&widgetInstanceId=W6e383cdec1a3_422e_b0dd_accf4426c4a2]]></href><rel>self</rel><type></type><title></title></links><links><href>https://preview.hclconnections.net/communities/service/atom/community/widgets?communityUuid=36c84c6d-d7f6-4b79-b64e-7c8170bb63f5</href><rel>edit</rel><type></type><title></title></links><links><href>https://preview.hclconnections.net/communities/service/html/communityoverview?communityUuid=36c84c6d-d7f6-4b79-b64e-7c8170bb63f5</href><rel>alternate</rel><type></type><title></title></links><widgetDefId>Gallery</widgetDefId><widgetInstanceId>W6e383cdec1a3_422e_b0dd_accf4426c4a2</widgetInstanceId><widgetCategory></widgetCategory><isHidden>false</isHidden><location>col3</location><previousWidgetInstanceId>W57d9d4fb0604_48d1_8a05_8c44995a5200</previousWidgetInstanceId></widgets><remoteApplications><id>urn:lsid:ibm.com:communities:remoteapplication-W342cda1163ca_4894_904e_3fb78976317d</id><category><label></label><scheme>http://www.ibm.com/xmlns/prod/sn/type</scheme><term>Wiki</term></category><title><content>Wiki</content><type>text</type><src></src></title><content><content>Wiki</content><type>text</type><src></src></content><links><href>https://preview.hclconnections.net/wikis/basic/api/community/36c84c6d-d7f6-4b79-b64e-7c8170bb63f5/introspection</href><rel>http://www.ibm.com/xmlns/prod/sn/remote-application/publish</rel><type>application/atomsvc+xml</type><title></title></links><links><href>https://preview.hclconnections.net/wikis/basic/api/communitywiki/36c84c6d-d7f6-4b79-b64e-7c8170bb63f5/feed</href><rel>http://www.ibm.com/xmlns/prod/sn/remote-application/feed</rel><type>application/atom+xml</type><title></title></links><links><href><![CDATA[https://preview.hclconnections.net/communities/service/atom/community/remoteApplications?communityUuid=36c84c6d-d7f6-4b79-b64e-7c8170bb63f5&remoteAppId=W342cda1163ca_4894_904e_3fb78976317d]]></href><rel>self</rel><type></type><title></title></links><published>1599477759976</published><updated>1609946170162</updated><author><email>jjones5@cxn.pnp-hcl.com</email><name>Joe Jones5</name><userId>79eed200-70dd-103a-93c2-8d3917e85f22</userId><userState>active</userState><role></role><external>false</external><guid></guid></author></remoteApplications><remoteApplications><id>urn:lsid:ibm.com:communities:remoteapplication-W55b02e0876f2_4476_b37a_6b31b3b5802d</id><category><label></label><scheme>http://www.ibm.com/xmlns/prod/sn/type</scheme><term>StatusUpdates</term></category><title><content>Status Updates</content><type>text</type><src></src></title><content><content>StatusUpdates</content><type>text</type><src></src></content><links><href>https://preview.hclconnections.net/connections/opensocial/basic/rest/ublog/urn:lsid:lconn.ibm.com:communities.community:36c84c6d-d7f6-4b79-b64e-7c8170bb63f5/@all?format=atom</href><rel>http://www.ibm.com/xmlns/prod/sn/remote-application/feed</rel><type>application/atom+xml</type><title></title></links><links><href><![CDATA[https://preview.hclconnections.net/communities/service/atom/community/remoteApplications?communityUuid=36c84c6d-d7f6-4b79-b64e-7c8170bb63f5&remoteAppId=W55b02e0876f2_4476_b37a_6b31b3b5802d]]></href><rel>self</rel><type></type><title></title></links><published>1599477759976</published><updated>1609946170162</updated><author><email>jjones5@cxn.pnp-hcl.com</email><name>Joe Jones5</name><userId>79eed200-70dd-103a-93c2-8d3917e85f22</userId><userState>active</userState><role></role><external>false</external><guid></guid></author></remoteApplications><remoteApplications><id>urn:lsid:ibm.com:communities:remoteapplication-W400d17e10d5f_4e69_b5e0_37629f2fd3b9</id><category><label></label><scheme>http://www.ibm.com/xmlns/prod/sn/type</scheme><term>Forum</term></category><title><content>Forums</content><type>text</type><src></src></title><content><content>Forum</content><type>text</type><src></src></content><links><href>https://preview.hclconnections.net/forums/atom/service?communityUuid=36c84c6d-d7f6-4b79-b64e-7c8170bb63f5</href><rel>http://www.ibm.com/xmlns/prod/sn/remote-application/publish</rel><type>application/atomsvc+xml</type><title></title></links><links><href>https://preview.hclconnections.net/forums/atom/topics?communityUuid=36c84c6d-d7f6-4b79-b64e-7c8170bb63f5</href><rel>http://www.ibm.com/xmlns/prod/sn/remote-application/feed</rel><type>application/atom+xml</type><title></title></links><links><href><![CDATA[https://preview.hclconnections.net/communities/service/atom/community/remoteApplications?communityUuid=36c84c6d-d7f6-4b79-b64e-7c8170bb63f5&remoteAppId=W400d17e10d5f_4e69_b5e0_37629f2fd3b9]]></href><rel>self</rel><type></type><title></title></links><published>1599477759976</published><updated>1609946170162</updated><author><email>jjones5@cxn.pnp-hcl.com</email><name>Joe Jones5</name><userId>79eed200-70dd-103a-93c2-8d3917e85f22</userId><userState>active</userState><role></role><external>false</external><guid></guid></author></remoteApplications><remoteApplications><id>urn:lsid:ibm.com:communities:remoteapplication-W320ae0b53477_406c_b69f_26ded16b7cc4</id><category><label></label><scheme>http://www.ibm.com/xmlns/prod/sn/type</scheme><term>Files</term></category><title><content>Files</content><type>text</type><src></src></title><content><content>Files</content><type>text</type><src></src></content><links><href>https://preview.hclconnections.net/files/basic/api/community/36c84c6d-d7f6-4b79-b64e-7c8170bb63f5/introspection</href><rel>http://www.ibm.com/xmlns/prod/sn/remote-application/publish</rel><type>application/atomsvc+xml</type><title></title></links><links><href>https://preview.hclconnections.net/files/basic/api/communitycollection/36c84c6d-d7f6-4b79-b64e-7c8170bb63f5/feed</href><rel>http://www.ibm.com/xmlns/prod/sn/remote-application/feed</rel><type>application/atom+xml</type><title></title></links><links><href><![CDATA[https://preview.hclconnections.net/communities/service/atom/community/remoteApplications?communityUuid=36c84c6d-d7f6-4b79-b64e-7c8170bb63f5&remoteAppId=W320ae0b53477_406c_b69f_26ded16b7cc4]]></href><rel>self</rel><type></type><title></title></links><published>1599477759976</published><updated>1609946170162</updated><author><email>jjones5@cxn.pnp-hcl.com</email><name>Joe Jones5</name><userId>79eed200-70dd-103a-93c2-8d3917e85f22</userId><userState>active</userState><role></role><external>false</external><guid></guid></author></remoteApplications><remoteApplications><id>urn:lsid:ibm.com:communities:remoteapplication-W57d9d4fb0604_48d1_8a05_8c44995a5200</id><category><label></label><scheme>http://www.ibm.com/xmlns/prod/sn/type</scheme><term>Calendar</term></category><title><content>Calendar</content><type>text</type><src></src></title><content><content>Calendar</content><type>text</type><src></src></content><links><href>https://preview.hclconnections.net/communities/calendar/atom/calendar/service?calendarUuid=36c84c6d-d7f6-4b79-b64e-7c8170bb63f5</href><rel>http://www.ibm.com/xmlns/prod/sn/remote-application/publish</rel><type>application/atomsvc+xml</type><title></title></links><links><href><![CDATA[https://preview.hclconnections.net/communities/calendar/atom/calendar/event?type=event&calendarUuid=36c84c6d-d7f6-4b79-b64e-7c8170bb63f5]]></href><rel>http://www.ibm.com/xmlns/prod/sn/remote-application/feed</rel><type>application/atom+xml</type><title></title></links><links><href><![CDATA[https://preview.hclconnections.net/communities/service/atom/community/remoteApplications?communityUuid=36c84c6d-d7f6-4b79-b64e-7c8170bb63f5&remoteAppId=W57d9d4fb0604_48d1_8a05_8c44995a5200]]></href><rel>self</rel><type></type><title></title></links><published>1599477759976</published><updated>1609946170162</updated><author><email>jjones5@cxn.pnp-hcl.com</email><name>Joe Jones5</name><userId>79eed200-70dd-103a-93c2-8d3917e85f22</userId><userState>active</userState><role></role><external>false</external><guid></guid></author></remoteApplications><remoteApplications><id>urn:lsid:ibm.com:communities:remoteapplication-W0f79cab496e5_4ae9_9cf7_eedddbf0c5e3</id><category><label></label><scheme>http://www.ibm.com/xmlns/prod/sn/type</scheme><term>Bookmarks</term></category><title><content>Bookmarks</content><type>text</type><src></src></title><content><content>Bookmarks</content><type>text</type><src></src></content><links><href>https://preview.hclconnections.net/communities/service/atom/community/bookmarks/service?communityUuid=36c84c6d-d7f6-4b79-b64e-7c8170bb63f5</href><rel>http://www.ibm.com/xmlns/prod/sn/remote-application/publish</rel><type>application/atomsvc+xml</type><title></title></links><links><href><![CDATA[https://preview.hclconnections.net/communities/service/atom/community/bookmarks?communityUuid=36c84c6d-d7f6-4b79-b64e-7c8170bb63f5&ps=5]]></href><rel>http://www.ibm.com/xmlns/prod/sn/remote-application/feed</rel><type>application/atom+xml</type><title></title></links><links><href><![CDATA[https://preview.hclconnections.net/communities/service/atom/community/remoteApplications?communityUuid=36c84c6d-d7f6-4b79-b64e-7c8170bb63f5&remoteAppId=W0f79cab496e5_4ae9_9cf7_eedddbf0c5e3]]></href><rel>self</rel><type></type><title></title></links><published>1599477759976</published><updated>1609946170162</updated><author><email>jjones5@cxn.pnp-hcl.com</email><name>Joe Jones5</name><userId>79eed200-70dd-103a-93c2-8d3917e85f22</userId><userState>active</userState><role></role><external>false</external><guid></guid></author></remoteApplications><remoteApplications><id>urn:lsid:ibm.com:communities:remoteapplication-W4162f8dd3e0c_46fb_bec7_0b5fb5c77c80</id><category><label></label><scheme>http://www.ibm.com/xmlns/prod/sn/type</scheme><term>Blog</term></category><title><content>Blog</content><type>text</type><src></src></title><content><content>Blog</content><type>text</type><src></src></content><links><href><![CDATA[https://preview.hclconnections.net/blogs/api/blogs?commUuid=36c84c6d-d7f6-4b79-b64e-7c8170bb63f5&blogType=communityblog]]></href><rel>http://www.ibm.com/xmlns/prod/sn/remote-application/publish</rel><type>application/atomsvc+xml</type><title></title></links><links><href><![CDATA[https://preview.hclconnections.net/blogs/atom/blogs?commUuid=36c84c6d-d7f6-4b79-b64e-7c8170bb63f5&blogType=communityblog]]></href><rel>http://www.ibm.com/xmlns/prod/sn/remote-application/feed</rel><type>application/atom+xml</type><title></title></links><links><href><![CDATA[https://preview.hclconnections.net/communities/service/atom/community/remoteApplications?communityUuid=36c84c6d-d7f6-4b79-b64e-7c8170bb63f5&remoteAppId=W4162f8dd3e0c_46fb_bec7_0b5fb5c77c80]]></href><rel>self</rel><type></type><title></title></links><published>1599477759976</published><updated>1609946170162</updated><author><email>jjones5@cxn.pnp-hcl.com</email><name>Joe Jones5</name><userId>79eed200-70dd-103a-93c2-8d3917e85f22</userId><userState>active</userState><role></role><external>false</external><guid></guid></author></remoteApplications><remoteApplications><id>urn:lsid:ibm.com:communities:remoteapplication-W7567afd73721_4bbd_af17_3a2a256ea555</id><category><label></label><scheme>http://www.ibm.com/xmlns/prod/sn/type</scheme><term>Activities</term></category><title><content>Activities</content><type>text</type><src></src></title><content><content>Activities</content><type>text</type><src></src></content><links><href>https://preview.hclconnections.net/activities/service/atom2/service?commUuid=36c84c6d-d7f6-4b79-b64e-7c8170bb63f5</href><rel>http://www.ibm.com/xmlns/prod/sn/remote-application/publish</rel><type>application/atomsvc+xml</type><title></title></links><links><href><![CDATA[https://preview.hclconnections.net/activities/service/atom2/activities?commUuid=36c84c6d-d7f6-4b79-b64e-7c8170bb63f5&public=yes&authenticate=no]]></href><rel>http://www.ibm.com/xmlns/prod/sn/remote-application/feed</rel><type>application/atom+xml</type><title></title></links><links><href><![CDATA[https://preview.hclconnections.net/communities/service/atom/community/remoteApplications?communityUuid=36c84c6d-d7f6-4b79-b64e-7c8170bb63f5&remoteAppId=W7567afd73721_4bbd_af17_3a2a256ea555]]></href><rel>self</rel><type></type><title></title></links><published>1599477759976</published><updated>1609946170162</updated><author><email>jjones5@cxn.pnp-hcl.com</email><name>Joe Jones5</name><userId>79eed200-70dd-103a-93c2-8d3917e85f22</userId><userState>active</userState><role></role><external>false</external><guid></guid></author></remoteApplications><isSubcommunity>false</isSubcommunity><isDeleted>false</isDeleted><icVersion>60</icVersion></community>