<?xml version="1.0" encoding="UTF-8"?><blog><id>urn:lsid:ibm.com:blogs:blog-40dfa78a-9a5d-4748-a056-12a19473321a</id><uuid>40dfa78a-9a5d-4748-a056-12a19473321a</uuid><links><href>https://preview.hclconnections.net/blogs/27372e34-55aa-408e-86bb-b10b622f26b4</href><rel>alternate</rel><type>text/html</type><title></title></links><links><href>https://preview.hclconnections.net:443/blogs/27372e34-55aa-408e-86bb-b10b622f26b4/api/blogs/40dfa78a-9a5d-4748-a056-12a19473321a</href><rel>edit</rel><type>application/atom+xml</type><title></title></links><links><href>http://preview.hclconnections.net/communities/service/atom/community/instance?communityUuid=27372e34-55aa-408e-86bb-b10b622f26b4</href><rel>http://www.ibm.com/xmlns/prod/sn/container</rel><type>application/atom+xml</type><title></title></links><allowCoedit>no</allowCoedit><title><content>Car Expo 2020</content><type>text</type><src></src></title><summary><content>Its a community that helps users buy cars that are right for them. Its website and app carry rich automotive content such as expert reviews, detailed specs and prices, comparisons as well as videos and pictures of all car brands and models available worldwide</content><type>text</type><src></src></summary><updated>1600839529097</updated><edited>1600839529097</edited><published>1600839529097</published><timezone>UTC</timezone><locale>en_US</locale><handle>27372e34-55aa-408e-86bb-b10b622f26b4</handle><ranks><count>0</count><scheme>http://www.ibm.com/xmlns/prod/sn/recommendations</scheme></ranks><author><email></email><name>wasadmin</name><userId>398d3009-2fda-4947-b7f0-a356e1cef5d4</userId><userState>active</userState><role></role><external>false</external><guid></guid></author><categories><label>public</label><scheme>http://www.ibm.com/xmlns/prod/sn/flags</scheme><term>public</term></categories><categories><label></label><scheme>http://www.ibm.com/xmlns/prod/sn/type</scheme><term>communityblog</term></categories><control><commentsEnabled>yes</commentsEnabled><commentDays>0</commentDays><emailComments>disabled</emailComments><commentsModerated>no</commentsModerated><allowCoedit>no</allowCoedit><draft></draft><approved></approved><voteLimitEnabled></voteLimitEnabled><graduatedAllowComments></graduatedAllowComments><graduatedAllowVote></graduatedAllowVote></control><icVersion>60</icVersion><type>communityblog</type><containerType>0</containerType><containerId>27372e34-55aa-408e-86bb-b10b622f26b4</containerId><communityUuid>27372e34-55aa-408e-86bb-b10b622f26b4</communityUuid><communityMemberRole>author</communityMemberRole></blog>