<?xml version="1.0" encoding="UTF-8"?><wikiPage><author><email>jjones2@cxn.pnp-hcl.com</email><name>Joe Jones2</name><userId>79ee1072-70dd-103a-93bf-8d3917e85f22</userId><userState>active</userState><role></role><external>false</external><guid></guid></author><category><label>page</label><scheme>tag:ibm.com,2006:td/type</scheme><term>page</term></category><content><content><![CDATA[<div><div class="grid-container" dir="ltr" style="padding:10px">
<div style="background-color:rgba( 255 , 255 , 255 , 0.8 )">
<div class="product-image"><a class="product" href="#"><img alt="Pineapple" src="https://images.unsplash.com/flagged/photo-1579782647395-2e6fb36a64f2?ixlib=rb-1.2.1&amp;auto=format&amp;fit=crop&amp;w=3159&amp;q=80" style="width:400px" ></img></a></div>

<div class="product-content">
<div class="product-info">
<h3 class="product-title">Lorem dolor</h3>

<p class="product-price">Lorem ipsum dolor sit amet, consectetur adipiscing elit, sed do eiusmod tempor incididunt ut labore et dolore magna aliqua. Ut enim ad minim veniam, quis nostrud exercitation ullamco laboris nisi ut aliquip ex ea commodo consequat.</p>
</div>
</div>
</div>
</div></div>]]></content><type>text/html</type><src>files/oauth/appdata/communityapplibrary/633ba5d9-97d9-4131-8fa4-433d3b41e39f/page/7fe7bb86-811f-4af3-9113-14a620830c26/media</src></content><created>1607414271067</created><id>urn:lsid:ibm.com:td:7fe7bb86-811f-4af3-9113-14a620830c26</id><label>27372e34-55aa-408e-86bb-b10b622f26b4New Page1607414038355</label><links><href>files/oauth/appdata/communityapplibrary/633ba5d9-97d9-4131-8fa4-433d3b41e39f/page/7fe7bb86-811f-4af3-9113-14a620830c26/entry</href><rel>self</rel><type></type><title></title></links><links><href>files/app/communityapplibrary/conn-rte%2327372e34-55aa-408e-86bb-b10b622f26b4/page/27372e34-55aa-408e-86bb-b10b622f26b4New%20Page1607414038355</href><rel>alternate</rel><type>text/html</type><title></title></links><links><href>files/app/</href><rel>via</rel><type>text/html</type><title></title></links><links><href>files/oauth/appdata/communityapplibrary/633ba5d9-97d9-4131-8fa4-433d3b41e39f/page/7fe7bb86-811f-4af3-9113-14a620830c26/entry</href><rel>edit</rel><type></type><title></title></links><links><href>files/oauth/appdata/communityapplibrary/633ba5d9-97d9-4131-8fa4-433d3b41e39f/page/7fe7bb86-811f-4af3-9113-14a620830c26/media</href><rel>edit-media</rel><type></type><title></title></links><links><href><![CDATA[files/oauth/appdata/communityapplibrary/633ba5d9-97d9-4131-8fa4-433d3b41e39f/page/7fe7bb86-811f-4af3-9113-14a620830c26/media/27372e34-55aa-408e-86bb-b10b622f26b4New%20Page1607414038355?convertTo=html&errorPage=true&f=27372e34-55aa-408e-86bb-b10b622f26b4New%20Page1607414038355]]></href><rel>enclosure</rel><type>application/xml</type><title>27372e34-55aa-408e-86bb-b10b622f26b4New Page1607414038355</title></links><modified>1607418428427</modified><modifier><email>jjones2@cxn.pnp-hcl.com</email><name>Joe Jones2</name><userId>79ee1072-70dd-103a-93bf-8d3917e85f22</userId><userState>active</userState><role></role><external>false</external><guid></guid></modifier><propagation>false</propagation><published>1607414271067</published><ranks><count>0</count><scheme>http://www.ibm.com/xmlns/prod/sn/recommendations</scheme></ranks><ranks><count>0</count><scheme>http://www.ibm.com/xmlns/prod/sn/comment</scheme></ranks><ranks><count>0</count><scheme>http://www.ibm.com/xmlns/prod/sn/share</scheme></ranks><ranks><count>0</count><scheme>http://www.ibm.com/xmlns/prod/sn/collections</scheme></ranks><ranks><count>0</count><scheme>http://www.ibm.com/xmlns/prod/sn/attachments</scheme></ranks><ranks><count>10</count><scheme>http://www.ibm.com/xmlns/prod/sn/versions</scheme></ranks><ranks><count>0</count><scheme>http://www.ibm.com/xmlns/prod/sn/references</scheme></ranks><ranks><count>0</count><scheme>http://www.ibm.com/xmlns/prod/sn/hit</scheme></ranks><ranks><count>0</count><scheme>http://www.ibm.com/xmlns/prod/sn/anonymous_hit</scheme></ranks><summary><content>Lorem dolor Lorem ipsum dolor sit amet, consectetur adipiscing elit, sed do eiusmod tempor incididunt ut labore et dolore magna aliqua. Ut enim ad minim veniam, quis nostrud exercitation ullamco laboris nisi ut aliquip ex ea commodo consequat.</content><type>text</type><src></src></summary><title><content>27372e34-55aa-408e-86bb-b10b622f26b4New Page1607414038355</content><type>text</type><src></src></title><totalMediaSize>11573</totalMediaSize><updated>1607418428427</updated><uuid>7fe7bb86-811f-4af3-9113-14a620830c26</uuid><parentUuid xmlns:xsi="http://www.w3.org/2001/XMLSchema-instance" xsi:nil="true"></parentUuid><containerUuid xmlns:xsi="http://www.w3.org/2001/XMLSchema-instance" xsi:nil="true"></containerUuid><versionLabel>10</versionLabel><versionUuid>f7219033-3137-498f-9bc2-321220c0ba8e</versionUuid><visibility>public</visibility></wikiPage>