<?xml version="1.0" encoding="UTF-8"?><wikiPage><author><email>jjones2@cxn.pnp-hcl.com</email><name>Joe Jones2</name><userId>79ee1072-70dd-103a-93bf-8d3917e85f22</userId><userState>active</userState><role></role><external>false</external><guid></guid></author><category><label>page</label><scheme>tag:ibm.com,2006:td/type</scheme><term>page</term></category><content><content></content><type>text/html</type><src>files/oauth/appdata/communityapplibrary/633ba5d9-97d9-4131-8fa4-433d3b41e39f/page/1ebd5958-485f-4c40-a64e-3b5c54c162f9/media</src></content><created>1600852217728</created><id>urn:lsid:ibm.com:td:1ebd5958-485f-4c40-a64e-3b5c54c162f9</id><label>27372e34-55aa-408e-86bb-b10b622f26b4New Page1600852145224</label><links><href>files/oauth/appdata/communityapplibrary/633ba5d9-97d9-4131-8fa4-433d3b41e39f/page/1ebd5958-485f-4c40-a64e-3b5c54c162f9/entry</href><rel>self</rel><type></type><title></title></links><links><href>files/app/communityapplibrary/conn-rte%2327372e34-55aa-408e-86bb-b10b622f26b4/page/27372e34-55aa-408e-86bb-b10b622f26b4New%20Page1600852145224</href><rel>alternate</rel><type>text/html</type><title></title></links><links><href>files/app/</href><rel>via</rel><type>text/html</type><title></title></links><links><href>files/oauth/appdata/communityapplibrary/633ba5d9-97d9-4131-8fa4-433d3b41e39f/page/1ebd5958-485f-4c40-a64e-3b5c54c162f9/entry</href><rel>edit</rel><type></type><title></title></links><links><href>files/oauth/appdata/communityapplibrary/633ba5d9-97d9-4131-8fa4-433d3b41e39f/page/1ebd5958-485f-4c40-a64e-3b5c54c162f9/media</href><rel>edit-media</rel><type></type><title></title></links><links><href><![CDATA[files/oauth/appdata/communityapplibrary/633ba5d9-97d9-4131-8fa4-433d3b41e39f/page/1ebd5958-485f-4c40-a64e-3b5c54c162f9/media/27372e34-55aa-408e-86bb-b10b622f26b4New%20Page1600852145224?convertTo=html&errorPage=true&f=27372e34-55aa-408e-86bb-b10b622f26b4New%20Page1600852145224]]></href><rel>enclosure</rel><type>application/xml</type><title>27372e34-55aa-408e-86bb-b10b622f26b4New Page1600852145224</title></links><modified>1600853055481</modified><modifier><email>jjones2@cxn.pnp-hcl.com</email><name>Joe Jones2</name><userId>79ee1072-70dd-103a-93bf-8d3917e85f22</userId><userState>active</userState><role></role><external>false</external><guid></guid></modifier><propagation>false</propagation><published>1600852217728</published><ranks><count>0</count><scheme>http://www.ibm.com/xmlns/prod/sn/recommendations</scheme></ranks><ranks><count>0</count><scheme>http://www.ibm.com/xmlns/prod/sn/comment</scheme></ranks><ranks><count>0</count><scheme>http://www.ibm.com/xmlns/prod/sn/share</scheme></ranks><ranks><count>0</count><scheme>http://www.ibm.com/xmlns/prod/sn/collections</scheme></ranks><ranks><count>0</count><scheme>http://www.ibm.com/xmlns/prod/sn/attachments</scheme></ranks><ranks><count>2</count><scheme>http://www.ibm.com/xmlns/prod/sn/versions</scheme></ranks><ranks><count>0</count><scheme>http://www.ibm.com/xmlns/prod/sn/references</scheme></ranks><ranks><count>0</count><scheme>http://www.ibm.com/xmlns/prod/sn/hit</scheme></ranks><ranks><count>0</count><scheme>http://www.ibm.com/xmlns/prod/sn/anonymous_hit</scheme></ranks><summary><content></content><type>text</type><src></src></summary><title><content>27372e34-55aa-408e-86bb-b10b622f26b4New Page1600852145224</content><type>text</type><src></src></title><totalMediaSize>2166</totalMediaSize><updated>1600853055481</updated><uuid>1ebd5958-485f-4c40-a64e-3b5c54c162f9</uuid><parentUuid xmlns:xsi="http://www.w3.org/2001/XMLSchema-instance" xsi:nil="true"></parentUuid><containerUuid xmlns:xsi="http://www.w3.org/2001/XMLSchema-instance" xsi:nil="true"></containerUuid><versionLabel>2</versionLabel><versionUuid>82edbaa3-9e4c-48fb-9da9-0bbf91a9985b</versionUuid><visibility>public</visibility></wikiPage>