<?xml version="1.0" encoding="UTF-8"?><wikiPage><author><email>jjones2@cxn.pnp-hcl.com</email><name>Joe Jones2</name><userId>79ee1072-70dd-103a-93bf-8d3917e85f22</userId><userState>active</userState><role></role><external>false</external><guid></guid></author><category><label>page</label><scheme>tag:ibm.com,2006:td/type</scheme><term>page</term></category><content><content><![CDATA[<div><p dir="ltr"><img alt="Pineapple" src="https://preview.hclconnections.net/files/form/anonymous/api/library/bf268f7b-be78-4127-b9c5-4f31745e4b13/document/c3b546a5-c2e9-483c-beb3-d637ad2c6acf/thumbnail?logDownload=true&amp;versionNum=1&amp;renditionKind=largeview" style="width:auto" ></img></p>

<p dir="ltr">&nbsp;</p>

<p class="main-t" dir="ltr"><span style="font-size:14px"><b>Lorem ipsum dolor sit amet, consectetur adipiscing elit, sed do eiusmod tempor incididunt ut labore et dolore magna aliqua. Ut enim ad minim veniam, quis nostrud exercitation ullamco laboris nisi ut aliquip ex ea commodo consequat. Duis aute irure dolor in</b></span></p>

<p class="para-t" dir="ltr">Lorem ipsum dolor sit amet, consectetur adipiscing elit. Phasellus imperdiet, nulla et dictum interdum, nisi lorem egestas odio, vitae scelerisque enim ligula venenatis dolor. Maecenas nisl est, ultrices nec congue eget, auctor vitae massa. Fusce luctus vestibulum augue ut aliquet. Mauris ante ligula, facilisis sed ornare eu, lobortis in odio. Praesent convallis urna a lacus interdum ut hendrerit risus congue. Nunc sagittis dictum nisi, sed ullamcorper ipsum dignissim ac. In at libero sed nunc venenatis imperdiet sed ornare turpis. Donec vitae dui eget tellus gravida venenatis. Integer fringilla congue eros non fermentum. Sed dapibus pulvinar nibh tempor porta. Cras ac leo purus. Mauris quis diam velit.</p>

<p dir="ltr">&nbsp;</p></div>]]></content><type>text/html</type><src>files/oauth/appdata/communityapplibrary/633ba5d9-97d9-4131-8fa4-433d3b41e39f/page/30705568-c5b5-4b44-ab6e-3cefec38542b/media</src></content><created>1607417415796</created><id>urn:lsid:ibm.com:td:30705568-c5b5-4b44-ab6e-3cefec38542b</id><label>27372e34-55aa-408e-86bb-b10b622f26b4New Page1607417206523</label><links><href>files/oauth/appdata/communityapplibrary/633ba5d9-97d9-4131-8fa4-433d3b41e39f/page/30705568-c5b5-4b44-ab6e-3cefec38542b/entry</href><rel>self</rel><type></type><title></title></links><links><href>files/app/communityapplibrary/conn-rte%2327372e34-55aa-408e-86bb-b10b622f26b4/page/27372e34-55aa-408e-86bb-b10b622f26b4New%20Page1607417206523</href><rel>alternate</rel><type>text/html</type><title></title></links><links><href>files/app/</href><rel>via</rel><type>text/html</type><title></title></links><links><href>files/oauth/appdata/communityapplibrary/633ba5d9-97d9-4131-8fa4-433d3b41e39f/page/30705568-c5b5-4b44-ab6e-3cefec38542b/entry</href><rel>edit</rel><type></type><title></title></links><links><href>files/oauth/appdata/communityapplibrary/633ba5d9-97d9-4131-8fa4-433d3b41e39f/page/30705568-c5b5-4b44-ab6e-3cefec38542b/media</href><rel>edit-media</rel><type></type><title></title></links><links><href><![CDATA[files/oauth/appdata/communityapplibrary/633ba5d9-97d9-4131-8fa4-433d3b41e39f/page/30705568-c5b5-4b44-ab6e-3cefec38542b/media/27372e34-55aa-408e-86bb-b10b622f26b4New%20Page1607417206523?convertTo=html&errorPage=true&f=27372e34-55aa-408e-86bb-b10b622f26b4New%20Page1607417206523]]></href><rel>enclosure</rel><type>application/xml</type><title>27372e34-55aa-408e-86bb-b10b622f26b4New Page1607417206523</title></links><modified>1607421237396</modified><modifier><email>jjones2@cxn.pnp-hcl.com</email><name>Joe Jones2</name><userId>79ee1072-70dd-103a-93bf-8d3917e85f22</userId><userState>active</userState><role></role><external>false</external><guid></guid></modifier><propagation>false</propagation><published>1607417415796</published><ranks><count>0</count><scheme>http://www.ibm.com/xmlns/prod/sn/recommendations</scheme></ranks><ranks><count>0</count><scheme>http://www.ibm.com/xmlns/prod/sn/comment</scheme></ranks><ranks><count>0</count><scheme>http://www.ibm.com/xmlns/prod/sn/share</scheme></ranks><ranks><count>0</count><scheme>http://www.ibm.com/xmlns/prod/sn/collections</scheme></ranks><ranks><count>0</count><scheme>http://www.ibm.com/xmlns/prod/sn/attachments</scheme></ranks><ranks><count>6</count><scheme>http://www.ibm.com/xmlns/prod/sn/versions</scheme></ranks><ranks><count>0</count><scheme>http://www.ibm.com/xmlns/prod/sn/references</scheme></ranks><ranks><count>0</count><scheme>http://www.ibm.com/xmlns/prod/sn/hit</scheme></ranks><ranks><count>0</count><scheme>http://www.ibm.com/xmlns/prod/sn/anonymous_hit</scheme></ranks><summary><content>Lorem ipsum dolor sit amet, consectetur adipiscing elit, sed do eiusmod tempor incididunt ut labore et dolore magna aliqua. Ut enim ad minim veniam, quis nostrud exercitation ullamco laboris nisi ut aliquip ex ea commodo consequat. Duis aute irure dolor in Lorem ipsum dolor sit amet, consectetur adipiscing elit. Phasellus imperdiet, nulla et dictum interdum, nisi lorem egestas odio, vitae scelerisque enim ligula venenatis dolor. Maecenas nisl est, ultrices nec congue eget, auctor vitae massa. Fusce luctus vestibulum augue ut aliquet. Mauris ante ligula, facilisis sed ornare eu, lobortis in odio. Praesent convallis urna a lacus interdum ut hendrerit risus congue. Nunc sagittis dictum nisi, sed ullamcorper ipsum dignissim ac. In at libero sed nunc venenatis imperdiet sed ornare turpis. Donec vitae dui eget tellus gravida venenatis. Integer fringilla congue eros non fermentum. Sed dapibus pulvinar nibh tempor porta. Cras ac leo purus. Mauris quis diam velit.</content><type>text</type><src></src></summary><title><content>27372e34-55aa-408e-86bb-b10b622f26b4New Page1607417206523</content><type>text</type><src></src></title><totalMediaSize>9695</totalMediaSize><updated>1607421237396</updated><uuid>30705568-c5b5-4b44-ab6e-3cefec38542b</uuid><parentUuid xmlns:xsi="http://www.w3.org/2001/XMLSchema-instance" xsi:nil="true"></parentUuid><containerUuid xmlns:xsi="http://www.w3.org/2001/XMLSchema-instance" xsi:nil="true"></containerUuid><versionLabel>6</versionLabel><versionUuid>d077f9f7-f5aa-4583-9529-4e60c25ab4b9</versionUuid><visibility>public</visibility></wikiPage>