[ {
  "app" : "blogs",
  "fieldName" : "numberOfEntries",
  "backupItem" : "1",
  "text" : "numberOfEntries: 1",
  "type" : "SUCCESS",
  "connectionsItem" : "1"
}, {
  "app" : "blogs",
  "fieldName" : "numberOfRequireApprovalEntries",
  "backupItem" : "0",
  "text" : "numberOfRequireApprovalEntries: 0",
  "type" : "SUCCESS",
  "connectionsItem" : "0"
}, {
  "app" : "blogs",
  "fieldName" : "numberOfDraftEntries",
  "backupItem" : "0",
  "text" : "numberOfDraftEntries: 0",
  "type" : "SUCCESS",
  "connectionsItem" : "0"
}, {
  "app" : "blogs",
  "fieldName" : "numberOfPublishedEntries",
  "backupItem" : "1",
  "text" : "numberOfPublishedEntries: 1",
  "type" : "SUCCESS",
  "connectionsItem" : "1"
}, {
  "app" : "blogs",
  "fieldName" : "numberOfRejectedEntries",
  "backupItem" : "0",
  "text" : "numberOfRejectedEntries: 0",
  "type" : "SUCCESS",
  "connectionsItem" : "0"
}, {
  "app" : "blogs",
  "fieldName" : "numberOfUncategorizedEntries",
  "backupItem" : "0",
  "text" : "numberOfUncategorizedEntries: 0",
  "type" : "SUCCESS",
  "connectionsItem" : "0"
}, {
  "app" : "blogs",
  "fieldName" : "numberOfMedia",
  "backupItem" : "0",
  "text" : "numberOfMedia: 0",
  "type" : "SUCCESS",
  "connectionsItem" : "0"
}, {
  "app" : "blogs",
  "fieldName" : "numberOfComments",
  "backupItem" : "0",
  "text" : "numberOfComments: 0",
  "type" : "SUCCESS",
  "connectionsItem" : "0"
}, {
  "app" : "blogs",
  "fieldName" : "numberOfLikes",
  "backupItem" : "0",
  "text" : "numberOfLikes: 0",
  "type" : "SUCCESS",
  "connectionsItem" : "0"
} ]