[ {
  "app" : "files",
  "fieldName" : "numberOfFiles",
  "backupItem" : "14",
  "text" : "numberOfFiles differs! BackupStore: 14. Connections: 26.",
  "type" : "ERROR",
  "connectionsItem" : "26"
}, {
  "app" : "files",
  "fieldName" : "numberOfDeletedFiles",
  "backupItem" : "0",
  "text" : "numberOfDeletedFiles differs! BackupStore: 0. Connections: 12.",
  "type" : "WARNING",
  "connectionsItem" : "12"
}, {
  "app" : "files",
  "fieldName" : "numberOfCommunityFiles",
  "backupItem" : "14",
  "text" : "numberOfCommunityFiles: 14",
  "type" : "SUCCESS",
  "connectionsItem" : "14"
}, {
  "app" : "files",
  "fieldName" : "numberOfSharedPersonalFiles",
  "backupItem" : "0",
  "text" : "numberOfSharedPersonalFiles differs! BackupStore: 0. Connections: 12.",
  "type" : "WARNING",
  "connectionsItem" : "12"
}, {
  "app" : "files",
  "fieldName" : "numberOfFolders",
  "backupItem" : "0",
  "text" : "numberOfFolders: 0",
  "type" : "SUCCESS",
  "connectionsItem" : "0"
}, {
  "app" : "files",
  "fieldName" : "numberOfCommunityFolders",
  "backupItem" : "0",
  "text" : "numberOfCommunityFolders: 0",
  "type" : "SUCCESS",
  "connectionsItem" : "0"
}, {
  "app" : "files",
  "fieldName" : "numberOfSharedPersonalFolders",
  "backupItem" : "0",
  "text" : "numberOfSharedPersonalFolders: 0",
  "type" : "SUCCESS",
  "connectionsItem" : "0"
}, {
  "app" : "files",
  "fieldName" : "numberOfComments",
  "backupItem" : "0",
  "text" : "numberOfComments: 0",
  "type" : "SUCCESS",
  "connectionsItem" : "0"
}, {
  "app" : "files",
  "fieldName" : "numberOfLikes",
  "backupItem" : "0",
  "text" : "numberOfLikes: 0",
  "type" : "SUCCESS",
  "connectionsItem" : "0"
} ]