<?xml version="1.0" encoding="UTF-8"?><community><uuid>27372e34-55aa-408e-86bb-b10b622f26b4</uuid><parentUuid xmlns:xsi="http://www.w3.org/2001/XMLSchema-instance" xsi:nil="true"></parentUuid><id>http://communities.ibm.com:2006/service/atom/community/instance?communityUuid=27372e34-55aa-408e-86bb-b10b622f26b4</id><title><content>Car Expo 2020</content><type>text</type><src></src></title><categories><label></label><scheme>http://www.ibm.com/xmlns/prod/sn/type</scheme><term>community</term></categories><links><href>https://preview.hclconnections.net/communities/service/atom/community/instance?communityUuid=27372e34-55aa-408e-86bb-b10b622f26b4</href><rel>self</rel><type></type><title></title></links><links><href>https://preview.hclconnections.net/communities/service/atom/community/instance?communityUuid=27372e34-55aa-408e-86bb-b10b622f26b4</href><rel>edit</rel><type></type><title></title></links><links><href>https://preview.hclconnections.net/communities/service/html/communitystart?communityUuid=27372e34-55aa-408e-86bb-b10b622f26b4</href><rel>alternate</rel><type>text/html</type><title></title></links><links><href><![CDATA[https://preview.hclconnections.net/communities/service/html/image?communityUuid=27372e34-55aa-408e-86bb-b10b622f26b4&lastMod=1600201975916]]></href><rel>http://www.ibm.com/xmlns/prod/sn/logo</rel><type></type><title></title></links><links><href>https://preview.hclconnections.net/communities/service/atom/community/service?communityUuid=27372e34-55aa-408e-86bb-b10b622f26b4</href><rel>http://www.ibm.com/xmlns/prod/sn/service</rel><type>application/atomsvc+xml</type><title></title></links><links><href>https://preview.hclconnections.net/communities/service/atom/community/members?communityUuid=27372e34-55aa-408e-86bb-b10b622f26b4</href><rel>http://www.ibm.com/xmlns/prod/sn/member-list</rel><type>application/atom+xml</type><title></title></links><links><href>https://preview.hclconnections.net/communities/service/atom/community/bookmarks?communityUuid=27372e34-55aa-408e-86bb-b10b622f26b4</href><rel>http://www.ibm.com/xmlns/prod/sn/bookmarks</rel><type>application/atom+xml</type><title></title></links><links><href>https://preview.hclconnections.net/communities/service/atom/community/feeds?communityUuid=27372e34-55aa-408e-86bb-b10b622f26b4</href><rel>http://www.ibm.com/xmlns/prod/sn/feeds</rel><type>application/atom+xml</type><title></title></links><links><href>https://preview.hclconnections.net/communities/service/atom/community/remoteApplications?communityUuid=27372e34-55aa-408e-86bb-b10b622f26b4</href><rel>http://www.ibm.com/xmlns/prod/sn/remote-applications</rel><type>application/atom+xml</type><title></title></links><links><href>https://preview.hclconnections.net/forums/atom/topics?communityUuid=27372e34-55aa-408e-86bb-b10b622f26b4</href><rel>http://www.ibm.com/xmlns/prod/sn/forum-topics</rel><type>application/atom+xml</type><title></title></links><links><href>https://preview.hclconnections.net/communities/service/atom/community/invites?communityUuid=27372e34-55aa-408e-86bb-b10b622f26b4</href><rel>http://www.ibm.com/xmlns/prod/sn/invitations-list</rel><type>application/atom+xml</type><title></title></links><links><href>https://preview.hclconnections.net/communities/service/atom/community/widgets?communityUuid=27372e34-55aa-408e-86bb-b10b622f26b4</href><rel>http://www.ibm.com/xmlns/prod/sn/widgets</rel><type>application/atom+xml</type><title></title></links><links><href>https://preview.hclconnections.net/communities/service/atom/community/pages?communityUuid=27372e34-55aa-408e-86bb-b10b622f26b4</href><rel>http://www.ibm.com/xmlns/prod/sn/pages</rel><type>application/atom+xml</type><title></title></links><links><href>https://preview.hclconnections.net/communities/service/atom/community/subcommunities?communityUuid=27372e34-55aa-408e-86bb-b10b622f26b4</href><rel>http://www.ibm.com/xmlns/prod/sn/subcommunities</rel><type>application/atom+xml</type><title></title></links><links><href>https://preview.hclconnections.net/connections/opensocial/rest/activitystreams/urn:lsid:lconn.ibm.com:communities.community:27372e34-55aa-408e-86bb-b10b622f26b4/@all/@all?format=atom</href><rel>http://www.ibm.com/xmlns/prod/sn/activitystream</rel><type>application/atom+xml</type><title></title></links><links><href>https://preview.hclconnections.net/connections/opensocial/rest/ublog/urn:lsid:lconn.ibm.com:communities.community:27372e34-55aa-408e-86bb-b10b622f26b4/@all?format=atom</href><rel>http://www.ibm.com/xmlns/prod/sn/microblog</rel><type>application/atom+xml</type><title></title></links><links><href>https://preview.hclconnections.net/communities/service/atom/community/broadcasts?communityUuid=27372e34-55aa-408e-86bb-b10b622f26b4</href><rel>http://www.ibm.com/xmlns/prod/sn/community-broadcasts</rel><type>application/atom+xml</type><title></title></links><type>public</type><listWhenRestricted>false</listWhenRestricted><preModeration>false</preModeration><postModeration>false</postModeration><published>1600201032180</published><updated>1607518267630</updated><content><content><![CDATA[<p dir="ltr">Its a community that helps users buy cars that are right for them. Its website and app carry rich automotive content such as expert reviews, detailed specs and prices, comparisons as well as videos and pictures of all car brands and models available worldwide</p>]]></content><type>html</type><src></src></content><summary><content>Its a community that helps users buy cars that are right for them. Its website and app carry rich automotive content such as expert reviews, detailed specs and prices, comparisons as well as videos and pictures of all car brands and models available worldwide</content><type>text</type><src></src></summary><author><email>jjones2@cxn.pnp-hcl.com</email><name>Joe Jones2</name><userId>79ee1072-70dd-103a-93bf-8d3917e85f22</userId><userState>active</userState><role></role><external>false</external><guid></guid></author><contributor><email>jjones2@cxn.pnp-hcl.com</email><name>Joe Jones2</name><userId>79ee1072-70dd-103a-93bf-8d3917e85f22</userId><userState>active</userState><role></role><external>false</external><guid></guid></contributor><themeName>default</themeName><layout>3columnsWithBannerTopMenuLayout</layout><handle>car-expo2020</handle><communityStartPage>W798a8051b998_4451_9d56_564e68037468</communityStartPage><isExternal>false</isExternal><owners><email>jjones2@cxn.pnp-hcl.com</email><name>Joe Jones2</name><userId>79ee1072-70dd-103a-93bf-8d3917e85f22</userId><userState>active</userState><role>owner</role><external>false</external></owners><widgets><id><![CDATA[https://preview.hclconnections.net/communities/service/atom/community/widgets?communityUuid=27372e34-55aa-408e-86bb-b10b622f26b4&widgetInstanceId=W3a12b0e22e27_4ac7_b142_cab1814f7023]]></id><parentUuid>27372e34-55aa-408e-86bb-b10b622f26b4</parentUuid><containerUuid xmlns:xsi="http://www.w3.org/2001/XMLSchema-instance" xsi:nil="true"></containerUuid><title><content>ImportantBookmarks</content><type>text</type><src></src></title><categories><label></label><scheme>http://www.ibm.com/xmlns/prod/sn/type</scheme><term>widget</term></categories><links><href><![CDATA[https://preview.hclconnections.net/communities/service/atom/community/widgets?communityUuid=27372e34-55aa-408e-86bb-b10b622f26b4&widgetInstanceId=W3a12b0e22e27_4ac7_b142_cab1814f7023]]></href><rel>self</rel><type></type><title></title></links><links><href>https://preview.hclconnections.net/communities/service/atom/community/widgets?communityUuid=27372e34-55aa-408e-86bb-b10b622f26b4</href><rel>edit</rel><type></type><title></title></links><links><href>https://preview.hclconnections.net/communities/service/html/communityoverview?communityUuid=27372e34-55aa-408e-86bb-b10b622f26b4</href><rel>alternate</rel><type></type><title></title></links><widgetDefId>ImportantBookmarks</widgetDefId><widgetInstanceId>W3a12b0e22e27_4ac7_b142_cab1814f7023</widgetInstanceId><widgetCategory></widgetCategory><isHidden>false</isHidden><location>col3</location><previousWidgetInstanceId></previousWidgetInstanceId></widgets><widgets><id><![CDATA[https://preview.hclconnections.net/communities/service/atom/community/widgets?communityUuid=27372e34-55aa-408e-86bb-b10b622f26b4&widgetInstanceId=W798a8051b998_4451_9d56_564e68037468]]></id><parentUuid>27372e34-55aa-408e-86bb-b10b622f26b4</parentUuid><containerUuid xmlns:xsi="http://www.w3.org/2001/XMLSchema-instance" xsi:nil="true"></containerUuid><title><content>Highlights</content><type>text</type><src></src></title><categories><label></label><scheme>http://www.ibm.com/xmlns/prod/sn/type</scheme><term>widget</term></categories><links><href><![CDATA[https://preview.hclconnections.net/communities/service/atom/community/widgets?communityUuid=27372e34-55aa-408e-86bb-b10b622f26b4&widgetInstanceId=W798a8051b998_4451_9d56_564e68037468]]></href><rel>self</rel><type></type><title></title></links><links><href>https://preview.hclconnections.net/communities/service/atom/community/widgets?communityUuid=27372e34-55aa-408e-86bb-b10b622f26b4</href><rel>edit</rel><type></type><title></title></links><links><href>https://preview.hclconnections.net/communities/service/html/communityoverview?communityUuid=27372e34-55aa-408e-86bb-b10b622f26b4#fullpageWidgetId=W798a8051b998_4451_9d56_564e68037468</href><rel>alternate</rel><type></type><title></title></links><widgetDefId>Highlights</widgetDefId><widgetInstanceId>W798a8051b998_4451_9d56_564e68037468</widgetInstanceId><widgetCategory></widgetCategory><isHidden>false</isHidden><location>col1</location><previousWidgetInstanceId></previousWidgetInstanceId></widgets><widgets><id><![CDATA[https://preview.hclconnections.net/communities/service/atom/community/widgets?communityUuid=27372e34-55aa-408e-86bb-b10b622f26b4&widgetInstanceId=Wc4127e2283ec_48c9_8437_16da0b3b285c]]></id><parentUuid>27372e34-55aa-408e-86bb-b10b622f26b4</parentUuid><containerUuid xmlns:xsi="http://www.w3.org/2001/XMLSchema-instance" xsi:nil="true"></containerUuid><title><content>MembersSummary</content><type>text</type><src></src></title><categories><label></label><scheme>http://www.ibm.com/xmlns/prod/sn/type</scheme><term>widget</term></categories><links><href><![CDATA[https://preview.hclconnections.net/communities/service/atom/community/widgets?communityUuid=27372e34-55aa-408e-86bb-b10b622f26b4&widgetInstanceId=Wc4127e2283ec_48c9_8437_16da0b3b285c]]></href><rel>self</rel><type></type><title></title></links><links><href>https://preview.hclconnections.net/communities/service/atom/community/widgets?communityUuid=27372e34-55aa-408e-86bb-b10b622f26b4</href><rel>edit</rel><type></type><title></title></links><links><href>https://preview.hclconnections.net/communities/service/html/communityoverview?communityUuid=27372e34-55aa-408e-86bb-b10b622f26b4</href><rel>alternate</rel><type></type><title></title></links><widgetDefId>MembersSummary</widgetDefId><widgetInstanceId>Wc4127e2283ec_48c9_8437_16da0b3b285c</widgetInstanceId><widgetCategory></widgetCategory><isHidden>false</isHidden><location>col3</location><previousWidgetInstanceId>W3a12b0e22e27_4ac7_b142_cab1814f7023</previousWidgetInstanceId></widgets><widgets><id><![CDATA[https://preview.hclconnections.net/communities/service/atom/community/widgets?communityUuid=27372e34-55aa-408e-86bb-b10b622f26b4&widgetInstanceId=W9de946c38db9_40fe_b18b_3a2421ae6b77]]></id><parentUuid>27372e34-55aa-408e-86bb-b10b622f26b4</parentUuid><containerUuid xmlns:xsi="http://www.w3.org/2001/XMLSchema-instance" xsi:nil="true"></containerUuid><title><content>blog-tile-rich-content</content><type>text</type><src></src></title><categories><label></label><scheme>http://www.ibm.com/xmlns/prod/sn/type</scheme><term>widget</term></categories><links><href><![CDATA[https://preview.hclconnections.net/communities/service/atom/community/widgets?communityUuid=27372e34-55aa-408e-86bb-b10b622f26b4&widgetInstanceId=W9de946c38db9_40fe_b18b_3a2421ae6b77]]></href><rel>self</rel><type></type><title></title></links><links><href>https://preview.hclconnections.net/communities/service/atom/community/widgets?communityUuid=27372e34-55aa-408e-86bb-b10b622f26b4</href><rel>edit</rel><type></type><title></title></links><links><href>https://preview.hclconnections.net/communities/service/html/communityoverview?communityUuid=27372e34-55aa-408e-86bb-b10b622f26b4</href><rel>alternate</rel><type></type><title></title></links><widgetDefId>RichContent</widgetDefId><widgetInstanceId>W9de946c38db9_40fe_b18b_3a2421ae6b77</widgetInstanceId><widgetCategory></widgetCategory><isHidden>false</isHidden><location>col3</location><previousWidgetInstanceId>Wc4127e2283ec_48c9_8437_16da0b3b285c</previousWidgetInstanceId><widgetProperties><key>resourceOrgId</key><value>a</value></widgetProperties><widgetProperties><key>wikicommunity</key><value>{"wikilabel":"conn-rte#27372e34-55aa-408e-86bb-b10b622f26b4","pageId":"1ebd5958-485f-4c40-a64e-3b5c54c162f9","pageName":"27372e34-55aa-408e-86bb-b10b622f26b4New Page1600852145224"}</value></widgetProperties><widgetProperties><key>widgetTitle</key><value>blog-tile-rich-content</value></widgetProperties></widgets><widgets><id><![CDATA[https://preview.hclconnections.net/communities/service/atom/community/widgets?communityUuid=27372e34-55aa-408e-86bb-b10b622f26b4&widgetInstanceId=W5cac60b18f22_4294_bfc2_c69a3d12f8d6]]></id><parentUuid>27372e34-55aa-408e-86bb-b10b622f26b4</parentUuid><containerUuid xmlns:xsi="http://www.w3.org/2001/XMLSchema-instance" xsi:nil="true"></containerUuid><title><content>Status Updates</content><type>text</type><src></src></title><categories><label></label><scheme>http://www.ibm.com/xmlns/prod/sn/type</scheme><term>widget</term></categories><links><href><![CDATA[https://preview.hclconnections.net/communities/service/atom/community/widgets?communityUuid=27372e34-55aa-408e-86bb-b10b622f26b4&widgetInstanceId=W5cac60b18f22_4294_bfc2_c69a3d12f8d6]]></href><rel>self</rel><type></type><title></title></links><links><href>https://preview.hclconnections.net/communities/service/atom/community/widgets?communityUuid=27372e34-55aa-408e-86bb-b10b622f26b4</href><rel>edit</rel><type></type><title></title></links><links><href><![CDATA[https://preview.hclconnections.net/communities/service/html/community/updates?communityUuid=27372e34-55aa-408e-86bb-b10b622f26b4&filter=status]]></href><rel>alternate</rel><type></type><title></title></links><widgetDefId>StatusUpdates</widgetDefId><widgetInstanceId>W5cac60b18f22_4294_bfc2_c69a3d12f8d6</widgetInstanceId><widgetCategory></widgetCategory><isHidden>false</isHidden><location>col2statusposts</location><previousWidgetInstanceId></previousWidgetInstanceId><widgetProperties><key>objectIdentifyingId</key><value>f85b25d0-a58c-47fd-87ad-722b45cf5a35</value></widgetProperties></widgets><widgets><id><![CDATA[https://preview.hclconnections.net/communities/service/atom/community/widgets?communityUuid=27372e34-55aa-408e-86bb-b10b622f26b4&widgetInstanceId=Wfd58f8871e54_4f31_9044_fc032618f54a]]></id><parentUuid>27372e34-55aa-408e-86bb-b10b622f26b4</parentUuid><containerUuid xmlns:xsi="http://www.w3.org/2001/XMLSchema-instance" xsi:nil="true"></containerUuid><title><content>description</content><type>text</type><src></src></title><categories><label></label><scheme>http://www.ibm.com/xmlns/prod/sn/type</scheme><term>widget</term></categories><links><href><![CDATA[https://preview.hclconnections.net/communities/service/atom/community/widgets?communityUuid=27372e34-55aa-408e-86bb-b10b622f26b4&widgetInstanceId=Wfd58f8871e54_4f31_9044_fc032618f54a]]></href><rel>self</rel><type></type><title></title></links><links><href>https://preview.hclconnections.net/communities/service/atom/community/widgets?communityUuid=27372e34-55aa-408e-86bb-b10b622f26b4</href><rel>edit</rel><type></type><title></title></links><links><href>https://preview.hclconnections.net/communities/service/html/communityoverview?communityUuid=27372e34-55aa-408e-86bb-b10b622f26b4</href><rel>alternate</rel><type></type><title></title></links><widgetDefId>description</widgetDefId><widgetInstanceId>Wfd58f8871e54_4f31_9044_fc032618f54a</widgetInstanceId><widgetCategory></widgetCategory><isHidden>false</isHidden><location>col2</location><previousWidgetInstanceId></previousWidgetInstanceId></widgets><widgets><id><![CDATA[https://preview.hclconnections.net/communities/service/atom/community/widgets?communityUuid=27372e34-55aa-408e-86bb-b10b622f26b4&widgetInstanceId=W8d8829f39dda_45a4_abc1_eff59957976e]]></id><parentUuid>27372e34-55aa-408e-86bb-b10b622f26b4</parentUuid><containerUuid xmlns:xsi="http://www.w3.org/2001/XMLSchema-instance" xsi:nil="true"></containerUuid><title><content>Forums</content><type>text</type><src></src></title><categories><label></label><scheme>http://www.ibm.com/xmlns/prod/sn/type</scheme><term>widget</term></categories><links><href><![CDATA[https://preview.hclconnections.net/communities/service/atom/community/widgets?communityUuid=27372e34-55aa-408e-86bb-b10b622f26b4&widgetInstanceId=W8d8829f39dda_45a4_abc1_eff59957976e]]></href><rel>self</rel><type></type><title></title></links><links><href>https://preview.hclconnections.net/communities/service/atom/community/widgets?communityUuid=27372e34-55aa-408e-86bb-b10b622f26b4</href><rel>edit</rel><type></type><title></title></links><links><href>https://preview.hclconnections.net/communities/service/html/communityoverview?communityUuid=27372e34-55aa-408e-86bb-b10b622f26b4#fullpageWidgetId=W8d8829f39dda_45a4_abc1_eff59957976e</href><rel>alternate</rel><type></type><title></title></links><widgetDefId>Forum</widgetDefId><widgetInstanceId>W8d8829f39dda_45a4_abc1_eff59957976e</widgetInstanceId><widgetCategory></widgetCategory><isHidden>false</isHidden><location>col2</location><previousWidgetInstanceId>Wfd58f8871e54_4f31_9044_fc032618f54a</previousWidgetInstanceId></widgets><widgets><id><![CDATA[https://preview.hclconnections.net/communities/service/atom/community/widgets?communityUuid=27372e34-55aa-408e-86bb-b10b622f26b4&widgetInstanceId=W84c059ee4c51_4095_a4d7_3ba2d9d1fc35]]></id><parentUuid>27372e34-55aa-408e-86bb-b10b622f26b4</parentUuid><containerUuid xmlns:xsi="http://www.w3.org/2001/XMLSchema-instance" xsi:nil="true"></containerUuid><title><content>Bookmarks</content><type>text</type><src></src></title><categories><label></label><scheme>http://www.ibm.com/xmlns/prod/sn/type</scheme><term>widget</term></categories><links><href><![CDATA[https://preview.hclconnections.net/communities/service/atom/community/widgets?communityUuid=27372e34-55aa-408e-86bb-b10b622f26b4&widgetInstanceId=W84c059ee4c51_4095_a4d7_3ba2d9d1fc35]]></href><rel>self</rel><type></type><title></title></links><links><href>https://preview.hclconnections.net/communities/service/atom/community/widgets?communityUuid=27372e34-55aa-408e-86bb-b10b622f26b4</href><rel>edit</rel><type></type><title></title></links><links><href>https://preview.hclconnections.net/communities/service/html/community/bookmarks?communityUuid=27372e34-55aa-408e-86bb-b10b622f26b4</href><rel>alternate</rel><type></type><title></title></links><widgetDefId>Bookmarks</widgetDefId><widgetInstanceId>W84c059ee4c51_4095_a4d7_3ba2d9d1fc35</widgetInstanceId><widgetCategory></widgetCategory><isHidden>false</isHidden><location>col2</location><previousWidgetInstanceId>W8d8829f39dda_45a4_abc1_eff59957976e</previousWidgetInstanceId></widgets><widgets><id><![CDATA[https://preview.hclconnections.net/communities/service/atom/community/widgets?communityUuid=27372e34-55aa-408e-86bb-b10b622f26b4&widgetInstanceId=W60320a409e2f_404b_9da3_47e2b7871412]]></id><parentUuid>27372e34-55aa-408e-86bb-b10b622f26b4</parentUuid><containerUuid xmlns:xsi="http://www.w3.org/2001/XMLSchema-instance" xsi:nil="true"></containerUuid><title><content>Files</content><type>text</type><src></src></title><categories><label></label><scheme>http://www.ibm.com/xmlns/prod/sn/type</scheme><term>widget</term></categories><links><href><![CDATA[https://preview.hclconnections.net/communities/service/atom/community/widgets?communityUuid=27372e34-55aa-408e-86bb-b10b622f26b4&widgetInstanceId=W60320a409e2f_404b_9da3_47e2b7871412]]></href><rel>self</rel><type></type><title></title></links><links><href>https://preview.hclconnections.net/communities/service/atom/community/widgets?communityUuid=27372e34-55aa-408e-86bb-b10b622f26b4</href><rel>edit</rel><type></type><title></title></links><links><href>https://preview.hclconnections.net/communities/service/html/communityoverview?communityUuid=27372e34-55aa-408e-86bb-b10b622f26b4#fullpageWidgetId=W60320a409e2f_404b_9da3_47e2b7871412</href><rel>alternate</rel><type></type><title></title></links><widgetDefId>Files</widgetDefId><widgetInstanceId>W60320a409e2f_404b_9da3_47e2b7871412</widgetInstanceId><widgetCategory></widgetCategory><isHidden>false</isHidden><location>col2</location><previousWidgetInstanceId>W84c059ee4c51_4095_a4d7_3ba2d9d1fc35</previousWidgetInstanceId></widgets><widgets><id><![CDATA[https://preview.hclconnections.net/communities/service/atom/community/widgets?communityUuid=27372e34-55aa-408e-86bb-b10b622f26b4&widgetInstanceId=Wfc471a21aefb_4ef6_9fba_45839f9e429a]]></id><parentUuid>27372e34-55aa-408e-86bb-b10b622f26b4</parentUuid><containerUuid xmlns:xsi="http://www.w3.org/2001/XMLSchema-instance" xsi:nil="true"></containerUuid><title><content>Tags</content><type>text</type><src></src></title><categories><label></label><scheme>http://www.ibm.com/xmlns/prod/sn/type</scheme><term>widget</term></categories><links><href><![CDATA[https://preview.hclconnections.net/communities/service/atom/community/widgets?communityUuid=27372e34-55aa-408e-86bb-b10b622f26b4&widgetInstanceId=Wfc471a21aefb_4ef6_9fba_45839f9e429a]]></href><rel>self</rel><type></type><title></title></links><links><href>https://preview.hclconnections.net/communities/service/atom/community/widgets?communityUuid=27372e34-55aa-408e-86bb-b10b622f26b4</href><rel>edit</rel><type></type><title></title></links><links><href>https://preview.hclconnections.net/communities/service/html/communityoverview?communityUuid=27372e34-55aa-408e-86bb-b10b622f26b4</href><rel>alternate</rel><type></type><title></title></links><widgetDefId>Tags</widgetDefId><widgetInstanceId>Wfc471a21aefb_4ef6_9fba_45839f9e429a</widgetInstanceId><widgetCategory></widgetCategory><isHidden>false</isHidden><location>col1</location><previousWidgetInstanceId>W798a8051b998_4451_9d56_564e68037468</previousWidgetInstanceId></widgets><widgets><id><![CDATA[https://preview.hclconnections.net/communities/service/atom/community/widgets?communityUuid=27372e34-55aa-408e-86bb-b10b622f26b4&widgetInstanceId=W42c0028170d1_4a53_aa70_4adf18ac12f2]]></id><parentUuid>27372e34-55aa-408e-86bb-b10b622f26b4</parentUuid><containerUuid xmlns:xsi="http://www.w3.org/2001/XMLSchema-instance" xsi:nil="true"></containerUuid><title><content>RichContent</content><type>text</type><src></src></title><categories><label></label><scheme>http://www.ibm.com/xmlns/prod/sn/type</scheme><term>widget</term></categories><links><href><![CDATA[https://preview.hclconnections.net/communities/service/atom/community/widgets?communityUuid=27372e34-55aa-408e-86bb-b10b622f26b4&widgetInstanceId=W42c0028170d1_4a53_aa70_4adf18ac12f2]]></href><rel>self</rel><type></type><title></title></links><links><href>https://preview.hclconnections.net/communities/service/atom/community/widgets?communityUuid=27372e34-55aa-408e-86bb-b10b622f26b4</href><rel>edit</rel><type></type><title></title></links><links><href>https://preview.hclconnections.net/communities/service/html/communityoverview?communityUuid=27372e34-55aa-408e-86bb-b10b622f26b4</href><rel>alternate</rel><type></type><title></title></links><widgetDefId>RichContent</widgetDefId><widgetInstanceId>W42c0028170d1_4a53_aa70_4adf18ac12f2</widgetInstanceId><widgetCategory></widgetCategory><isHidden>false</isHidden><location>banner</location><previousWidgetInstanceId></previousWidgetInstanceId><widgetProperties><key>resourceOrgId</key><value>a</value></widgetProperties><widgetProperties><key>wikicommunity</key><value>{"wikilabel":"conn-rte#27372e34-55aa-408e-86bb-b10b622f26b4","pageId":"e5a357af-8c2e-47f5-9104-ab64df8e2aa7","pageName":"27372e34-55aa-408e-86bb-b10b622f26b4New Page1600672243796"}</value></widgetProperties></widgets><widgets><id><![CDATA[https://preview.hclconnections.net/communities/service/atom/community/widgets?communityUuid=27372e34-55aa-408e-86bb-b10b622f26b4&widgetInstanceId=W9efb01385b44_435b_9dcf_f71823de4d91]]></id><parentUuid>27372e34-55aa-408e-86bb-b10b622f26b4</parentUuid><containerUuid xmlns:xsi="http://www.w3.org/2001/XMLSchema-instance" xsi:nil="true"></containerUuid><title><content>Rich Content 2</content><type>text</type><src></src></title><categories><label></label><scheme>http://www.ibm.com/xmlns/prod/sn/type</scheme><term>widget</term></categories><links><href><![CDATA[https://preview.hclconnections.net/communities/service/atom/community/widgets?communityUuid=27372e34-55aa-408e-86bb-b10b622f26b4&widgetInstanceId=W9efb01385b44_435b_9dcf_f71823de4d91]]></href><rel>self</rel><type></type><title></title></links><links><href>https://preview.hclconnections.net/communities/service/atom/community/widgets?communityUuid=27372e34-55aa-408e-86bb-b10b622f26b4</href><rel>edit</rel><type></type><title></title></links><links><href>https://preview.hclconnections.net/communities/service/html/communityoverview?communityUuid=27372e34-55aa-408e-86bb-b10b622f26b4</href><rel>alternate</rel><type></type><title></title></links><widgetDefId>RichContent</widgetDefId><widgetInstanceId>W9efb01385b44_435b_9dcf_f71823de4d91</widgetInstanceId><widgetCategory></widgetCategory><isHidden>false</isHidden><location>banner</location><previousWidgetInstanceId>W42c0028170d1_4a53_aa70_4adf18ac12f2</previousWidgetInstanceId><widgetProperties><key>resourceOrgId</key><value>a</value></widgetProperties><widgetProperties><key>wikicommunity</key><value>{"wikilabel":"conn-rte#27372e34-55aa-408e-86bb-b10b622f26b4","pageId":"d1e6c70b-529f-454b-962c-4aca525f4a85","pageName":"27372e34-55aa-408e-86bb-b10b622f26b4New Page1600839572919"}</value></widgetProperties><widgetProperties><key>widgetTitle</key><value>Rich Content 2</value></widgetProperties></widgets><widgets><id><![CDATA[https://preview.hclconnections.net/communities/service/atom/community/widgets?communityUuid=27372e34-55aa-408e-86bb-b10b622f26b4&widgetInstanceId=Wf218e3d68366_41c0_b417_1cd54a654a2d]]></id><parentUuid>27372e34-55aa-408e-86bb-b10b622f26b4</parentUuid><containerUuid xmlns:xsi="http://www.w3.org/2001/XMLSchema-instance" xsi:nil="true"></containerUuid><title><content>Ideation Blog</content><type>text</type><src></src></title><categories><label></label><scheme>http://www.ibm.com/xmlns/prod/sn/type</scheme><term>widget</term></categories><links><href><![CDATA[https://preview.hclconnections.net/communities/service/atom/community/widgets?communityUuid=27372e34-55aa-408e-86bb-b10b622f26b4&widgetInstanceId=Wf218e3d68366_41c0_b417_1cd54a654a2d]]></href><rel>self</rel><type></type><title></title></links><links><href>https://preview.hclconnections.net/communities/service/atom/community/widgets?communityUuid=27372e34-55aa-408e-86bb-b10b622f26b4</href><rel>edit</rel><type></type><title></title></links><links><href>https://preview.hclconnections.net/communities/service/html/communityoverview?communityUuid=27372e34-55aa-408e-86bb-b10b622f26b4#fullpageWidgetId=Wf218e3d68366_41c0_b417_1cd54a654a2d</href><rel>alternate</rel><type></type><title></title></links><widgetDefId>IdeationBlog</widgetDefId><widgetInstanceId>Wf218e3d68366_41c0_b417_1cd54a654a2d</widgetInstanceId><widgetCategory></widgetCategory><isHidden>false</isHidden><location>col2</location><previousWidgetInstanceId>W60320a409e2f_404b_9da3_47e2b7871412</previousWidgetInstanceId><widgetProperties><key>new id</key><value>27372e34-55aa-408e-86bb-b10b622f26b4</value></widgetProperties><widgetProperties><key>ideationWidgetUpdated</key><value>f227ce71-5fff-44b9-8df4-ac08e921e92b</value></widgetProperties><widgetProperties><key>old id</key><value>27372e34-55aa-408e-86bb-b10b622f26b4</value></widgetProperties></widgets><widgets><id><![CDATA[https://preview.hclconnections.net/communities/service/atom/community/widgets?communityUuid=27372e34-55aa-408e-86bb-b10b622f26b4&widgetInstanceId=W41a17f2ac497_4241_8f59_ef8154366067]]></id><parentUuid>27372e34-55aa-408e-86bb-b10b622f26b4</parentUuid><containerUuid xmlns:xsi="http://www.w3.org/2001/XMLSchema-instance" xsi:nil="true"></containerUuid><title><content>Blog</content><type>text</type><src></src></title><categories><label></label><scheme>http://www.ibm.com/xmlns/prod/sn/type</scheme><term>widget</term></categories><links><href><![CDATA[https://preview.hclconnections.net/communities/service/atom/community/widgets?communityUuid=27372e34-55aa-408e-86bb-b10b622f26b4&widgetInstanceId=W41a17f2ac497_4241_8f59_ef8154366067]]></href><rel>self</rel><type></type><title></title></links><links><href>https://preview.hclconnections.net/communities/service/atom/community/widgets?communityUuid=27372e34-55aa-408e-86bb-b10b622f26b4</href><rel>edit</rel><type></type><title></title></links><links><href>https://preview.hclconnections.net/blogs/27372e34-55aa-408e-86bb-b10b622f26b4?lang=en_us</href><rel>alternate</rel><type></type><title></title></links><widgetDefId>Blog</widgetDefId><widgetInstanceId>W41a17f2ac497_4241_8f59_ef8154366067</widgetInstanceId><widgetCategory></widgetCategory><isHidden>false</isHidden><location>col2</location><previousWidgetInstanceId>Wf218e3d68366_41c0_b417_1cd54a654a2d</previousWidgetInstanceId><widgetProperties><key>new id</key><value>27372e34-55aa-408e-86bb-b10b622f26b4</value></widgetProperties><widgetProperties><key>old id</key><value>27372e34-55aa-408e-86bb-b10b622f26b4</value></widgetProperties></widgets><widgets><id><![CDATA[https://preview.hclconnections.net/communities/service/atom/community/widgets?communityUuid=27372e34-55aa-408e-86bb-b10b622f26b4&widgetInstanceId=We5c1dab27bec_4617_8f01_3d7a5c13af41]]></id><parentUuid>27372e34-55aa-408e-86bb-b10b622f26b4</parentUuid><containerUuid xmlns:xsi="http://www.w3.org/2001/XMLSchema-instance" xsi:nil="true"></containerUuid><title><content>Rich Content 3</content><type>text</type><src></src></title><categories><label></label><scheme>http://www.ibm.com/xmlns/prod/sn/type</scheme><term>widget</term></categories><links><href><![CDATA[https://preview.hclconnections.net/communities/service/atom/community/widgets?communityUuid=27372e34-55aa-408e-86bb-b10b622f26b4&widgetInstanceId=We5c1dab27bec_4617_8f01_3d7a5c13af41]]></href><rel>self</rel><type></type><title></title></links><links><href>https://preview.hclconnections.net/communities/service/atom/community/widgets?communityUuid=27372e34-55aa-408e-86bb-b10b622f26b4</href><rel>edit</rel><type></type><title></title></links><links><href>https://preview.hclconnections.net/communities/service/html/communityoverview?communityUuid=27372e34-55aa-408e-86bb-b10b622f26b4</href><rel>alternate</rel><type></type><title></title></links><widgetDefId>RichContent</widgetDefId><widgetInstanceId>We5c1dab27bec_4617_8f01_3d7a5c13af41</widgetInstanceId><widgetCategory></widgetCategory><isHidden>false</isHidden><location>col2</location><previousWidgetInstanceId>W41a17f2ac497_4241_8f59_ef8154366067</previousWidgetInstanceId><widgetProperties><key>resourceOrgId</key><value>a</value></widgetProperties><widgetProperties><key>wikicommunity</key><value>{"wikilabel":"conn-rte#27372e34-55aa-408e-86bb-b10b622f26b4","pageId":"8a21eac6-47dd-4619-8491-2723b0d3716b","pageName":"27372e34-55aa-408e-86bb-b10b622f26b4New Page1600856265033"}</value></widgetProperties><widgetProperties><key>widgetTitle</key><value>Rich Content 3</value></widgetProperties></widgets><widgets><id><![CDATA[https://preview.hclconnections.net/communities/service/atom/community/widgets?communityUuid=27372e34-55aa-408e-86bb-b10b622f26b4&widgetInstanceId=W34f1783c083d_4a72_91a3_919890469f10]]></id><parentUuid>27372e34-55aa-408e-86bb-b10b622f26b4</parentUuid><containerUuid xmlns:xsi="http://www.w3.org/2001/XMLSchema-instance" xsi:nil="true"></containerUuid><title><content>RichContent</content><type>text</type><src></src></title><categories><label></label><scheme>http://www.ibm.com/xmlns/prod/sn/type</scheme><term>widget</term></categories><links><href><![CDATA[https://preview.hclconnections.net/communities/service/atom/community/widgets?communityUuid=27372e34-55aa-408e-86bb-b10b622f26b4&widgetInstanceId=W34f1783c083d_4a72_91a3_919890469f10]]></href><rel>self</rel><type></type><title></title></links><links><href>https://preview.hclconnections.net/communities/service/atom/community/widgets?communityUuid=27372e34-55aa-408e-86bb-b10b622f26b4</href><rel>edit</rel><type></type><title></title></links><links><href>https://preview.hclconnections.net/communities/service/html/communityoverview?communityUuid=27372e34-55aa-408e-86bb-b10b622f26b4</href><rel>alternate</rel><type></type><title></title></links><widgetDefId>RichContent</widgetDefId><widgetInstanceId>W34f1783c083d_4a72_91a3_919890469f10</widgetInstanceId><widgetCategory></widgetCategory><isHidden>false</isHidden><location>col2</location><previousWidgetInstanceId>We5c1dab27bec_4617_8f01_3d7a5c13af41</previousWidgetInstanceId></widgets><widgets><id><![CDATA[https://preview.hclconnections.net/communities/service/atom/community/widgets?communityUuid=27372e34-55aa-408e-86bb-b10b622f26b4&widgetInstanceId=W1110f19db61c_4788_a4c6_e5a5499a1e53]]></id><parentUuid>27372e34-55aa-408e-86bb-b10b622f26b4</parentUuid><containerUuid xmlns:xsi="http://www.w3.org/2001/XMLSchema-instance" xsi:nil="true"></containerUuid><title><content>RichContent</content><type>text</type><src></src></title><categories><label></label><scheme>http://www.ibm.com/xmlns/prod/sn/type</scheme><term>widget</term></categories><links><href><![CDATA[https://preview.hclconnections.net/communities/service/atom/community/widgets?communityUuid=27372e34-55aa-408e-86bb-b10b622f26b4&widgetInstanceId=W1110f19db61c_4788_a4c6_e5a5499a1e53]]></href><rel>self</rel><type></type><title></title></links><links><href>https://preview.hclconnections.net/communities/service/atom/community/widgets?communityUuid=27372e34-55aa-408e-86bb-b10b622f26b4</href><rel>edit</rel><type></type><title></title></links><links><href>https://preview.hclconnections.net/communities/service/html/communityoverview?communityUuid=27372e34-55aa-408e-86bb-b10b622f26b4</href><rel>alternate</rel><type></type><title></title></links><widgetDefId>RichContent</widgetDefId><widgetInstanceId>W1110f19db61c_4788_a4c6_e5a5499a1e53</widgetInstanceId><widgetCategory></widgetCategory><isHidden>false</isHidden><location>col2</location><previousWidgetInstanceId>W34f1783c083d_4a72_91a3_919890469f10</previousWidgetInstanceId><widgetProperties><key>wikicommunity</key><value>{"wikilabel":"conn-rte#27372e34-55aa-408e-86bb-b10b622f26b4","pageId":"7fe7bb86-811f-4af3-9113-14a620830c26","pageName":"27372e34-55aa-408e-86bb-b10b622f26b4New Page1607414038355"}</value></widgetProperties></widgets><widgets><id><![CDATA[https://preview.hclconnections.net/communities/service/atom/community/widgets?communityUuid=27372e34-55aa-408e-86bb-b10b622f26b4&widgetInstanceId=W235876a24fdd_4f1f_9356_c351da5d4ed3]]></id><parentUuid>27372e34-55aa-408e-86bb-b10b622f26b4</parentUuid><containerUuid xmlns:xsi="http://www.w3.org/2001/XMLSchema-instance" xsi:nil="true"></containerUuid><title><content>RichContent</content><type>text</type><src></src></title><categories><label></label><scheme>http://www.ibm.com/xmlns/prod/sn/type</scheme><term>widget</term></categories><links><href><![CDATA[https://preview.hclconnections.net/communities/service/atom/community/widgets?communityUuid=27372e34-55aa-408e-86bb-b10b622f26b4&widgetInstanceId=W235876a24fdd_4f1f_9356_c351da5d4ed3]]></href><rel>self</rel><type></type><title></title></links><links><href>https://preview.hclconnections.net/communities/service/atom/community/widgets?communityUuid=27372e34-55aa-408e-86bb-b10b622f26b4</href><rel>edit</rel><type></type><title></title></links><links><href>https://preview.hclconnections.net/communities/service/html/communityoverview?communityUuid=27372e34-55aa-408e-86bb-b10b622f26b4</href><rel>alternate</rel><type></type><title></title></links><widgetDefId>RichContent</widgetDefId><widgetInstanceId>W235876a24fdd_4f1f_9356_c351da5d4ed3</widgetInstanceId><widgetCategory></widgetCategory><isHidden>false</isHidden><location>col2</location><previousWidgetInstanceId>W1110f19db61c_4788_a4c6_e5a5499a1e53</previousWidgetInstanceId><widgetProperties><key>wikicommunity</key><value>{"wikilabel":"conn-rte#27372e34-55aa-408e-86bb-b10b622f26b4","pageId":"30705568-c5b5-4b44-ab6e-3cefec38542b","pageName":"27372e34-55aa-408e-86bb-b10b622f26b4New Page1607417206523"}</value></widgetProperties></widgets><widgets><id><![CDATA[https://preview.hclconnections.net/communities/service/atom/community/widgets?communityUuid=27372e34-55aa-408e-86bb-b10b622f26b4&widgetInstanceId=W8b12d474dab5_4347_9188_25b9d6c76ff5]]></id><parentUuid>27372e34-55aa-408e-86bb-b10b622f26b4</parentUuid><containerUuid xmlns:xsi="http://www.w3.org/2001/XMLSchema-instance" xsi:nil="true"></containerUuid><title><content>Wiki</content><type>text</type><src></src></title><categories><label></label><scheme>http://www.ibm.com/xmlns/prod/sn/type</scheme><term>widget</term></categories><links><href><![CDATA[https://preview.hclconnections.net/communities/service/atom/community/widgets?communityUuid=27372e34-55aa-408e-86bb-b10b622f26b4&widgetInstanceId=W8b12d474dab5_4347_9188_25b9d6c76ff5]]></href><rel>self</rel><type></type><title></title></links><links><href>https://preview.hclconnections.net/communities/service/atom/community/widgets?communityUuid=27372e34-55aa-408e-86bb-b10b622f26b4</href><rel>edit</rel><type></type><title></title></links><links><href>https://preview.hclconnections.net/wikis/communitywiki?communityUuid=27372e34-55aa-408e-86bb-b10b622f26b4</href><rel>alternate</rel><type></type><title></title></links><widgetDefId>Wiki</widgetDefId><widgetInstanceId>W8b12d474dab5_4347_9188_25b9d6c76ff5</widgetInstanceId><widgetCategory></widgetCategory><isHidden>false</isHidden><location>col2</location><previousWidgetInstanceId>W235876a24fdd_4f1f_9356_c351da5d4ed3</previousWidgetInstanceId></widgets><widgets><id><![CDATA[https://preview.hclconnections.net/communities/service/atom/community/widgets?communityUuid=27372e34-55aa-408e-86bb-b10b622f26b4&widgetInstanceId=W44c38ce23f27_4eef_9814_05a2da1ecbaf]]></id><parentUuid>27372e34-55aa-408e-86bb-b10b622f26b4</parentUuid><containerUuid xmlns:xsi="http://www.w3.org/2001/XMLSchema-instance" xsi:nil="true"></containerUuid><title><content>Activities</content><type>text</type><src></src></title><categories><label></label><scheme>http://www.ibm.com/xmlns/prod/sn/type</scheme><term>widget</term></categories><links><href><![CDATA[https://preview.hclconnections.net/communities/service/atom/community/widgets?communityUuid=27372e34-55aa-408e-86bb-b10b622f26b4&widgetInstanceId=W44c38ce23f27_4eef_9814_05a2da1ecbaf]]></href><rel>self</rel><type></type><title></title></links><links><href>https://preview.hclconnections.net/communities/service/atom/community/widgets?communityUuid=27372e34-55aa-408e-86bb-b10b622f26b4</href><rel>edit</rel><type></type><title></title></links><links><href>https://preview.hclconnections.net/communities/service/html/communityoverview?communityUuid=27372e34-55aa-408e-86bb-b10b622f26b4#fullpageWidgetId=W44c38ce23f27_4eef_9814_05a2da1ecbaf</href><rel>alternate</rel><type></type><title></title></links><widgetDefId>Activities</widgetDefId><widgetInstanceId>W44c38ce23f27_4eef_9814_05a2da1ecbaf</widgetInstanceId><widgetCategory></widgetCategory><isHidden>false</isHidden><location>col2</location><previousWidgetInstanceId>W8b12d474dab5_4347_9188_25b9d6c76ff5</previousWidgetInstanceId></widgets><widgets><id><![CDATA[https://preview.hclconnections.net/communities/service/atom/community/widgets?communityUuid=27372e34-55aa-408e-86bb-b10b622f26b4&widgetInstanceId=Wc8ca20ca0709_40fc_ae4e_22cfa655cd36]]></id><parentUuid>27372e34-55aa-408e-86bb-b10b622f26b4</parentUuid><containerUuid xmlns:xsi="http://www.w3.org/2001/XMLSchema-instance" xsi:nil="true"></containerUuid><title><content>RichContent</content><type>text</type><src></src></title><categories><label></label><scheme>http://www.ibm.com/xmlns/prod/sn/type</scheme><term>widget</term></categories><links><href><![CDATA[https://preview.hclconnections.net/communities/service/atom/community/widgets?communityUuid=27372e34-55aa-408e-86bb-b10b622f26b4&widgetInstanceId=Wc8ca20ca0709_40fc_ae4e_22cfa655cd36]]></href><rel>self</rel><type></type><title></title></links><links><href>https://preview.hclconnections.net/communities/service/atom/community/widgets?communityUuid=27372e34-55aa-408e-86bb-b10b622f26b4</href><rel>edit</rel><type></type><title></title></links><links><href>https://preview.hclconnections.net/communities/service/html/communityoverview?communityUuid=27372e34-55aa-408e-86bb-b10b622f26b4</href><rel>alternate</rel><type></type><title></title></links><widgetDefId>RichContent</widgetDefId><widgetInstanceId>Wc8ca20ca0709_40fc_ae4e_22cfa655cd36</widgetInstanceId><widgetCategory></widgetCategory><isHidden>false</isHidden><location>col2</location><previousWidgetInstanceId>W44c38ce23f27_4eef_9814_05a2da1ecbaf</previousWidgetInstanceId><widgetProperties><key>wikicommunity</key><value>{"wikilabel":"conn-rte#27372e34-55aa-408e-86bb-b10b622f26b4","pageId":"45df0900-6d38-4b24-9cdc-11a998f94635","pageName":"27372e34-55aa-408e-86bb-b10b622f26b4New Page1607421301479"}</value></widgetProperties></widgets><widgets><id><![CDATA[https://preview.hclconnections.net/communities/service/atom/community/widgets?communityUuid=27372e34-55aa-408e-86bb-b10b622f26b4&widgetInstanceId=Wdc30638eea49_4678_8c1b_c98656f3c8b9]]></id><parentUuid>27372e34-55aa-408e-86bb-b10b622f26b4</parentUuid><containerUuid xmlns:xsi="http://www.w3.org/2001/XMLSchema-instance" xsi:nil="true"></containerUuid><title><content>RichContent</content><type>text</type><src></src></title><categories><label></label><scheme>http://www.ibm.com/xmlns/prod/sn/type</scheme><term>widget</term></categories><links><href><![CDATA[https://preview.hclconnections.net/communities/service/atom/community/widgets?communityUuid=27372e34-55aa-408e-86bb-b10b622f26b4&widgetInstanceId=Wdc30638eea49_4678_8c1b_c98656f3c8b9]]></href><rel>self</rel><type></type><title></title></links><links><href>https://preview.hclconnections.net/communities/service/atom/community/widgets?communityUuid=27372e34-55aa-408e-86bb-b10b622f26b4</href><rel>edit</rel><type></type><title></title></links><links><href>https://preview.hclconnections.net/communities/service/html/communityoverview?communityUuid=27372e34-55aa-408e-86bb-b10b622f26b4</href><rel>alternate</rel><type></type><title></title></links><widgetDefId>RichContent</widgetDefId><widgetInstanceId>Wdc30638eea49_4678_8c1b_c98656f3c8b9</widgetInstanceId><widgetCategory></widgetCategory><isHidden>false</isHidden><location>col2</location><previousWidgetInstanceId>Wc8ca20ca0709_40fc_ae4e_22cfa655cd36</previousWidgetInstanceId></widgets><remoteApplications><id>urn:lsid:ibm.com:communities:remoteapplication-W8b12d474dab5_4347_9188_25b9d6c76ff5</id><category><label></label><scheme>http://www.ibm.com/xmlns/prod/sn/type</scheme><term>Wiki</term></category><title><content>Wiki</content><type>text</type><src></src></title><content><content>Wiki</content><type>text</type><src></src></content><links><href>https://preview.hclconnections.net/wikis/basic/api/community/27372e34-55aa-408e-86bb-b10b622f26b4/introspection</href><rel>http://www.ibm.com/xmlns/prod/sn/remote-application/publish</rel><type>application/atomsvc+xml</type><title></title></links><links><href>https://preview.hclconnections.net/wikis/basic/api/communitywiki/27372e34-55aa-408e-86bb-b10b622f26b4/feed</href><rel>http://www.ibm.com/xmlns/prod/sn/remote-application/feed</rel><type>application/atom+xml</type><title></title></links><links><href><![CDATA[https://preview.hclconnections.net/communities/service/atom/community/remoteApplications?communityUuid=27372e34-55aa-408e-86bb-b10b622f26b4&remoteAppId=W8b12d474dab5_4347_9188_25b9d6c76ff5]]></href><rel>self</rel><type></type><title></title></links><published>1600201032180</published><updated>1607518267630</updated><author><email>jjones2@cxn.pnp-hcl.com</email><name>Joe Jones2</name><userId>79ee1072-70dd-103a-93bf-8d3917e85f22</userId><userState>active</userState><role></role><external>false</external><guid></guid></author></remoteApplications><remoteApplications><id>urn:lsid:ibm.com:communities:remoteapplication-W5cac60b18f22_4294_bfc2_c69a3d12f8d6</id><category><label></label><scheme>http://www.ibm.com/xmlns/prod/sn/type</scheme><term>StatusUpdates</term></category><title><content>Status Updates</content><type>text</type><src></src></title><content><content>StatusUpdates</content><type>text</type><src></src></content><links><href>https://preview.hclconnections.net/connections/opensocial/basic/rest/ublog/urn:lsid:lconn.ibm.com:communities.community:27372e34-55aa-408e-86bb-b10b622f26b4/@all?format=atom</href><rel>http://www.ibm.com/xmlns/prod/sn/remote-application/feed</rel><type>application/atom+xml</type><title></title></links><links><href><![CDATA[https://preview.hclconnections.net/communities/service/atom/community/remoteApplications?communityUuid=27372e34-55aa-408e-86bb-b10b622f26b4&remoteAppId=W5cac60b18f22_4294_bfc2_c69a3d12f8d6]]></href><rel>self</rel><type></type><title></title></links><published>1600201032180</published><updated>1607518267630</updated><author><email>jjones2@cxn.pnp-hcl.com</email><name>Joe Jones2</name><userId>79ee1072-70dd-103a-93bf-8d3917e85f22</userId><userState>active</userState><role></role><external>false</external><guid></guid></author></remoteApplications><remoteApplications><id>urn:lsid:ibm.com:communities:remoteapplication-Wf218e3d68366_41c0_b417_1cd54a654a2d</id><category><label></label><scheme>http://www.ibm.com/xmlns/prod/sn/type</scheme><term>IdeationBlog</term></category><title><content>Ideation Blog</content><type>text</type><src></src></title><content><content>IdeationBlog</content><type>text</type><src></src></content><links><href><![CDATA[https://preview.hclconnections.net/blogs/api/blogs?commUuid=27372e34-55aa-408e-86bb-b10b622f26b4&blogType=ideationblog]]></href><rel>http://www.ibm.com/xmlns/prod/sn/remote-application/publish</rel><type>application/atomsvc+xml</type><title></title></links><links><href><![CDATA[https://preview.hclconnections.net/blogs/atom/blogs?commUuid=27372e34-55aa-408e-86bb-b10b622f26b4&blogType=ideationblog]]></href><rel>http://www.ibm.com/xmlns/prod/sn/remote-application/feed</rel><type>application/atom+xml</type><title></title></links><links><href><![CDATA[https://preview.hclconnections.net/communities/service/atom/community/remoteApplications?communityUuid=27372e34-55aa-408e-86bb-b10b622f26b4&remoteAppId=Wf218e3d68366_41c0_b417_1cd54a654a2d]]></href><rel>self</rel><type></type><title></title></links><published>1600201032180</published><updated>1607518267630</updated><author><email>jjones2@cxn.pnp-hcl.com</email><name>Joe Jones2</name><userId>79ee1072-70dd-103a-93bf-8d3917e85f22</userId><userState>active</userState><role></role><external>false</external><guid></guid></author></remoteApplications><remoteApplications><id>urn:lsid:ibm.com:communities:remoteapplication-W8d8829f39dda_45a4_abc1_eff59957976e</id><category><label></label><scheme>http://www.ibm.com/xmlns/prod/sn/type</scheme><term>Forum</term></category><title><content>Forums</content><type>text</type><src></src></title><content><content>Forum</content><type>text</type><src></src></content><links><href>https://preview.hclconnections.net/forums/atom/service?communityUuid=27372e34-55aa-408e-86bb-b10b622f26b4</href><rel>http://www.ibm.com/xmlns/prod/sn/remote-application/publish</rel><type>application/atomsvc+xml</type><title></title></links><links><href>https://preview.hclconnections.net/forums/atom/topics?communityUuid=27372e34-55aa-408e-86bb-b10b622f26b4</href><rel>http://www.ibm.com/xmlns/prod/sn/remote-application/feed</rel><type>application/atom+xml</type><title></title></links><links><href><![CDATA[https://preview.hclconnections.net/communities/service/atom/community/remoteApplications?communityUuid=27372e34-55aa-408e-86bb-b10b622f26b4&remoteAppId=W8d8829f39dda_45a4_abc1_eff59957976e]]></href><rel>self</rel><type></type><title></title></links><published>1600201032180</published><updated>1607518267630</updated><author><email>jjones2@cxn.pnp-hcl.com</email><name>Joe Jones2</name><userId>79ee1072-70dd-103a-93bf-8d3917e85f22</userId><userState>active</userState><role></role><external>false</external><guid></guid></author></remoteApplications><remoteApplications><id>urn:lsid:ibm.com:communities:remoteapplication-W60320a409e2f_404b_9da3_47e2b7871412</id><category><label></label><scheme>http://www.ibm.com/xmlns/prod/sn/type</scheme><term>Files</term></category><title><content>Files</content><type>text</type><src></src></title><content><content>Files</content><type>text</type><src></src></content><links><href>https://preview.hclconnections.net/files/basic/api/community/27372e34-55aa-408e-86bb-b10b622f26b4/introspection</href><rel>http://www.ibm.com/xmlns/prod/sn/remote-application/publish</rel><type>application/atomsvc+xml</type><title></title></links><links><href>https://preview.hclconnections.net/files/basic/api/communitycollection/27372e34-55aa-408e-86bb-b10b622f26b4/feed</href><rel>http://www.ibm.com/xmlns/prod/sn/remote-application/feed</rel><type>application/atom+xml</type><title></title></links><links><href><![CDATA[https://preview.hclconnections.net/communities/service/atom/community/remoteApplications?communityUuid=27372e34-55aa-408e-86bb-b10b622f26b4&remoteAppId=W60320a409e2f_404b_9da3_47e2b7871412]]></href><rel>self</rel><type></type><title></title></links><published>1600201032180</published><updated>1607518267630</updated><author><email>jjones2@cxn.pnp-hcl.com</email><name>Joe Jones2</name><userId>79ee1072-70dd-103a-93bf-8d3917e85f22</userId><userState>active</userState><role></role><external>false</external><guid></guid></author></remoteApplications><remoteApplications><id>urn:lsid:ibm.com:communities:remoteapplication-W84c059ee4c51_4095_a4d7_3ba2d9d1fc35</id><category><label></label><scheme>http://www.ibm.com/xmlns/prod/sn/type</scheme><term>Bookmarks</term></category><title><content>Bookmarks</content><type>text</type><src></src></title><content><content>Bookmarks</content><type>text</type><src></src></content><links><href>https://preview.hclconnections.net/communities/service/atom/community/bookmarks/service?communityUuid=27372e34-55aa-408e-86bb-b10b622f26b4</href><rel>http://www.ibm.com/xmlns/prod/sn/remote-application/publish</rel><type>application/atomsvc+xml</type><title></title></links><links><href><![CDATA[https://preview.hclconnections.net/communities/service/atom/community/bookmarks?communityUuid=27372e34-55aa-408e-86bb-b10b622f26b4&ps=5]]></href><rel>http://www.ibm.com/xmlns/prod/sn/remote-application/feed</rel><type>application/atom+xml</type><title></title></links><links><href><![CDATA[https://preview.hclconnections.net/communities/service/atom/community/remoteApplications?communityUuid=27372e34-55aa-408e-86bb-b10b622f26b4&remoteAppId=W84c059ee4c51_4095_a4d7_3ba2d9d1fc35]]></href><rel>self</rel><type></type><title></title></links><published>1600201032180</published><updated>1607518267630</updated><author><email>jjones2@cxn.pnp-hcl.com</email><name>Joe Jones2</name><userId>79ee1072-70dd-103a-93bf-8d3917e85f22</userId><userState>active</userState><role></role><external>false</external><guid></guid></author></remoteApplications><remoteApplications><id>urn:lsid:ibm.com:communities:remoteapplication-W41a17f2ac497_4241_8f59_ef8154366067</id><category><label></label><scheme>http://www.ibm.com/xmlns/prod/sn/type</scheme><term>Blog</term></category><title><content>Blog</content><type>text</type><src></src></title><content><content>Blog</content><type>text</type><src></src></content><links><href><![CDATA[https://preview.hclconnections.net/blogs/api/blogs?commUuid=27372e34-55aa-408e-86bb-b10b622f26b4&blogType=communityblog]]></href><rel>http://www.ibm.com/xmlns/prod/sn/remote-application/publish</rel><type>application/atomsvc+xml</type><title></title></links><links><href><![CDATA[https://preview.hclconnections.net/blogs/atom/blogs?commUuid=27372e34-55aa-408e-86bb-b10b622f26b4&blogType=communityblog]]></href><rel>http://www.ibm.com/xmlns/prod/sn/remote-application/feed</rel><type>application/atom+xml</type><title></title></links><links><href><![CDATA[https://preview.hclconnections.net/communities/service/atom/community/remoteApplications?communityUuid=27372e34-55aa-408e-86bb-b10b622f26b4&remoteAppId=W41a17f2ac497_4241_8f59_ef8154366067]]></href><rel>self</rel><type></type><title></title></links><published>1600201032180</published><updated>1607518267630</updated><author><email>jjones2@cxn.pnp-hcl.com</email><name>Joe Jones2</name><userId>79ee1072-70dd-103a-93bf-8d3917e85f22</userId><userState>active</userState><role></role><external>false</external><guid></guid></author></remoteApplications><remoteApplications><id>urn:lsid:ibm.com:communities:remoteapplication-W44c38ce23f27_4eef_9814_05a2da1ecbaf</id><category><label></label><scheme>http://www.ibm.com/xmlns/prod/sn/type</scheme><term>Activities</term></category><title><content>Activities</content><type>text</type><src></src></title><content><content>Activities</content><type>text</type><src></src></content><links><href>https://preview.hclconnections.net/activities/service/atom2/service?commUuid=27372e34-55aa-408e-86bb-b10b622f26b4</href><rel>http://www.ibm.com/xmlns/prod/sn/remote-application/publish</rel><type>application/atomsvc+xml</type><title></title></links><links><href><![CDATA[https://preview.hclconnections.net/activities/service/atom2/activities?commUuid=27372e34-55aa-408e-86bb-b10b622f26b4&public=yes&authenticate=no]]></href><rel>http://www.ibm.com/xmlns/prod/sn/remote-application/feed</rel><type>application/atom+xml</type><title></title></links><links><href><![CDATA[https://preview.hclconnections.net/communities/service/atom/community/remoteApplications?communityUuid=27372e34-55aa-408e-86bb-b10b622f26b4&remoteAppId=W44c38ce23f27_4eef_9814_05a2da1ecbaf]]></href><rel>self</rel><type></type><title></title></links><published>1600201032180</published><updated>1607518267630</updated><author><email>jjones2@cxn.pnp-hcl.com</email><name>Joe Jones2</name><userId>79ee1072-70dd-103a-93bf-8d3917e85f22</userId><userState>active</userState><role></role><external>false</external><guid></guid></author></remoteApplications><isSubcommunity>false</isSubcommunity><isDeleted>false</isDeleted><icVersion>60</icVersion></community>