<?xml version="1.0" encoding="UTF-8"?><forum><author><email>jjones5@cxn.pnp-hcl.com</email><name>Joe Jones5</name><userId>79eed200-70dd-103a-93c2-8d3917e85f22</userId><userState>active</userState><role></role><external>false</external><guid></guid></author><contributor><email>jjones123@cxn.pnp-hcl.com</email><name>Joe Jones123</name><userId>7a280566-70dd-103a-9438-8d3917e85f22</userId><userState>active</userState><role></role><external>false</external><guid></guid></contributor><category><label></label><scheme>http://www.ibm.com/xmlns/prod/sn/type</scheme><term>forum-forum</term></category><content><content></content><type>text</type><src></src></content><id>d5d26a55-d971-48ec-8692-5295eeda2a37</id><uuid>d5d26a55-d971-48ec-8692-5295eeda2a37</uuid><parentUuid xmlns:xsi="http://www.w3.org/2001/XMLSchema-instance" xsi:nil="true"></parentUuid><links><href>https://preview.hclconnections.net/forums/atom/forum?forumUuid=d5d26a55-d971-48ec-8692-5295eeda2a37</href><rel>self</rel><type>application/atom+xml</type><title></title></links><links><href>https://preview.hclconnections.net/forums/atom/forum?forumUuid=d5d26a55-d971-48ec-8692-5295eeda2a37</href><rel>edit</rel><type>application/atom+xml</type><title></title></links><links><href>https://preview.hclconnections.net/forums/html/forum?id=d5d26a55-d971-48ec-8692-5295eeda2a37</href><rel>alternate</rel><type>text/html</type><title></title></links><links><href>https://preview.hclconnections.net/forums/atom/topics?forumUuid=d5d26a55-d971-48ec-8692-5295eeda2a37</href><rel>replies</rel><type>application/atom+xml</type><title></title></links><links><href>https://preview.hclconnections.net/forums/atom/acl?forumUuid=d5d26a55-d971-48ec-8692-5295eeda2a37</href><rel>http://www.ibm.com/xmlns/prod/sn/member-list</rel><type>application/atom+xml</type><title></title></links><links><href>https://preview.hclconnections.net/forums/atom/service?forumUuid=d5d26a55-d971-48ec-8692-5295eeda2a37</href><rel>service</rel><type>application/atomsvc+xml</type><title>Atom Publishing Protocol</title></links><links><href>http://preview.hclconnections.net/communities/service/atom/community/instance?communityUuid=36c84c6d-d7f6-4b79-b64e-7c8170bb63f5</href><rel>http://www.ibm.com/xmlns/prod/sn/container</rel><type>application/atom+xml</type><title></title></links><published>1599477760249</published><title><content>Template</content><type>text</type><src></src></title><updated>1600051488712</updated><topics><author><email>jjones123@cxn.pnp-hcl.com</email><name>Joe Jones123</name><userId>7a280566-70dd-103a-9438-8d3917e85f22</userId><userState>active</userState><role></role><external>false</external><guid></guid></author><category><label></label><scheme>http://www.ibm.com/xmlns/prod/sn/type</scheme><term>forum-topic</term></category><content><content><![CDATA[
    <p dir="ltr">
      Make sure you are ready to show of your baking skills :-)<br />
      <br />
       
    </p>]]></content><type>html</type><src></src></content><id>urn:lsid:ibm.com:forum:1e146898-7845-49cd-ae35-a80f657af30a</id><uuid>1e146898-7845-49cd-ae35-a80f657af30a</uuid><parentUuid>d5d26a55-d971-48ec-8692-5295eeda2a37</parentUuid><links><href>https://preview.hclconnections.net/forums/atom/recommendation/entries?postUuid=1e146898-7845-49cd-ae35-a80f657af30a</href><rel>recommendations</rel><type>application/atom+xml</type><title></title></links><links><href>https://preview.hclconnections.net/forums/atom/topic?topicUuid=1e146898-7845-49cd-ae35-a80f657af30a</href><rel>self</rel><type>application/atom+xml</type><title></title></links><links><href>https://preview.hclconnections.net/forums/atom/topic?topicUuid=1e146898-7845-49cd-ae35-a80f657af30a</href><rel>edit</rel><type>application/atom+xml</type><title></title></links><links><href>https://preview.hclconnections.net/forums/html/topic?id=1e146898-7845-49cd-ae35-a80f657af30a</href><rel>alternate</rel><type>text/html</type><title></title></links><links><href>https://preview.hclconnections.net/forums/atom/replies?topicUuid=1e146898-7845-49cd-ae35-a80f657af30a</href><rel>replies</rel><type>application/atom+xml</type><title></title></links><links><href>http://preview.hclconnections.net/communities/service/atom/community/instance?communityUuid=36c84c6d-d7f6-4b79-b64e-7c8170bb63f5</href><rel>http://www.ibm.com/xmlns/prod/sn/container</rel><type>application/atom+xml</type><title></title></links><published>1600051488712</published><title><content>Bake-off on Jan 8th</content><type>text</type><src></src></title><updated>1600051488712</updated><containerUuid>d5d26a55-d971-48ec-8692-5295eeda2a37</containerUuid><locked xmlns:xsi="http://www.w3.org/2001/XMLSchema-instance" xsi:nil="true"></locked><pinned xmlns:xsi="http://www.w3.org/2001/XMLSchema-instance" xsi:nil="true"></pinned><question xmlns:xsi="http://www.w3.org/2001/XMLSchema-instance" xsi:nil="true"></question><NotRecommendedByCurrentUser><label></label><scheme>http://www.ibm.com/xmlns/prod/sn/flags</scheme><term>NotRecommendedByCurrentUser</term></NotRecommendedByCurrentUser><answered xmlns:xsi="http://www.w3.org/2001/XMLSchema-instance" xsi:nil="true"></answered></topics><communityUuid>36c84c6d-d7f6-4b79-b64e-7c8170bb63f5</communityUuid><icVersion>60</icVersion><state>active</state></forum>