<?xml version="1.0" encoding="UTF-8"?><blog><id>urn:lsid:ibm.com:blogs:blog-2e073295-ef8e-421d-9e0b-3c75371a2be6</id><uuid>2e073295-ef8e-421d-9e0b-3c75371a2be6</uuid><links><href>https://preview.hclconnections.net/blogs/W4040806d7780_471a_a0c4_e05a96831975</href><rel>alternate</rel><type>text/html</type><title></title></links><links><href>https://preview.hclconnections.net:443/blogs/471a_a0c4_e05a96831975/api/blogs/2e073295-ef8e-421d-9e0b-3c75371a2be6</href><rel>edit</rel><type>application/atom+xml</type><title></title></links><links><href>http://preview.hclconnections.net/communities/service/atom/community/instance?communityUuid=868aeec2-525d-41a3-9c58-5f49b841c3c7</href><rel>http://www.ibm.com/xmlns/prod/sn/container</rel><type>application/atom+xml</type><title></title></links><allowCoedit>no</allowCoedit><title><content>Deb Business Service</content><type>text</type><src></src></title><summary><content>It is a long established fact that a reader will be distracted by the readable content of a page when looking at its layout. The point of using Lorem Ipsum is that it has a more-or-less normal distribution of letters, as opposed to using 'Content here, content here', making it look like readable English.</content><type>text</type><src></src></summary><updated>1599473792410</updated><edited>1599473792410</edited><published>1599473792410</published><timezone>UTC</timezone><locale>en_GB</locale><handle>W4040806d7780_471a_a0c4_e05a96831975</handle><ranks><count>-1</count><scheme>http://www.ibm.com/xmlns/prod/sn/votes-available</scheme></ranks><ranks><count>0</count><scheme>http://www.ibm.com/xmlns/prod/sn/recommendations</scheme></ranks><author><email></email><name>wasadmin</name><userId>398d3009-2fda-4947-b7f0-a356e1cef5d4</userId><userState>active</userState><role></role><external>false</external><guid></guid></author><categories><label>public</label><scheme>http://www.ibm.com/xmlns/prod/sn/flags</scheme><term>public</term></categories><categories><label></label><scheme>http://www.ibm.com/xmlns/prod/sn/type</scheme><term>ideationblog</term></categories><categories><label>Users can contribute new ideas or comment on or vote for existing ideas in this Ideation Blog.</label><scheme>http://www.ibm.com/xmlns/prod/sn/flags</scheme><term>open</term></categories><control><commentsEnabled>yes</commentsEnabled><commentDays>0</commentDays><emailComments>disabled</emailComments><commentsModerated>no</commentsModerated><allowCoedit>no</allowCoedit><draft></draft><approved></approved><voteLimitEnabled>false</voteLimitEnabled><graduatedAllowComments>false</graduatedAllowComments><graduatedAllowVote>false</graduatedAllowVote></control><icVersion>60</icVersion><type>ideationblog</type><containerType>0</containerType><containerId>868aeec2-525d-41a3-9c58-5f49b841c3c7</containerId><communityUuid>868aeec2-525d-41a3-9c58-5f49b841c3c7</communityUuid><communityMemberRole>author</communityMemberRole></blog>