<?xml version="1.0" encoding="UTF-8"?><blogEntry><id>urn:lsid:ibm.com:blogs:entry-984de7cc-3500-4f73-b40b-b02c0d478e15</id><uuid>984de7cc-3500-4f73-b40b-b02c0d478e15</uuid><parentUuid>1452930b-0545-4302-953d-42a9d80b1441</parentUuid><containerUuid>1452930b-0545-4302-953d-42a9d80b1441</containerUuid><links><href>https://preview.hclconnections.net:443/blogs/b9c878e9-2736-4e1f-8a65-208a5a4c1f4f/api/entries/984de7cc-3500-4f73-b40b-b02c0d478e15</href><rel>edit</rel><type>application/atom+xml</type><title></title></links><links><href>https://preview.hclconnections.net/blogs/b9c878e9-2736-4e1f-8a65-208a5a4c1f4f/entry/How_to_stay_organized_at_work</href><rel>alternate</rel><type>text/html</type><title></title></links><links><href>https://preview.hclconnections.net:443/blogs/b9c878e9-2736-4e1f-8a65-208a5a4c1f4f/feed/entrycomments/How_to_stay_organized_at_work/atom</href><rel>replies</rel><type>application/atom+xml</type><title></title></links><collections><href>https://preview.hclconnections.net:443/blogs/b9c878e9-2736-4e1f-8a65-208a5a4c1f4f/api/recommend/entries/984de7cc-3500-4f73-b40b-b02c0d478e15</href><title>Likes</title><accept></accept><categories><label></label><scheme>http://www.ibm.com/xmlns/prod/sn/collection</scheme><term>recommend</term></categories><fixed>yes</fixed></collections><collections><href>https://preview.hclconnections.net:443/blogs/b9c878e9-2736-4e1f-8a65-208a5a4c1f4f/api/entrycomments/984de7cc-3500-4f73-b40b-b02c0d478e15</href><title>Comment Entries</title><accept>application/atom+xml;type=entry</accept><categories><label></label><scheme>http://www.ibm.com/xmlns/prod/sn/collection</scheme><term>comments</term></categories><fixed>yes</fixed></collections><title><content>How to stay organized at work</content><type>text</type><src></src></title><summary><content><![CDATA[<p dir="ltr">When it comes to <a href="http://www.entrepreneur.com/article/242359" rel="noreferrer noopener noreferrer noopener noreferrer noopener noreferrer noopener noreferrer noopener noreferrer noopener noreferrer" target="_blank">being organized at your...]]></content><type>html</type><src></src></summary><content><content><![CDATA[<p dir="ltr">When it comes to <a href="http://www.entrepreneur.com/article/242359" rel="noreferrer noopener noreferrer noopener noreferrer noopener noreferrer noopener noreferrer noopener noreferrer noopener noreferrer" target="_blank">being organized at your day job</a>, it sometimes seems impossible. Your emails are always overflowing and all you want to do is dream about that cocktail that you will be having later with your friends. I remember when <a href="https://www.bustle.com/articles/119040-17-things-you-need-for-your-first-day-at-a-new-job">I first started to get jobs</a> that were pertaining to my ultimate career goals. I felt like I was already the most organized person in the world coming straight out of college and I thought working would be the same. Not so much.</p>

<p dir="ltr">For school, you knew what assignments were coming up, and you had an idea of how many hours you needed to spend on an assignment. For work, especially freelance work, it&#39;s a little bit different. You have to accept surprises and sporadic bumps in the road. But if you feel completely passionate about what you are doing, then all of that will feel like baby humps that you can easily walk over. To help with the stresses of everyday work, it really makes sense to try to keep yourself organized with your workflow. I personally love to take Sundays to keep things organized for my week ahead. It sounds crazy, but planning is my brunch. But in addition to planning, there are plenty of ways to keep organized. Here are six ways you can keep yourself leveled and productive.</p>

<p dir="ltr"><a href="https://c7cl1connections1.internal.cnx-dev.net/blogs/b9c878e9-2736-4e1f-8a65-208a5a4c1f4f/resource/BLOGS_UPLOADED_IMAGES/work-fn.jpeg" target="_blank" rel="noopener noreferrer noopener noreferrer noopener noreferrer"><img alt="image" src="https://c7cl1connections1.internal.cnx-dev.net/blogs/b9c878e9-2736-4e1f-8a65-208a5a4c1f4f/resource/BLOGS_UPLOADED_IMAGES/work-fn.jpeg" style="display:block;margin:1em 1em 0pt 0pt;width:736px;height:400px" /></a></p>

<h3 dir="ltr">1.Try Not To Multitask</h3>

<p dir="ltr">This might sound counterproductive, but it&#39;s actually the correct way to work. If you are solely only focusing on one task at hand, you will actually complete it much faster than working on multiple projects. According to an <i>Entrepreneur</i> article, University of California information scientist <a href="https://www.ics.uci.edu/~gmark/CHI2005.pdf" rel="noreferrer noopener noreferrer noopener noreferrer noopener noreferrer noopener noreferrer noopener noreferrer noopener noreferrer" target="_blank">Gloria Mark</a> found that it takes an average of <a href="http://www.entrepreneur.com/article/242359" rel="noreferrer noopener noreferrer noopener noreferrer noopener noreferrer noopener noreferrer noopener noreferrer noopener noreferrer" target="_blank">26 minutes to recover from trivial interruptions</a>. That&#39;s kind of insane when you really think about it. Try to plan out your work day so you don&#39;t have to complete two assignments at once. You will feel less stressed out and more confident in the work you are trying to produce.</p>

<h3 dir="ltr">2. Have A Planner</h3>

<p dir="ltr">... or maybe five, but either way, you need to have <i>at least</i> one. Some people prefer Google Calendar, while others prefer the old-school pen and paper. I, for one, love having both. Google Calendar sends me notifications, and while physically writing my day out, helps me remember my task much better. Make sure you take a single day to go over your work plans for the coming week. It will help you remember what is due, and keep things organized, so you won&#39;t have any surprising appointments you completely forgot about.</p>

<h3 dir="ltr">3. Write A List Of Your Tasks For The Day</h3>

<p dir="ltr">If there is one thing that I will never get tired of, it is writing a list. It helps me focus my mind and schedules my day out so I know what exactly I need to focus on first. The work load in the office can seem daunting, but writing a list everyday before you go to bed is actually beneficial for you. It will help release any worries of uncompleted assignments you think you might forget and it will give you a jumpstart to your day in the morning.</p>

<p dir="ltr">Not only will it keep you more organized, but it will boost your brainpower, too. According to Dr. Cynthia Green who wrote a guest post on the blog The List Producer all about how <a href="http://www.listproducer.com/2011/04/20/list-making-will-save-your-brain/" rel="noreferrer noopener noreferrer noopener noreferrer noopener noreferrer noopener noreferrer noopener noreferrer noopener noreferrer" target="_blank">list-making can save your brain</a>, the simple act of creating a list uses part of your brain that you normally might not use. It will enhance it in ways that will benefit you and your workload. It&#39;s essentially a win-win.</p>

<h3 dir="ltr">4. Make Sure To Take Breaks</h3>

<p dir="ltr">For most Americans, we actually feel guilty taking breaks throughout our work shift. We sometimes feel if and when we do, we actually lose time during our day to complete the mountain-size load of work. But it&#39;s actually really important to take that 30-minute lunch break to keep sane and organized. In an <i>One Thing </i>article that references David Levitin, a neuroscientist and author of <i>The Organized Mind, </i>he states that <a href="http://www.the1thing.com/blog/applying-the-one-thing/how-to-get-organized-at-work/" rel="noreferrer noopener noreferrer noopener noreferrer noopener noreferrer noopener noreferrer noopener noreferrer noopener noreferrer" target="_blank">taking a break actually allows one to daydream</a>. Daydreaming frees your mind of any work impurities and transcends your mind to be more open and might actually give you a boost in production. Not bad, huh?</p>

<h3 dir="ltr">5. Turn The Notifications Off On Your Phone</h3>

<p dir="ltr">This might seem like a no-brainer, but notifications are pretty distracting, especially when you are at work. It automatically makes your mind have major FOMO, and now you can&#39;t refocus on the task at hand tow which then, you become unorganized. Oh, and you think just by ignoring them that they will go away? Nope. According to an article in <i>The Atlantic, </i>a <a href="http://psycnet.apa.org/?&amp;fa&#61;main.doiLanding&amp;doi&#61;10.1037/xhp0000100" rel="noreferrer noopener noreferrer noopener noreferrer noopener noreferrer noopener noreferrer noopener noreferrer noopener noreferrer" target="_blank">new study</a> from three researchers at Florida State University found that just by receiving a notification is just as distracting as responding to a <a href="http://www.theatlantic.com/technology/archive/2015/07/push-notifications-versus-phone-calls/398081/" rel="noreferrer noopener noreferrer noopener noreferrer noopener noreferrer noopener noreferrer noopener noreferrer noopener noreferrer" target="_blank">text message or a phone call</a>. The study was conducted for 150 students to complete a test where the first time they took it, they didn&#39;t get get notifications, but the second time, they did. Afterwards, they have concluded that just by receiving a push notification, it even affected the students&#39; performance while on an assignment. Basically: Just put the phone away.</p>

<h3 dir="ltr">6. Make Sure Your Desk Is Clean</h3>

<p dir="ltr">A clean desk is a happy desk. An organized desk will look pretty and you will know where everything is, but on a bigger note, it will keep you completely organized with your mind and your things. According to an article on <i>Forbes, </i>a <a href="http://www.forbes.com/sites/jennagoudreau/2011/01/31/is-office-clutter-costing-you-a-promotion-organize-hoard-enough-already-peter-walsh-own/" rel="noreferrer noopener noreferrer noopener noreferrer noopener noreferrer noopener noreferrer noopener noreferrer noopener noreferrer" target="_blank">report by OfficeMax found</a> that office clutter undermines productivity and motivation. “Your performance coincides with your workspace,” said Dede. “When it’s organized and precise you have the mindset and motivation to work.” If you are stressing out about your desk, you can&#39;t really focus on the work that is in front of you. That is why a lot of freelancers have their own office space or go to coffee shops, to get their mind centered and aware from the house mess they have might.</p>

<p dir="ltr">So when Monday rolls around, let these tips keep your head leveled and your work ethic strong. Sooner than you realized, you will be having your work completed and out the door for happy hour in no time!</p>]]></content><type>html</type><src></src></content><updated>1607557006000</updated><edited>1607557006000</edited><published>1607557006000</published><moderationStatus>approved</moderationStatus><ranks><count>0</count><scheme>http://www.ibm.com/xmlns/prod/sn/recommendations</scheme></ranks><ranks><count>0</count><scheme>http://www.ibm.com/xmlns/prod/sn/comment</scheme></ranks><ranks><count>0</count><scheme>http://www.ibm.com/xmlns/prod/sn/hit</scheme></ranks><author><userId>jjones1</userId><guid>jjones1</guid></author><control><commentsEnabled>yes</commentsEnabled><commentDays>0</commentDays><emailComments></emailComments><commentsModerated></commentsModerated><allowCoedit></allowCoedit><draft>no</draft><approved></approved></control><communityUuid>b9c878e9-2736-4e1f-8a65-208a5a4c1f4f</communityUuid><changedWhen>0</changedWhen></blogEntry>