<?xml version="1.0" encoding="UTF-8"?><blog><id>urn:lsid:ibm.com:blogs:blog-1452930b-0545-4302-953d-42a9d80b1441</id><uuid>1452930b-0545-4302-953d-42a9d80b1441</uuid><links><href>https://preview.hclconnections.net/blogs/b9c878e9-2736-4e1f-8a65-208a5a4c1f4f</href><rel>alternate</rel><type>text/html</type><title></title></links><links><href>https://preview.hclconnections.net:443/blogs/b9c878e9-2736-4e1f-8a65-208a5a4c1f4f/api/blogs/1452930b-0545-4302-953d-42a9d80b1441</href><rel>edit</rel><type>application/atom+xml</type><title></title></links><links><href>http://preview.hclconnections.net/communities/service/atom/community/instance?communityUuid=b9c878e9-2736-4e1f-8a65-208a5a4c1f4f</href><rel>http://www.ibm.com/xmlns/prod/sn/container</rel><type>application/atom+xml</type><title></title></links><allowCoedit>no</allowCoedit><title><content>Template</content><type>text</type><src></src></title><summary><content> </content><type>text</type><src></src></summary><updated>1607557006184</updated><edited>1607557006184</edited><published>1607557006184</published><timezone>UTC</timezone><locale>en_US</locale><handle>b9c878e9-2736-4e1f-8a65-208a5a4c1f4f</handle><ranks><count>0</count><scheme>http://www.ibm.com/xmlns/prod/sn/recommendations</scheme></ranks><author><email></email><name>wasadmin</name><userId>398d3009-2fda-4947-b7f0-a356e1cef5d4</userId><userState>active</userState><role></role><external>false</external><guid></guid></author><categories><label>private</label><scheme>http://www.ibm.com/xmlns/prod/sn/flags</scheme><term>private</term></categories><categories><label></label><scheme>http://www.ibm.com/xmlns/prod/sn/type</scheme><term>communityblog</term></categories><control><commentsEnabled>yes</commentsEnabled><commentDays>0</commentDays><emailComments>disabled</emailComments><commentsModerated>no</commentsModerated><allowCoedit>no</allowCoedit><draft></draft><approved></approved><voteLimitEnabled></voteLimitEnabled><graduatedAllowComments></graduatedAllowComments><graduatedAllowVote></graduatedAllowVote></control><attachments><content><content></content><type>image/jpeg</type><src>https://preview.hclconnections.net/blogs/b9c878e9-2736-4e1f-8a65-208a5a4c1f4f/resource/stockphotomillennialmultiracialteampeoplehavingfunridingonchairsinofficeroomexciteddiverse1075420673.jpg</src></content><created>0</created><id>stockphotomillennialmultiracialteampeoplehavingfunridingonchairsinofficeroomexciteddiverse1075420673.jpg</id><lastAccessed>0</lastAccessed><links><href>https://preview.hclconnections.net/blogs/b9c878e9-2736-4e1f-8a65-208a5a4c1f4f/resource/stockphotomillennialmultiracialteampeoplehavingfunridingonchairsinofficeroomexciteddiverse1075420673.jpg</href><rel>alternate</rel><type>image/jpeg</type><title></title></links><links><href>https://preview.hclconnections.net:443/blogs/b9c878e9-2736-4e1f-8a65-208a5a4c1f4f/api/media/stockphotomillennialmultiracialteampeoplehavingfunridingonchairsinofficeroomexciteddiverse1075420673.jpg</href><rel>edit</rel><type>application/atom+xml</type><title></title></links><links><href>https://preview.hclconnections.net:443/blogs/b9c878e9-2736-4e1f-8a65-208a5a4c1f4f/api/media/stockphotomillennialmultiracialteampeoplehavingfunridingonchairsinofficeroomexciteddiverse1075420673.jpg</href><rel>edit-media</rel><type>image/jpeg</type><title></title></links><links><href>https://preview.hclconnections.net:443/blogs/b9c878e9-2736-4e1f-8a65-208a5a4c1f4f/api/media/stockphotomillennialmultiracialteampeoplehavingfunridingonchairsinofficeroomexciteddiverse1075420673.jpg.media</href><rel>enclosure</rel><type>image/jpeg</type><title></title></links><modified>1607557007018</modified><published>0</published><summary><content>stockphotomillennialmultiracialteampeoplehavingfunridingonchairsinofficeroomexciteddiverse1075420673.jpg (image/jpeg)</content><type>text</type><src></src></summary><title><content>stockphotomillennialmultiracialteampeoplehavingfunridingonchairsinofficeroomexciteddiverse1075420673.jpg</content><type>text</type><src></src></title><updated>1607557007018</updated><uuid>stockphotomillennialmultiracialteampeoplehavingfunridingonchairsinofficeroomexciteddiverse1075420673.jpg</uuid><parentUuid xmlns:xsi="http://www.w3.org/2001/XMLSchema-instance" xsi:nil="true"></parentUuid><size>1335431</size></attachments><attachments><content><content></content><type>image/jpeg</type><src>https://preview.hclconnections.net/blogs/b9c878e9-2736-4e1f-8a65-208a5a4c1f4f/resource/pexelsphoto2422294.jpg</src></content><created>0</created><id>pexelsphoto2422294.jpg</id><lastAccessed>0</lastAccessed><links><href>https://preview.hclconnections.net/blogs/b9c878e9-2736-4e1f-8a65-208a5a4c1f4f/resource/pexelsphoto2422294.jpg</href><rel>alternate</rel><type>image/jpeg</type><title></title></links><links><href>https://preview.hclconnections.net:443/blogs/b9c878e9-2736-4e1f-8a65-208a5a4c1f4f/api/media/pexelsphoto2422294.jpg</href><rel>edit</rel><type>application/atom+xml</type><title></title></links><links><href>https://preview.hclconnections.net:443/blogs/b9c878e9-2736-4e1f-8a65-208a5a4c1f4f/api/media/pexelsphoto2422294.jpg</href><rel>edit-media</rel><type>image/jpeg</type><title></title></links><links><href>https://preview.hclconnections.net:443/blogs/b9c878e9-2736-4e1f-8a65-208a5a4c1f4f/api/media/pexelsphoto2422294.jpg.media</href><rel>enclosure</rel><type>image/jpeg</type><title></title></links><modified>1607557006838</modified><published>0</published><summary><content>pexelsphoto2422294.jpg (image/jpeg)</content><type>text</type><src></src></summary><title><content>pexelsphoto2422294.jpg</content><type>text</type><src></src></title><updated>1607557006838</updated><uuid>pexelsphoto2422294.jpg</uuid><parentUuid xmlns:xsi="http://www.w3.org/2001/XMLSchema-instance" xsi:nil="true"></parentUuid><size>299480</size></attachments><attachments><content><content></content><type>image/jpeg</type><src>https://preview.hclconnections.net/blogs/b9c878e9-2736-4e1f-8a65-208a5a4c1f4f/resource/pexelsphoto24222942.jpg</src></content><created>0</created><id>pexelsphoto24222942.jpg</id><lastAccessed>0</lastAccessed><links><href>https://preview.hclconnections.net/blogs/b9c878e9-2736-4e1f-8a65-208a5a4c1f4f/resource/pexelsphoto24222942.jpg</href><rel>alternate</rel><type>image/jpeg</type><title></title></links><links><href>https://preview.hclconnections.net:443/blogs/b9c878e9-2736-4e1f-8a65-208a5a4c1f4f/api/media/pexelsphoto24222942.jpg</href><rel>edit</rel><type>application/atom+xml</type><title></title></links><links><href>https://preview.hclconnections.net:443/blogs/b9c878e9-2736-4e1f-8a65-208a5a4c1f4f/api/media/pexelsphoto24222942.jpg</href><rel>edit-media</rel><type>image/jpeg</type><title></title></links><links><href>https://preview.hclconnections.net:443/blogs/b9c878e9-2736-4e1f-8a65-208a5a4c1f4f/api/media/pexelsphoto24222942.jpg.media</href><rel>enclosure</rel><type>image/jpeg</type><title></title></links><modified>1607557006745</modified><published>0</published><summary><content>pexelsphoto24222942.jpg (image/jpeg)</content><type>text</type><src></src></summary><title><content>pexelsphoto24222942.jpg</content><type>text</type><src></src></title><updated>1607557006745</updated><uuid>pexelsphoto24222942.jpg</uuid><parentUuid xmlns:xsi="http://www.w3.org/2001/XMLSchema-instance" xsi:nil="true"></parentUuid><size>416190</size></attachments><icVersion>60</icVersion><type>communityblog</type><containerType>0</containerType><containerId>b9c878e9-2736-4e1f-8a65-208a5a4c1f4f</containerId><communityUuid>b9c878e9-2736-4e1f-8a65-208a5a4c1f4f</communityUuid><communityMemberRole>author</communityMemberRole></blog>