<?xml version="1.0" encoding="UTF-8"?><activityNode><nodeUuid>036c43ca-135d-4229-8d72-b42baf36a5ea</nodeUuid><id>urn:lsid:ibm.com:oa:036c43ca-135d-4229-8d72-b42baf36a5ea</id><uuid>036c43ca-135d-4229-8d72-b42baf36a5ea</uuid><parentUuid>1653f0b2-04d3-4714-a8d3-8608795dd5d2</parentUuid><containerUuid>1653f0b2-04d3-4714-a8d3-8608795dd5d2</containerUuid><title><content>Meeting details</content><type>text</type><src></src></title><content><content>
          	Collec all details
      	</content><type>html</type><src></src></content><updated>1600051697000</updated><published>1600051697000</published><author><userId>jjones1</userId><guid>jjones1</guid></author><contributor><email>jjones123@cxn.pnp-hcl.com</email><name>Joe Jones123</name><userId>7a280566-70dd-103a-9438-8d3917e85f22</userId><userState>active</userState><role>author</role><external>false</external><guid>b9c8be84-9265-4d60-9a59-37b36e064b50</guid></contributor><categories><label>To Do</label><scheme>http://www.ibm.com/xmlns/prod/sn/type</scheme><term>todo</term></categories><categories><label>External</label><scheme>http://www.ibm.com/xmlns/prod/sn/flags</scheme><term>external</term></categories><duedate>1600157883000</duedate><links><href>https://preview.hclconnections.net/activities/service/atom2/threaded?nodeUuid=036c43ca-135d-4229-8d72-b42baf36a5ea</href><rel>replies</rel><type>application/atom+xml</type><title></title></links><links><href>https://preview.hclconnections.net/activities/service/atom2/nodechildren?nodeUuid=036c43ca-135d-4229-8d72-b42baf36a5ea</href><rel>children</rel><type>application/atom+xml</type><title></title></links><links><href>https://preview.hclconnections.net/activities/service/atom2/activitynode?activityNodeUuid=036c43ca-135d-4229-8d72-b42baf36a5ea</href><rel>edit</rel><type>application/atom+xml</type><title></title></links><links><href>https://preview.hclconnections.net/activities/service/atom2/activitynode?activityNodeUuid=036c43ca-135d-4229-8d72-b42baf36a5ea</href><rel>self</rel><type>application/atom+xml</type><title></title></links><links><href>https://preview.hclconnections.net/activities/service/html/activityentry?uuid=036c43ca-135d-4229-8d72-b42baf36a5ea</href><rel>alternate</rel><type>application/xhtml+xml</type><title></title></links><links><href>https://preview.hclconnections.net/activities/service/html/activityentry?uuid=036c43ca-135d-4229-8d72-b42baf36a5ea</href><rel>alternate</rel><type>text/html</type><title></title></links><position>1000</position><depth>1</depth><permissions>none, create_activity, view_activity, edit_activity, delete_activity, activity_owner, edit_activity_tags, design_activity, edit_statements, delete_statements, add_members, delete_members, create_entries, edit_personal_entries, edit_all_entries, delete_personal_entries, delete_all_entries, edit_personal_entry_tags, edit_all_entry_tags, view_members</permissions><inReplyTo><ref>urn:lsid:ibm.com:oa:1653f0b2-04d3-4714-a8d3-8608795dd5d2</ref><type>application/atom+xml</type><href>https://preview.hclconnections.net/activities/service/atom2/activitynode?activityNodeUuid=1653f0b2-04d3-4714-a8d3-8608795dd5d2</href><source>urn:lsid:ibm.com:oa:1653f0b2-04d3-4714-a8d3-8608795dd5d2</source></inReplyTo><communityUuid></communityUuid><activity>1653f0b2-04d3-4714-a8d3-8608795dd5d2</activity><icVersion>0</icVersion></activityNode>