<?xml version="1.0" encoding="UTF-8"?><activityNode><nodeUuid>1653f0b2-04d3-4714-a8d3-8608795dd5d2</nodeUuid><id>urn:lsid:ibm.com:oa:1653f0b2-04d3-4714-a8d3-8608795dd5d2</id><uuid>1653f0b2-04d3-4714-a8d3-8608795dd5d2</uuid><parentUuid xmlns:xsi="http://www.w3.org/2001/XMLSchema-instance" xsi:nil="true"></parentUuid><containerUuid xmlns:xsi="http://www.w3.org/2001/XMLSchema-instance" xsi:nil="true"></containerUuid><title><content>Activity</content><type>text</type><src></src></title><content><content>
          	This is test activity
      	</content><type>html</type><src></src></content><updated>1600051753000</updated><published>1600051623000</published><author><userId>jjones1</userId><guid>jjones1</guid></author><contributor><email>jjones123@cxn.pnp-hcl.com</email><name>Joe Jones123</name><userId>7a280566-70dd-103a-9438-8d3917e85f22</userId><userState>active</userState><role>author</role><external>false</external><guid>b9c8be84-9265-4d60-9a59-37b36e064b50</guid></contributor><categories><label>Community Activity</label><scheme>http://www.ibm.com/xmlns/prod/sn/type</scheme><term>community_activity</term></categories><categories><label>Normal</label><scheme>http://www.ibm.com/xmlns/prod/sn/priority</scheme><term>1</term></categories><categories><label>Internal</label><scheme>http://www.ibm.com/xmlns/prod/sn/flags</scheme><term>internal</term></categories><duedate>-1</duedate><links><href>https://preview.hclconnections.net/activities/service/atom2/acl?activityUuid=1653f0b2-04d3-4714-a8d3-8608795dd5d2</href><rel>http://www.ibm.com/xmlns/prod/sn/member-list</rel><type>application/atom+xml</type><title></title></links><links><href>https://preview.hclconnections.net/activities/service/atom2/activity/history?activityUuid=1653f0b2-04d3-4714-a8d3-8608795dd5d2</href><rel>http://www.ibm.com/xmlns/prod/sn/history</rel><type>application/atom+xml</type><title></title></links><links><href>https://preview.hclconnections.net/activities/service/atom2/entrytemplates?activityUuid=1653f0b2-04d3-4714-a8d3-8608795dd5d2</href><rel>http://www.ibm.com/xmlns/prod/sn/templates</rel><type>application/atom+xml</type><title></title></links><links><href>https://preview.hclconnections.net/activities/service/atom2/threaded?nodeUuid=1653f0b2-04d3-4714-a8d3-8608795dd5d2</href><rel>replies</rel><type>application/atom+xml</type><title></title></links><links><href>https://preview.hclconnections.net/activities/service/atom2/nodechildren?nodeUuid=1653f0b2-04d3-4714-a8d3-8608795dd5d2</href><rel>children</rel><type>application/atom+xml</type><title></title></links><links><href>https://preview.hclconnections.net/activities/service/atom2/activitynode?activityNodeUuid=1653f0b2-04d3-4714-a8d3-8608795dd5d2</href><rel>edit</rel><type>application/atom+xml</type><title></title></links><links><href>https://preview.hclconnections.net/activities/service/atom2/activity?activityUuid=1653f0b2-04d3-4714-a8d3-8608795dd5d2</href><rel>self</rel><type>application/atom+xml</type><title></title></links><links><href>https://preview.hclconnections.net/activities/service/html/activity/recent?activityUuid=1653f0b2-04d3-4714-a8d3-8608795dd5d2</href><rel>alternate</rel><type>application/xhtml+xml</type><title></title></links><links><href>https://preview.hclconnections.net/activities/service/html/activity/recent?activityUuid=1653f0b2-04d3-4714-a8d3-8608795dd5d2</href><rel>alternate</rel><type>text/html</type><title></title></links><links><href>https://preview.hclconnections.net/activities/service/html/activityview?activityUuid=1653f0b2-04d3-4714-a8d3-8608795dd5d2</href><rel>activityview</rel><type>application/xhtml+xml</type><title></title></links><links><href>https://preview.hclconnections.net/activities/service/html/activityview?activityUuid=1653f0b2-04d3-4714-a8d3-8608795dd5d2</href><rel>activityview</rel><type>text/html</type><title></title></links><links><href>https://preview.hclconnections.net/communities/service/atom/community/instance?communityUuid=36c84c6d-d7f6-4b79-b64e-7c8170bb63f5</href><rel>http://www.ibm.com/xmlns/prod/sn/container</rel><type>application/atom+xml</type><title></title></links><collection><title><content>Activity</content><type>text</type><src></src></title></collection><position>-2147483648</position><depth>0</depth><permissions>none, create_activity, view_activity, edit_activity, delete_activity, activity_owner, edit_activity_tags, design_activity, edit_statements, delete_statements, add_members, delete_members, create_entries, edit_personal_entries, edit_all_entries, delete_personal_entries, delete_all_entries, edit_personal_entry_tags, edit_all_entry_tags, view_members</permissions><communityUuid>36c84c6d-d7f6-4b79-b64e-7c8170bb63f5</communityUuid><activity>1653f0b2-04d3-4714-a8d3-8608795dd5d2</activity><acl><accessLevel>readonly</accessLevel><showAddButton>true</showAddButton><communityMembers><name>Work and Fun (community owners)</name><userId>c1bf2af9-e00b-4f61-a930-bae242f17eca+owner</userId><userState>active</userState><role>owner</role><external>false</external><defaultMemberRole>author</defaultMemberRole><communityUuid>36c84c6d-d7f6-4b79-b64e-7c8170bb63f5</communityUuid></communityMembers><communityMembers><name>Work and Fun (community members)</name><userId>c1bf2af9-e00b-4f61-a930-bae242f17eca+member</userId><userState>active</userState><role>member</role><external>false</external><defaultMemberRole>author</defaultMemberRole><communityUuid>36c84c6d-d7f6-4b79-b64e-7c8170bb63f5</communityUuid></communityMembers></acl><icVersion>60</icVersion></activityNode>