<?xml version="1.0" encoding="UTF-8"?><wikiPage><author><email>jjones1@cxn.pnp-hcl.com</email><name>Joe Jones1</name><userId>79ebc498-70dd-103a-93be-8d3917e85f22</userId><userState>active</userState><role></role><external>false</external><guid></guid></author><category><label>page</label><scheme>tag:ibm.com,2006:td/type</scheme><term>page</term></category><attachments><author><email>jjones1@cxn.pnp-hcl.com</email><name>Joe Jones1</name><userId>79ebc498-70dd-103a-93be-8d3917e85f22</userId><userState>active</userState><role></role><external>false</external><guid></guid></author><category><label>attachment</label><scheme>tag:ibm.com,2006:td/type</scheme><term>attachment</term></category><content><content></content><type>image/png</type><src>https://preview.hclconnections.net/wikis/basic/api/wiki/8535882c-dfe8-4a39-b73f-7aba81182e56/page/c27683e6-3a35-4685-8103-93359971dd74/attachment/7f22a5f6-5708-4385-b0e8-3e4478cd0770/media</src></content><created>1599474897096</created><documentUuid>c27683e6-3a35-4685-8103-93359971dd74</documentUuid><id>urn:lsid:ibm.com:td:7f22a5f6-5708-4385-b0e8-3e4478cd0770</id><label>img2.png</label><lastAccessed>-1</lastAccessed><libraryId>8535882c-dfe8-4a39-b73f-7aba81182e56</libraryId><links><href>https://preview.hclconnections.net/wikis/basic/api/wiki/8535882c-dfe8-4a39-b73f-7aba81182e56/page/c27683e6-3a35-4685-8103-93359971dd74/attachment/7f22a5f6-5708-4385-b0e8-3e4478cd0770/entry</href><rel>self</rel><type></type><title></title></links><links><href>https://preview.hclconnections.net/wikis/basic/anonymous/api/wiki/8535882c-dfe8-4a39-b73f-7aba81182e56/page/c27683e6-3a35-4685-8103-93359971dd74/attachment/7f22a5f6-5708-4385-b0e8-3e4478cd0770/media/img2.png</href><rel>alternate</rel><type></type><title></title></links><links><href>https://preview.hclconnections.net/wikis/basic/api/wiki/8535882c-dfe8-4a39-b73f-7aba81182e56/page/c27683e6-3a35-4685-8103-93359971dd74/attachment/7f22a5f6-5708-4385-b0e8-3e4478cd0770/entry</href><rel>edit</rel><type></type><title></title></links><links><href>https://preview.hclconnections.net/wikis/basic/api/wiki/8535882c-dfe8-4a39-b73f-7aba81182e56/page/c27683e6-3a35-4685-8103-93359971dd74/attachment/7f22a5f6-5708-4385-b0e8-3e4478cd0770/media</href><rel>edit-media</rel><type></type><title></title></links><links><href>https://preview.hclconnections.net/wikis/basic/anonymous/api/wiki/8535882c-dfe8-4a39-b73f-7aba81182e56/page/c27683e6-3a35-4685-8103-93359971dd74/attachment/7f22a5f6-5708-4385-b0e8-3e4478cd0770/media/img2.png</href><rel>enclosure</rel><type>image/png</type><title>img2.png</title></links><modified>1607510251536</modified><modifier><email>jjones1@cxn.pnp-hcl.com</email><name>Joe Jones1</name><userId>79ebc498-70dd-103a-93be-8d3917e85f22</userId><userState>active</userState><role></role><external>false</external><guid></guid></modifier><published>1599474897096</published><summary><content></content><type>text</type><src></src></summary><title><content>img2.png</content><type>text</type><src></src></title><updated>1607510251536</updated><uuid>7f22a5f6-5708-4385-b0e8-3e4478cd0770</uuid><parentUuid>c27683e6-3a35-4685-8103-93359971dd74</parentUuid></attachments><content><content><![CDATA[<?xml version="1.0" encoding="UTF-8"?><!DOCTYPE html [<!ENTITY amp "&#38;#38;"><!ENTITY lt "&#60;#60;"><!ENTITY gt "&#62;#62;"><!ENTITY nbsp "&#160;"><!ENTITY apos "&#39;"><!ENTITY quot "&#34;">]><div><p dir="ltr" style="float:left"><img  lconnwikiparamattachmentname="img2.png" lconnwikimacro="image" lconnresourcetype="attachment" src="/library/8535882c-dfe8-4a39-b73f-7aba81182e56/document/c27683e6-3a35-4685-8103-93359971dd74/attachment/7f22a5f6-5708-4385-b0e8-3e4478cd0770/media/img2.png" lconnwikiparamwikipage="Welcome to Deb Business Service" lconnattachedresourcetype="page"/><br />
<span style="font-family:&apos;arial&apos; , &apos;helvetica&apos; , sans-serif;margin:10px 0 5px !important;width:100%;float:left"><strong style="font-size:12px"><span style="color:#000000"><span style="font-size:18px">Product Discussions</span></span></strong></span></p>

<p dir="ltr" style="margin-bottom:8px;margin-top:13px"><span style="font-family:&apos;arial&apos; , &apos;helvetica&apos; , sans-serif"><span style="color:#696969">Accounting firms don’t sell physical products like retailers and merchandisers. Instead, they sell their services to clients and traditionally charge by the hour. This is true with almost all professional firms. Lawyers typically have set hourly rates and charge clients based on how long it takes to services.</span></span></p></div>]]></content><type>text/html</type></content><created>1599473775880</created><id>urn:lsid:ibm.com:td:c27683e6-3a35-4685-8103-93359971dd74</id><label>Welcome to Deb Business Service</label><links><href>https://preview.hclconnections.net/wikis/basic/api/wiki/W86979d6681db_484a_ba47_ad7fa9fe7c07/page/Welcome%20to%20Deb%20Business%20Service/entry</href><rel>self</rel><type></type><title></title></links><links><href>https://preview.hclconnections.net/wikis/home/wiki/W86979d6681db_484a_ba47_ad7fa9fe7c07/page/Welcome%20to%20Deb%20Business%20Service</href><rel>alternate</rel><type>text/html</type><title></title></links><links><href>https://preview.hclconnections.net/wikis/basic/api/wiki/W86979d6681db_484a_ba47_ad7fa9fe7c07/page/Welcome%20to%20Deb%20Business%20Service/entry</href><rel>edit</rel><type></type><title></title></links><links><href>https://preview.hclconnections.net/wikis/basic/api/wiki/8535882c-dfe8-4a39-b73f-7aba81182e56/page/c27683e6-3a35-4685-8103-93359971dd74/media</href><rel>edit-media</rel><type></type><title></title></links><links><href><![CDATA[https://preview.hclconnections.net/wikis/basic/anonymous/api/wiki/8535882c-dfe8-4a39-b73f-7aba81182e56/page/c27683e6-3a35-4685-8103-93359971dd74/media/Welcome%20to%20Deb%20Business%20Service?convertTo=html&errorPage=true&f=Welcome%20to%20Deb%20Business%20Service]]></href><rel>enclosure</rel><type>application/xml</type><title>Welcome to Deb Business Service</title></links><links><href>https://preview.hclconnections.net/wikis/basic/api/wiki/8535882c-dfe8-4a39-b73f-7aba81182e56/page/c27683e6-3a35-4685-8103-93359971dd74/entry</href><rel>related</rel><type></type><title></title></links><links><href>https://preview.hclconnections.net/wikis/basic/api/wiki/8535882c-dfe8-4a39-b73f-7aba81182e56/page/c27683e6-3a35-4685-8103-93359971dd74/feed</href><rel>replies</rel><type>application/atom+xml</type><title></title></links><modified>1607511062022</modified><modifier><email>jjones1@cxn.pnp-hcl.com</email><name>Joe Jones1</name><userId>79ebc498-70dd-103a-93be-8d3917e85f22</userId><userState>active</userState><role></role><external>false</external><guid></guid></modifier><propagation>false</propagation><published>1599473775880</published><ranks><count>0</count><scheme>http://www.ibm.com/xmlns/prod/sn/recommendations</scheme></ranks><ranks><count>0</count><scheme>http://www.ibm.com/xmlns/prod/sn/comment</scheme></ranks><ranks><count>776</count><scheme>http://www.ibm.com/xmlns/prod/sn/hit</scheme></ranks><ranks><count>776</count><scheme>http://www.ibm.com/xmlns/prod/sn/anonymous_hit</scheme></ranks><ranks><count>0</count><scheme>http://www.ibm.com/xmlns/prod/sn/share</scheme></ranks><ranks><count>0</count><scheme>http://www.ibm.com/xmlns/prod/sn/collections</scheme></ranks><ranks><count>1</count><scheme>http://www.ibm.com/xmlns/prod/sn/attachments</scheme></ranks><ranks><count>24</count><scheme>http://www.ibm.com/xmlns/prod/sn/versions</scheme></ranks><summary><content>Product Discussions Accounting firms don’t sell physical products like retailers and merchandisers. Instead, they sell their services to clients and traditionally charge by the hour. This is true with almost all professional firms. Lawyers typically have set hourly rates and charge clients based on how long it takes to services.</content><type>text</type><src></src></summary><title><content>Welcome to Deb Business Service</content><type>text</type><src></src></title><totalMediaSize>469427</totalMediaSize><updated>1607511062022</updated><uuid>c27683e6-3a35-4685-8103-93359971dd74</uuid><parentUuid xmlns:xsi="http://www.w3.org/2001/XMLSchema-instance" xsi:nil="true"></parentUuid><containerUuid>W86979d6681db_484a_ba47_ad7fa9fe7c07</containerUuid><versionLabel>24</versionLabel><versionUuid>2298bf5d-5bf7-4cfc-a718-e67042e856bf</versionUuid><visibility>public</visibility></wikiPage>