<?xml version="1.0" encoding="UTF-8"?><wikiPage><author><email>jjones2@cxn.pnp-hcl.com</email><name>Joe Jones2</name><userId>79ee1072-70dd-103a-93bf-8d3917e85f22</userId><userState>active</userState><role></role><external>false</external><guid></guid></author><category><label>page</label><scheme>tag:ibm.com,2006:td/type</scheme><term>page</term></category><attachments><author><email>jjones2@cxn.pnp-hcl.com</email><name>Joe Jones2</name><userId>79ee1072-70dd-103a-93bf-8d3917e85f22</userId><userState>active</userState><role></role><external>false</external><guid></guid></author><category><label>attachment</label><scheme>tag:ibm.com,2006:td/type</scheme><term>attachment</term></category><content><content></content><type>image/jpeg</type><src>https://preview.hclconnections.net/wikis/basic/api/wiki/865bccdd-dc69-476f-8fe5-ce0ed19da97b/page/72d23bc0-8b5f-4f54-8f5e-343aec9241f5/attachment/9704d7f4-92a1-4685-a1bb-64da0f64e07f/media</src></content><created>1607418064382</created><documentUuid>72d23bc0-8b5f-4f54-8f5e-343aec9241f5</documentUuid><id>urn:lsid:ibm.com:td:9704d7f4-92a1-4685-a1bb-64da0f64e07f</id><label>5438.jpg</label><lastAccessed>-1</lastAccessed><libraryId>865bccdd-dc69-476f-8fe5-ce0ed19da97b</libraryId><links><href>https://preview.hclconnections.net/wikis/basic/api/wiki/865bccdd-dc69-476f-8fe5-ce0ed19da97b/page/72d23bc0-8b5f-4f54-8f5e-343aec9241f5/attachment/9704d7f4-92a1-4685-a1bb-64da0f64e07f/entry</href><rel>self</rel><type></type><title></title></links><links><href>https://preview.hclconnections.net/wikis/basic/anonymous/api/wiki/865bccdd-dc69-476f-8fe5-ce0ed19da97b/page/72d23bc0-8b5f-4f54-8f5e-343aec9241f5/attachment/9704d7f4-92a1-4685-a1bb-64da0f64e07f/media/5438.jpg</href><rel>alternate</rel><type></type><title></title></links><links><href>https://preview.hclconnections.net/wikis/basic/api/wiki/865bccdd-dc69-476f-8fe5-ce0ed19da97b/page/72d23bc0-8b5f-4f54-8f5e-343aec9241f5/attachment/9704d7f4-92a1-4685-a1bb-64da0f64e07f/entry</href><rel>edit</rel><type></type><title></title></links><links><href>https://preview.hclconnections.net/wikis/basic/api/wiki/865bccdd-dc69-476f-8fe5-ce0ed19da97b/page/72d23bc0-8b5f-4f54-8f5e-343aec9241f5/attachment/9704d7f4-92a1-4685-a1bb-64da0f64e07f/media</href><rel>edit-media</rel><type></type><title></title></links><links><href>https://preview.hclconnections.net/wikis/basic/anonymous/api/wiki/865bccdd-dc69-476f-8fe5-ce0ed19da97b/page/72d23bc0-8b5f-4f54-8f5e-343aec9241f5/attachment/9704d7f4-92a1-4685-a1bb-64da0f64e07f/media/5438.jpg</href><rel>enclosure</rel><type>image/jpeg</type><title>5438.jpg</title></links><modified>1607418064382</modified><modifier><email>jjones2@cxn.pnp-hcl.com</email><name>Joe Jones2</name><userId>79ee1072-70dd-103a-93bf-8d3917e85f22</userId><userState>active</userState><role></role><external>false</external><guid></guid></modifier><published>1607418064382</published><summary><content></content><type>text</type><src></src></summary><title><content>5438.jpg</content><type>text</type><src></src></title><updated>1607418064382</updated><uuid>9704d7f4-92a1-4685-a1bb-64da0f64e07f</uuid><parentUuid>72d23bc0-8b5f-4f54-8f5e-343aec9241f5</parentUuid></attachments><content><content><![CDATA[<?xml version="1.0" encoding="UTF-8"?><!DOCTYPE html [<!ENTITY amp "&#38;#38;"><!ENTITY lt "&#60;#60;"><!ENTITY gt "&#62;#62;"><!ENTITY nbsp "&#160;"><!ENTITY apos "&#39;"><!ENTITY quot "&#34;">]><div><p dir="ltr">consectetur adipiscing elit, sed do eiusmod tempor incididunt ut labore et dolore magna aliqua. Ut enim ad minim veniam, quis nostrud exercitation ullamco laboris nisi ut aliquip ex ea commodo consequat. Duis aute irure dolor in reprehenderit in voluptate velit esse cillum dolore eu fugiat nulla pariatur. Excepteur sint occaecat cupidatat non proident, sunt in culpa qui officia deserunt mollit anim id est laborum.consectetur adipiscing elit, sed do eiusmod tempor incididunt ut labore et dolore magna aliqua. Ut enim ad minim veniam, quis nostrud exercitation ullamco laboris nisi ut aliquip ex ea commodo consequat. Duis aute irure dolor in reprehenderit in voluptate velit esse cillum dolore eu fugiat nulla pariatur. Excepteur sint occaecat cupidatat non proident, sunt in culpa qui officia deserunt mollit anim id est laborum.</p>

<p dir="ltr">consectetur adipiscing elit, sed do eiusmod tempor incididunt ut labore et dolore magna aliqua. Ut enim ad minim veniam, quis nostrud exercitation ullamco laboris nisi ut aliquip ex ea commodo consequat. Duis aute irure dolor in reprehenderit in voluptate velit esse cillum dolore eu fugiat nulla pariatur. Excepteur sint occaecat cupidatat non proident, sunt in culpa qui officia deserunt mollit anim id est laborum.</p>

<p dir="ltr">consectetur adipiscing elit, sed do eiusmod tempor incididunt ut labore et dolore magna aliqua. Ut enim ad minim veniam, quis nostrud exercitation ullamco laboris nisi ut aliquip ex ea commodo consequat. Duis aute irure dolor in reprehenderit in voluptate velit esse cillum dolore eu fugiat nulla pariatur. Excepteur sint occaecat cupidatat non proident, sunt in culpa qui officia deserunt mollit anim id est laborum.</p></div>]]></content><type>text/html</type></content><created>1607417911346</created><id>urn:lsid:ibm.com:td:72d23bc0-8b5f-4f54-8f5e-343aec9241f5</id><label>Lorem ipsum dolor sit amet</label><links><href>https://preview.hclconnections.net/wikis/basic/api/wiki/W8b12d474dab5_4347_9188_25b9d6c76ff5/page/Lorem%20ipsum%20dolor%20sit%20amet/entry</href><rel>self</rel><type></type><title></title></links><links><href>https://preview.hclconnections.net/wikis/home/wiki/W8b12d474dab5_4347_9188_25b9d6c76ff5/page/Lorem%20ipsum%20dolor%20sit%20amet</href><rel>alternate</rel><type>text/html</type><title></title></links><links><href>https://preview.hclconnections.net/wikis/basic/api/wiki/W8b12d474dab5_4347_9188_25b9d6c76ff5/page/Lorem%20ipsum%20dolor%20sit%20amet/entry</href><rel>edit</rel><type></type><title></title></links><links><href>https://preview.hclconnections.net/wikis/basic/api/wiki/865bccdd-dc69-476f-8fe5-ce0ed19da97b/page/72d23bc0-8b5f-4f54-8f5e-343aec9241f5/media</href><rel>edit-media</rel><type></type><title></title></links><links><href><![CDATA[https://preview.hclconnections.net/wikis/basic/anonymous/api/wiki/865bccdd-dc69-476f-8fe5-ce0ed19da97b/page/72d23bc0-8b5f-4f54-8f5e-343aec9241f5/media/Lorem%20ipsum%20dolor%20sit%20amet?convertTo=html&errorPage=true&f=Lorem%20ipsum%20dolor%20sit%20amet]]></href><rel>enclosure</rel><type>application/xhtml+xml</type><title>Lorem ipsum dolor sit amet</title></links><links><href>https://preview.hclconnections.net/wikis/basic/api/wiki/865bccdd-dc69-476f-8fe5-ce0ed19da97b/page/72d23bc0-8b5f-4f54-8f5e-343aec9241f5/entry</href><rel>related</rel><type></type><title></title></links><links><href>https://preview.hclconnections.net/wikis/basic/api/wiki/865bccdd-dc69-476f-8fe5-ce0ed19da97b/page/72d23bc0-8b5f-4f54-8f5e-343aec9241f5/feed</href><rel>replies</rel><type>application/atom+xml</type><title></title></links><modified>1607417911346</modified><modifier><email>jjones2@cxn.pnp-hcl.com</email><name>Joe Jones2</name><userId>79ee1072-70dd-103a-93bf-8d3917e85f22</userId><userState>active</userState><role></role><external>false</external><guid></guid></modifier><propagation>false</propagation><published>1607417911346</published><ranks><count>0</count><scheme>http://www.ibm.com/xmlns/prod/sn/recommendations</scheme></ranks><ranks><count>0</count><scheme>http://www.ibm.com/xmlns/prod/sn/comment</scheme></ranks><ranks><count>2</count><scheme>http://www.ibm.com/xmlns/prod/sn/hit</scheme></ranks><ranks><count>2</count><scheme>http://www.ibm.com/xmlns/prod/sn/anonymous_hit</scheme></ranks><ranks><count>0</count><scheme>http://www.ibm.com/xmlns/prod/sn/share</scheme></ranks><ranks><count>0</count><scheme>http://www.ibm.com/xmlns/prod/sn/collections</scheme></ranks><ranks><count>1</count><scheme>http://www.ibm.com/xmlns/prod/sn/attachments</scheme></ranks><ranks><count>1</count><scheme>http://www.ibm.com/xmlns/prod/sn/versions</scheme></ranks><summary><content>consectetur adipiscing elit, sed do eiusmod tempor incididunt ut labore et dolore magna aliqua. Ut enim ad minim veniam, quis nostrud exercitation ullamco laboris nisi ut aliquip ex ea commodo consequat. Duis aute irure dolor in reprehenderit in voluptate velit esse cillum dolore eu fugiat nulla pariatur. Excepteur sint occaecat cupidatat non proident, sunt in culpa qui officia deserunt mollit anim id est laborum.consectetur adipiscing elit, sed do eiusmod tempor incididunt ut labore et dolore magna aliqua. Ut enim ad minim veniam, quis nostrud exercitation ullamco laboris nisi ut aliquip ex ea commodo consequat. Duis aute irure dolor in reprehenderit in voluptate velit esse cillum dolore eu fugiat nulla pariatur. Excepteur sint occaecat cupidatat non proident, sunt in culpa qui officia deserunt mollit anim id est laborum. consectetur adipiscing elit, sed do eiusmod tempor incididunt ut labore et dolore magna aliqua. Ut enim ad minim veniam, quis nostrud exercitation ullamco laboris nisi ut aliquip ex ea commodo consequat. Duis aute irure dolor in reprehenderit in voluptate velit esse cillum dolore eu fugiat nulla pariatur. Excepteur sint occaecat cupidatat non proident, sunt in culpa qui officia deserunt mollit anim id est laborum. consectetur adipiscing elit, sed do eiusmod tempor incididunt ut labore et dolore magna aliqua. Ut enim ad minim veniam, quis nostrud exercitation ullamco laboris nisi ut aliquip ex ea commodo consequat. Duis aute irure dolor in reprehenderit in voluptate velit esse cillum dolore eu fugiat nulla pariatur. Excepteur sint occaecat cupidatat non proident, sunt in culpa qui officia deserunt mollit anim id est laborum.</content><type>text</type><src></src></summary><title><content>Lorem ipsum dolor sit amet</content><type>text</type><src></src></title><totalMediaSize>691019</totalMediaSize><updated>1607418064384</updated><uuid>72d23bc0-8b5f-4f54-8f5e-343aec9241f5</uuid><parentUuid xmlns:xsi="http://www.w3.org/2001/XMLSchema-instance" xsi:nil="true"></parentUuid><containerUuid>W8b12d474dab5_4347_9188_25b9d6c76ff5</containerUuid><versionLabel>1</versionLabel><versionUuid>d78c7c23-ae3c-4398-be92-2ce139700633</versionUuid><visibility>public</visibility></wikiPage>