<?xml version="1.0" encoding="UTF-8"?><forum><author><email>jjones2@cxn.pnp-hcl.com</email><name>Joe Jones2</name><userId>79ee1072-70dd-103a-93bf-8d3917e85f22</userId><userState>active</userState><role></role><external>false</external><guid></guid></author><contributor><email>jjones2@cxn.pnp-hcl.com</email><name>Joe Jones2</name><userId>79ee1072-70dd-103a-93bf-8d3917e85f22</userId><userState>active</userState><role></role><external>false</external><guid></guid></contributor><category><label></label><scheme>http://www.ibm.com/xmlns/prod/sn/type</scheme><term>forum-forum</term></category><content><content></content><type>text</type><src></src></content><id>1af505b0-7606-4ca1-8e89-05559a208182</id><uuid>1af505b0-7606-4ca1-8e89-05559a208182</uuid><parentUuid xmlns:xsi="http://www.w3.org/2001/XMLSchema-instance" xsi:nil="true"></parentUuid><links><href>https://preview.hclconnections.net/forums/atom/forum?forumUuid=1af505b0-7606-4ca1-8e89-05559a208182</href><rel>self</rel><type>application/atom+xml</type><title></title></links><links><href>https://preview.hclconnections.net/forums/atom/forum?forumUuid=1af505b0-7606-4ca1-8e89-05559a208182</href><rel>edit</rel><type>application/atom+xml</type><title></title></links><links><href>https://preview.hclconnections.net/forums/html/forum?id=1af505b0-7606-4ca1-8e89-05559a208182</href><rel>alternate</rel><type>text/html</type><title></title></links><links><href>https://preview.hclconnections.net/forums/atom/topics?forumUuid=1af505b0-7606-4ca1-8e89-05559a208182</href><rel>replies</rel><type>application/atom+xml</type><title></title></links><links><href>https://preview.hclconnections.net/forums/atom/acl?forumUuid=1af505b0-7606-4ca1-8e89-05559a208182</href><rel>http://www.ibm.com/xmlns/prod/sn/member-list</rel><type>application/atom+xml</type><title></title></links><links><href>https://preview.hclconnections.net/forums/atom/service?forumUuid=1af505b0-7606-4ca1-8e89-05559a208182</href><rel>service</rel><type>application/atomsvc+xml</type><title>Atom Publishing Protocol</title></links><links><href>http://preview.hclconnections.net/communities/service/atom/community/instance?communityUuid=27372e34-55aa-408e-86bb-b10b622f26b4</href><rel>http://www.ibm.com/xmlns/prod/sn/container</rel><type>application/atom+xml</type><title></title></links><published>1600201032462</published><title><content>Car Expo 2020</content><type>text</type><src></src></title><updated>1607417037643</updated><topics><author><email>jjones2@cxn.pnp-hcl.com</email><name>Joe Jones2</name><userId>79ee1072-70dd-103a-93bf-8d3917e85f22</userId><userState>active</userState><role></role><external>false</external><guid></guid></author><category><label></label><scheme>http://www.ibm.com/xmlns/prod/sn/type</scheme><term>forum-topic</term></category><content><content><![CDATA[
    <p dir="ltr">
      <img alt="Pineapple" src="https://images.unsplash.com/flagged/photo-1579782647395-2e6fb36a64f2?ixlib&#61;rb-1.2.1&amp;auto&#61;format&amp;fit&#61;crop&amp;w&#61;3159&amp;q&#61;80" style="width:400px;margin-right:15px" />
    </p>
    <p class="main-t" dir="ltr">
      <span style="font-size:14px"><b>Lorem ipsum dolor sit amet, consectetur adipiscing elit, sed do eiusmod tempor incididunt ut labore et dolore magna aliqua. Ut enim ad minim veniam, quis nostrud exercitation ullamco laboris nisi ut aliquip ex ea commodo consequat. Duis aute irure dolor in</b></span>
    </p>
    <p class="para-t" dir="ltr">
      Lorem ipsum dolor sit amet, consectetur adipiscing elit. Phasellus imperdiet, nulla et dictum interdum, nisi lorem egestas odio, vitae scelerisque enim ligula venenatis dolor. Maecenas nisl est, ultrices nec congue eget, auctor vitae massa. Fusce luctus vestibulum augue ut aliquet. Mauris ante ligula, facilisis sed ornare eu, lobortis in odio. Praesent convallis urna a lacus interdum ut hendrerit risus congue. Nunc sagittis dictum nisi, sed ullamcorper ipsum dignissim ac. In at libero sed nunc venenatis imperdiet sed ornare turpis. Donec vitae dui eget tellus gravida venenatis. Integer fringilla congue eros non fermentum. Sed dapibus pulvinar nibh tempor porta. Cras ac leo purus. Mauris quis diam velit.
    </p>
    <p dir="ltr">
       
    </p>]]></content><type>html</type><src></src></content><id>urn:lsid:ibm.com:forum:c3509dad-d6c3-4fa1-a034-e8337a8abdf1</id><uuid>c3509dad-d6c3-4fa1-a034-e8337a8abdf1</uuid><parentUuid>1af505b0-7606-4ca1-8e89-05559a208182</parentUuid><links><href>https://preview.hclconnections.net/forums/atom/recommendation/entries?postUuid=c3509dad-d6c3-4fa1-a034-e8337a8abdf1</href><rel>recommendations</rel><type>application/atom+xml</type><title></title></links><links><href>https://preview.hclconnections.net/forums/atom/topic?topicUuid=c3509dad-d6c3-4fa1-a034-e8337a8abdf1</href><rel>self</rel><type>application/atom+xml</type><title></title></links><links><href>https://preview.hclconnections.net/forums/atom/topic?topicUuid=c3509dad-d6c3-4fa1-a034-e8337a8abdf1</href><rel>edit</rel><type>application/atom+xml</type><title></title></links><links><href>https://preview.hclconnections.net/forums/html/topic?id=c3509dad-d6c3-4fa1-a034-e8337a8abdf1</href><rel>alternate</rel><type>text/html</type><title></title></links><links><href>https://preview.hclconnections.net/forums/atom/replies?topicUuid=c3509dad-d6c3-4fa1-a034-e8337a8abdf1</href><rel>replies</rel><type>application/atom+xml</type><title></title></links><links><href>http://preview.hclconnections.net/communities/service/atom/community/instance?communityUuid=27372e34-55aa-408e-86bb-b10b622f26b4</href><rel>http://www.ibm.com/xmlns/prod/sn/container</rel><type>application/atom+xml</type><title></title></links><published>1600756551593</published><title><content>Lorem Ipsum</content><type>text</type><src></src></title><updated>1600756551593</updated><containerUuid>1af505b0-7606-4ca1-8e89-05559a208182</containerUuid><locked xmlns:xsi="http://www.w3.org/2001/XMLSchema-instance" xsi:nil="true"></locked><pinned xmlns:xsi="http://www.w3.org/2001/XMLSchema-instance" xsi:nil="true"></pinned><question xmlns:xsi="http://www.w3.org/2001/XMLSchema-instance" xsi:nil="true"></question><NotRecommendedByCurrentUser><label></label><scheme>http://www.ibm.com/xmlns/prod/sn/flags</scheme><term>NotRecommendedByCurrentUser</term></NotRecommendedByCurrentUser><answered xmlns:xsi="http://www.w3.org/2001/XMLSchema-instance" xsi:nil="true"></answered></topics><topics><author><email>jjones2@cxn.pnp-hcl.com</email><name>Joe Jones2</name><userId>79ee1072-70dd-103a-93bf-8d3917e85f22</userId><userState>active</userState><role></role><external>false</external><guid></guid></author><category><label></label><scheme>http://www.ibm.com/xmlns/prod/sn/type</scheme><term>forum-topic</term></category><content><content><![CDATA[
    <p dir="ltr" style="font-weight:bold">
      Lorem ipsum dolor sit amet, consectetur adipiscing elit, sed do eiusmod tempor incididunt ut labore et dolore magna aliqua. Ut enim ad minim veniam, quis nostrud exercitation ullamco laboris nisi ut aliquip ex ea commodo consequat. Duis aute irure dolor in
    </p>
    <p dir="ltr">
      Lorem ipsum dolor sit amet, consectetur adipiscing elit. Phasellus imperdiet, nulla et dictum interdum, nisi lorem egestas odio, vitae scelerisque enim ligula venenatis dolor. Maecenas nisl est, ultrices nec congue eget, auctor vitae massa. Fusce luctus vestibulum augue ut aliquet. Mauris ante ligula, facilisis sed ornare eu, lobortis in odio. Praesent convallis urna a lacus interdum ut hendrerit risus congue. Nunc sagittis dictum nisi, sed ullamcorper ipsum dignissim ac. In at libero sed nunc venenatis imperdiet sed ornare turpis. Donec vitae dui eget tellus gravida venenatis. Integer fringilla congue eros non fermentum. Sed dapibus pulvinar nibh tempor porta. Cras ac leo purus. Mauris quis diam velit.
    </p>]]></content><type>html</type><src></src></content><id>urn:lsid:ibm.com:forum:9de82bf4-ce7c-4d2c-9932-70cbc7d204c2</id><uuid>9de82bf4-ce7c-4d2c-9932-70cbc7d204c2</uuid><parentUuid>1af505b0-7606-4ca1-8e89-05559a208182</parentUuid><links><href>https://preview.hclconnections.net/forums/atom/recommendation/entries?postUuid=9de82bf4-ce7c-4d2c-9932-70cbc7d204c2</href><rel>recommendations</rel><type>application/atom+xml</type><title></title></links><links><href>https://preview.hclconnections.net/forums/atom/topic?topicUuid=9de82bf4-ce7c-4d2c-9932-70cbc7d204c2</href><rel>self</rel><type>application/atom+xml</type><title></title></links><links><href>https://preview.hclconnections.net/forums/atom/topic?topicUuid=9de82bf4-ce7c-4d2c-9932-70cbc7d204c2</href><rel>edit</rel><type>application/atom+xml</type><title></title></links><links><href>https://preview.hclconnections.net/forums/html/topic?id=9de82bf4-ce7c-4d2c-9932-70cbc7d204c2</href><rel>alternate</rel><type>text/html</type><title></title></links><links><href>https://preview.hclconnections.net/forums/atom/replies?topicUuid=9de82bf4-ce7c-4d2c-9932-70cbc7d204c2</href><rel>replies</rel><type>application/atom+xml</type><title></title></links><links><href>http://preview.hclconnections.net/communities/service/atom/community/instance?communityUuid=27372e34-55aa-408e-86bb-b10b622f26b4</href><rel>http://www.ibm.com/xmlns/prod/sn/container</rel><type>application/atom+xml</type><title></title></links><published>1607416975244</published><title><content>Lorem ipsum dolor sit ame</content><type>text</type><src></src></title><updated>1607416975244</updated><containerUuid>1af505b0-7606-4ca1-8e89-05559a208182</containerUuid><locked xmlns:xsi="http://www.w3.org/2001/XMLSchema-instance" xsi:nil="true"></locked><pinned xmlns:xsi="http://www.w3.org/2001/XMLSchema-instance" xsi:nil="true"></pinned><question xmlns:xsi="http://www.w3.org/2001/XMLSchema-instance" xsi:nil="true"></question><NotRecommendedByCurrentUser><label></label><scheme>http://www.ibm.com/xmlns/prod/sn/flags</scheme><term>NotRecommendedByCurrentUser</term></NotRecommendedByCurrentUser><answered xmlns:xsi="http://www.w3.org/2001/XMLSchema-instance" xsi:nil="true"></answered></topics><topics><author><email>jjones2@cxn.pnp-hcl.com</email><name>Joe Jones2</name><userId>79ee1072-70dd-103a-93bf-8d3917e85f22</userId><userState>active</userState><role></role><external>false</external><guid></guid></author><category><label></label><scheme>http://www.ibm.com/xmlns/prod/sn/type</scheme><term>forum-topic</term></category><content><content><![CDATA[
    <p dir="ltr">
      Lorem ipsum dolor sit amet, consectetur adipiscing elit, sed do eiusmod tempor incididunt ut labore et dolore magna aliqua
    </p>
    <p dir="ltr">
      Duis aute irure dolor in reprehenderit in voluptate velit esse cillum dolore eu fugiat nulla pariatur. Excepteur sint occaecat cupidatat non proident, sunt in culpa qui officia deserunt mollit anim id est laborum.
    </p>
    <p dir="ltr">
      Duis aute irure dolor in reprehenderit in voluptate velit esse cillum dolore eu fugiat nulla pariatur. Excepteur sint occaecat cupidatat non proident, sunt in culpa qui officia deserunt mollit anim id est laborum.
    </p>]]></content><type>html</type><src></src></content><id>urn:lsid:ibm.com:forum:07454cc6-48d4-48d1-98be-7e809a819bb1</id><uuid>07454cc6-48d4-48d1-98be-7e809a819bb1</uuid><parentUuid>1af505b0-7606-4ca1-8e89-05559a208182</parentUuid><links><href>https://preview.hclconnections.net/forums/atom/recommendation/entries?postUuid=07454cc6-48d4-48d1-98be-7e809a819bb1</href><rel>recommendations</rel><type>application/atom+xml</type><title></title></links><links><href>https://preview.hclconnections.net/forums/atom/topic?topicUuid=07454cc6-48d4-48d1-98be-7e809a819bb1</href><rel>self</rel><type>application/atom+xml</type><title></title></links><links><href>https://preview.hclconnections.net/forums/atom/topic?topicUuid=07454cc6-48d4-48d1-98be-7e809a819bb1</href><rel>edit</rel><type>application/atom+xml</type><title></title></links><links><href>https://preview.hclconnections.net/forums/html/topic?id=07454cc6-48d4-48d1-98be-7e809a819bb1</href><rel>alternate</rel><type>text/html</type><title></title></links><links><href>https://preview.hclconnections.net/forums/atom/replies?topicUuid=07454cc6-48d4-48d1-98be-7e809a819bb1</href><rel>replies</rel><type>application/atom+xml</type><title></title></links><links><href>http://preview.hclconnections.net/communities/service/atom/community/instance?communityUuid=27372e34-55aa-408e-86bb-b10b622f26b4</href><rel>http://www.ibm.com/xmlns/prod/sn/container</rel><type>application/atom+xml</type><title></title></links><published>1607417037643</published><title><content>Lorem Ipsum</content><type>text</type><src></src></title><updated>1607417037643</updated><containerUuid>1af505b0-7606-4ca1-8e89-05559a208182</containerUuid><locked xmlns:xsi="http://www.w3.org/2001/XMLSchema-instance" xsi:nil="true"></locked><pinned xmlns:xsi="http://www.w3.org/2001/XMLSchema-instance" xsi:nil="true"></pinned><question xmlns:xsi="http://www.w3.org/2001/XMLSchema-instance" xsi:nil="true"></question><NotRecommendedByCurrentUser><label></label><scheme>http://www.ibm.com/xmlns/prod/sn/flags</scheme><term>NotRecommendedByCurrentUser</term></NotRecommendedByCurrentUser><answered xmlns:xsi="http://www.w3.org/2001/XMLSchema-instance" xsi:nil="true"></answered></topics><communityUuid>27372e34-55aa-408e-86bb-b10b622f26b4</communityUuid><icVersion>60</icVersion><state>active</state></forum>